canonical	facet	parent_category	parent_source	provenance	confidence	aat_id	llm_note
"""pismo'"	material	(unrolled)	self	self	unrolled		
' brocatelle'	material	(unrolled)	self	self	unrolled		
'barbotine' enamel	material	(unrolled)	self	self	unrolled	300014910	
'brocatelle' damask	material	(unrolled)	self	self	unrolled	300163295	
'enea'	material	(unrolled)	self	self	unrolled		
(and cotton?	material	(unrolled)	self	self	unrolled		
12 inch vinyl record	material	(unrolled)	self	self	unrolled		
17th-century blanc de chine porcelain figure	material	(unrolled)	self	self	unrolled		
1watercolor	material	(unrolled)	self	self	unrolled		
2)	material	(unrolled)	self	self	unrolled		
2/2 twill	material	(unrolled)	self	self	unrolled	300227915	
20-page book	material	(unrolled)	self	self	unrolled		
2:1 twill	material	(unrolled)	self	self	unrolled	300227915	
2:1 twill ground	material	(unrolled)	self	self	unrolled	300015297	
2:1 twill lampa	material	(unrolled)	self	self	unrolled		
2:1 warp-faced lampas damask	material	(unrolled)	self	self	unrolled	300163295	
35mm film	material	(unrolled)	self	self	unrolled	300014637	
3:1 twill lampa	material	(unrolled)	self	self	unrolled		
4:1 satin lampa	material	(unrolled)	self	self	unrolled		
500gsm somerset satin	material	(unrolled)	self	self	unrolled	300132902	
6th plate daguerrotype in cloth covered case	material	(unrolled)	self	self	unrolled		
8-ply silk crepe	material	(unrolled)	self	self	unrolled	300183741	
[cotton?]	material	(unrolled)	self	self	unrolled		
a	material	(unrolled)	self	self	unrolled		
a&b) black wool c) white pique	material	(unrolled)	self	self	unrolled		
a&b) wool gauze	material	(unrolled)	self	self	unrolled	300014083	
a)	material	(unrolled)	self	self	unrolled		
a) gold tray	material	(unrolled)	self	self	unrolled		
a) opaque watercolor	material	(unrolled)	self	self	unrolled		
a) red crayon	material	(unrolled)	self	self	unrolled		
a) silk surah b) cord	material	(unrolled)	self	self	unrolled	300014247	
a) tulle	material	(unrolled)	self	self	unrolled	300256611	
a) wool double knit	material	(unrolled)	self	self	unrolled		
a)black silk slipper satin	material	(unrolled)	self	self	unrolled	300132902	
a)olive corduroy b) olive wool knit	material	(unrolled)	self	self	unrolled		
a)plum paisley mousseline b)plum plaid poly jersey	material	(unrolled)	self	self	unrolled	300417884	
a)white beaded linen b) linen	material	(unrolled)	self	self	unrolled	300014069	
a. t. tissue	material	(unrolled)	self	self	unrolled		
a.t. tissue	material	(unrolled)	self	self	unrolled		
abaca	material	(unrolled)	self	self	unrolled		
abaca fiber	material	(unrolled)	self	self	unrolled		
abalone	material	(unrolled)	self	self	unrolled		
abalone button	material	(unrolled)	self	self	unrolled		
abalone inlay	material	(unrolled)	self	self	unrolled	300053850	
abalone shell	material	(unrolled)	self	self	unrolled	300011833	
abalone shells white trade bead	material	(unrolled)	self	self	unrolled	300261776	
abolone	material	(unrolled)	self	self	unrolled		
abraded	material	(unrolled)	self	self	unrolled		
abru	material	(unrolled)	self	self	unrolled		
accessory object	material	(unrolled)	self	self	unrolled		
accordian pleated gold lame	material	(unrolled)	self	self	unrolled		
acetate blend satin weave	material	(unrolled)	self	self	unrolled		
acetate complex weave	material	(unrolled)	self	self	unrolled		
acetate faille	material	(unrolled)	self	self	unrolled	300249448	
acetate lining	material	(unrolled)	self	self	unrolled	300162124	
acetate reproduction	material	(unrolled)	self	self	unrolled	300404313	
acetate ribbon	material	(unrolled)	self	self	unrolled	300014668	
acetate satin	material	(unrolled)	self	self	unrolled	300132902	
acetate satin ribbon	material	(unrolled)	self	self	unrolled	300014668	
acquatint	material	(unrolled)	self	self	unrolled		
acrylic blend knit	material	(unrolled)	self	self	unrolled		
acrylic cord	material	(unrolled)	self	self	unrolled	300014247	
acrylic crochet	material	(unrolled)	self	self	unrolled	300264038	
acrylic gloss varnish	material	(unrolled)	self	self	unrolled	300014974	
acrylic medium	material	(unrolled)	self	self	unrolled	300265461	
acrylic mounted in special plexi box	material	(unrolled)	self	self	unrolled		
acrylic paint addition	material	(unrolled)	self	self	unrolled		
acrylic paint mounted	material	(unrolled)	self	self	unrolled		
acrylic paint mounted to board	material	(unrolled)	self	self	unrolled		
acrylic plastic	material	(unrolled)	self	self	unrolled	300014570	
acrylic polymer	material	(unrolled)	self	self	unrolled		
acrylic sheet	material	(unrolled)	self	self	unrolled	300419474	
acrylic toner transfer	material	(unrolled)	self	self	unrolled	300417644	
acrylic yarn	material	(unrolled)	self	self	unrolled	300014252	
acrylilc	material	(unrolled)	self	self	unrolled		
added fixative	material	(unrolled)	self	self	unrolled	300015134	
added pastel	material	(unrolled)	self	self	unrolled	300311039	
additional white chalk	material	(unrolled)	self	self	unrolled	300011727	
additions in blue pencil	material	(unrolled)	self	self	unrolled	300410335	
additions in red felt-tip pen	material	(unrolled)	self	self	unrolled		
adhered fabric swatch	material	(unrolled)	self	self	unrolled		
adhesive	material	(unrolled)	self	self	unrolled	300014801	
adhesive residue	material	(unrolled)	self	self	unrolled		
adhesive tape	material	(unrolled)	self	self	unrolled	300310136	
adobe	material	(unrolled)	self	self	unrolled	300081138	
affixed to cardboard mount.watercolor	material	(unrolled)	self	self	unrolled		
affixed to sketchbook page	material	(unrolled)	self	self	unrolled		
affixed to wood pulp cardboard.	material	(unrolled)	self	self	unrolled		
african starling bird	material	(unrolled)	self	self	unrolled		
agate ware	material	(unrolled)	self	self	unrolled	300263406	
agate?	material	(unrolled)	self	self	unrolled		
agneau	material	(unrolled)	self	self	unrolled		
airbrushed acrylic	material	(unrolled)	self	self	unrolled	300014426	
alabaster	material	(unrolled)	self	self	unrolled	300011101	
alaska seal	material	(unrolled)	self	self	unrolled		
albatros	material	(unrolled)	self	self	unrolled		
album	material	(unrolled)	self	self	unrolled		
album page	material	(unrolled)	self	self	unrolled		
album sheet	material	(unrolled)	self	self	unrolled		
albumen cabinet card	material	(unrolled)	self	self	unrolled		
albumen photograph	material	(unrolled)	self	self	unrolled		
alencon type	material	(unrolled)	self	self	unrolled	300233629	
alkaline-glazed stoneware	material	(unrolled)	self	self	unrolled	300010672	
alkyd	material	(unrolled)	self	self	unrolled		
alkyd enamel	material	(unrolled)	self	self	unrolled	300014910	
all 5 folders are enclosed in a parchment auvergne-lined jacket which is blindstamped	material	(unrolled)	self	self	unrolled		
all color	material	(unrolled)	self	self	unrolled	300131647	
all within an aluminum sculpted box that opens from both side	material	(unrolled)	self	self	unrolled	300010289	
all-over black lettering	material	(unrolled)	self	self	unrolled	300053342	
alpaca appliqué	material	(unrolled)	self	self	unrolled		
alpaca cloth	material	(unrolled)	self	self	unrolled	300162391	
alpaca plain weave	material	(unrolled)	self	self	unrolled		
alpaca yarn?	material	(unrolled)	self	self	unrolled		
alpaca?	material	(unrolled)	self	self	unrolled		
alternate warp yarn	material	(unrolled)	self	self	unrolled	300014252	
alternating block	material	(unrolled)	self	self	unrolled		
aluminium	material	(unrolled)	self	self	unrolled		
aluminum	material	(unrolled)	self	self	unrolled		
aluminum box	material	(unrolled)	self	self	unrolled		
aluminum coating	material	(unrolled)	self	self	unrolled	300014907	
aluminum mesh	material	(unrolled)	self	self	unrolled	300014654	
aluminum metal thread supplementary weft patterning	material	(unrolled)	self	self	unrolled	300248891	
aluminum metalpoint	material	(unrolled)	self	self	unrolled	300404633	
aluminum monolith	material	(unrolled)	self	self	unrolled		
aluminum plates included	material	(unrolled)	self	self	unrolled		
amaranth	material	(unrolled)	self	self	unrolled		
amaranth carcase veneered	material	(unrolled)	self	self	unrolled		
amaranth mounted	material	(unrolled)	self	self	unrolled		
amazonite	material	(unrolled)	self	self	unrolled		
amber	material	(unrolled)	self	self	unrolled	300012934	
amber bead	material	(unrolled)	self	self	unrolled	300261776	
amber colored composition or tortoise	material	(unrolled)	self	self	unrolled		
amber glas	material	(unrolled)	self	self	unrolled		
amber stick	material	(unrolled)	self	self	unrolled		
amber?	material	(unrolled)	self	self	unrolled		
amethyst?	material	(unrolled)	self	self	unrolled		
and crochet lace	material	(unrolled)	self	self	unrolled	300132861	
and gray wash	material	(unrolled)	self	self	unrolled	300011051	
and opaque watercolor	material	(unrolled)	self	self	unrolled		
and pastel	material	(unrolled)	self	self	unrolled	300311039	
and pen	material	(unrolled)	self	self	unrolled		
and under brown-gray ink wash	material	(unrolled)	self	self	unrolled	300011051	
and under pastel	material	(unrolled)	self	self	unrolled	300311039	
andesite	material	(unrolled)	self	self	unrolled	300011213	
angora jersey	material	(unrolled)	self	self	unrolled	300417884	
aniline dye	material	(unrolled)	self	self	unrolled	300013094	
animal bone	material	(unrolled)	self	self	unrolled	300011798	
animal claw	material	(unrolled)	self	self	unrolled		
animal teeth	material	(unrolled)	self	self	unrolled	300400467	
ankle tie	material	(unrolled)	self	self	unrolled	300391271	
anodized aluminum	material	(unrolled)	self	self	unrolled		
antelope	material	(unrolled)	self	self	unrolled		
antique egyptian green serpentine porphyry	material	(unrolled)	self	self	unrolled	300011232	
antler	material	(unrolled)	self	self	unrolled	300011796	
aplaca	material	(unrolled)	self	self	unrolled		
appended typewritten caption	material	(unrolled)	self	self	unrolled		
appleton greenmoor sandstone	material	(unrolled)	self	self	unrolled	300011376	
applied braid trim	material	(unrolled)	self	self	unrolled		
applied brass disk	material	(unrolled)	self	self	unrolled		
applied cordage	material	(unrolled)	self	self	unrolled		
applied cotton fringe	material	(unrolled)	self	self	unrolled	300227830	
applied cotton netting	material	(unrolled)	self	self	unrolled	300053637	
applied cowrie shell	material	(unrolled)	self	self	unrolled	300011829	
applied element	material	(unrolled)	self	self	unrolled		
applied fabric fringe	material	(unrolled)	self	self	unrolled	300227830	
applied felt badge	material	(unrolled)	self	self	unrolled		
applied fringe	material	(unrolled)	self	self	unrolled	300227830	
applied galloon	material	(unrolled)	self	self	unrolled	300231784	
applied glass bead	material	(unrolled)	self	self	unrolled	300261776	
applied gold chain	material	(unrolled)	self	self	unrolled		
applied gold sequin	material	(unrolled)	self	self	unrolled		
applied green silk strip	material	(unrolled)	self	self	unrolled		
applied jewel	material	(unrolled)	self	self	unrolled		
applied metal bell	material	(unrolled)	self	self	unrolled		
applied metal coin	material	(unrolled)	self	self	unrolled		
applied metal disk	material	(unrolled)	self	self	unrolled		
applied mirror	material	(unrolled)	self	self	unrolled	300037690	
applied mother-of-pearl button	material	(unrolled)	self	self	unrolled		
applied plaiting	material	(unrolled)	self	self	unrolled		
applied pom-pom	material	(unrolled)	self	self	unrolled		
applied pompom	material	(unrolled)	self	self	unrolled		
applied rib	material	(unrolled)	self	self	unrolled		
applied ribbon	material	(unrolled)	self	self	unrolled	300014668	
applied satin petal	material	(unrolled)	self	self	unrolled		
applied sequin	material	(unrolled)	self	self	unrolled		
applied shell	material	(unrolled)	self	self	unrolled	300011829	
applied shell button	material	(unrolled)	self	self	unrolled		
applied silk braid	material	(unrolled)	self	self	unrolled	300232186	
applied silk ribbon	material	(unrolled)	self	self	unrolled	300014668	
applied silver gilt	material	(unrolled)	self	self	unrolled		
applied silver sequin	material	(unrolled)	self	self	unrolled		
applied stick	material	(unrolled)	self	self	unrolled		
applied tassel	material	(unrolled)	self	self	unrolled	300232185	
applied threading	material	(unrolled)	self	self	unrolled	300233415	
applied tie	material	(unrolled)	self	self	unrolled	300391271	
applied velvet binding	material	(unrolled)	self	self	unrolled	300421867	
applied vitreous element	material	(unrolled)	self	self	unrolled		
applique linen	material	(unrolled)	self	self	unrolled	300014069	
appliquéd cotton net	material	(unrolled)	self	self	unrolled	300249438	
appliquéd guatamalan cotton paired-thread warp-resist dyeing	material	(unrolled)	self	self	unrolled	300053049	
appliquéd silk braid	material	(unrolled)	self	self	unrolled	300232186	
aqatint	material	(unrolled)	self	self	unrolled		
aqua blue pineapple fiber	material	(unrolled)	self	self	unrolled		
aqua silk damask	material	(unrolled)	self	self	unrolled	300163295	
aqua taffeta	material	(unrolled)	self	self	unrolled	300249434	
aqutint	material	(unrolled)	self	self	unrolled		
arabescato marble base	material	(unrolled)	self	self	unrolled	300237910	
arche	material	(unrolled)	self	self	unrolled		
arches canson	material	(unrolled)	self	self	unrolled		
arches la	material	(unrolled)	self	self	unrolled		
arches satine	material	(unrolled)	self	self	unrolled		
arches special	material	(unrolled)	self	self	unrolled		
architectural design	material	(unrolled)	self	self	unrolled	300054171	
archival color pigment inkjet	material	(unrolled)	self	self	unrolled		
archival inkjet	material	(unrolled)	self	self	unrolled		
archival pigmented inkjet	material	(unrolled)	self	self	unrolled		
argentan bobbin lace	material	(unrolled)	self	self	unrolled	300132861	
argentan lace	material	(unrolled)	self	self	unrolled	300132861	
argillite	material	(unrolled)	self	self	unrolled	300011276	
arista semi-matte fiber paper in linen clamshell box	material	(unrolled)	self	self	unrolled		
arjomari	material	(unrolled)	self	self	unrolled		
arp patterining	material	(unrolled)	self	self	unrolled		
artificial flower b) chiffon	material	(unrolled)	self	self	unrolled	300249449	
artificial leather upper	material	(unrolled)	self	self	unrolled	300010291	
artificial leave	material	(unrolled)	self	self	unrolled		
artificial orange blossom	material	(unrolled)	self	self	unrolled		
artificial pearl	material	(unrolled)	self	self	unrolled	300011827	
artificial rose	material	(unrolled)	self	self	unrolled	300266244	
artificial stone	material	(unrolled)	self	self	unrolled	300010788	
artificial tortoiseshell stick	material	(unrolled)	self	self	unrolled		
artificial violet	material	(unrolled)	self	self	unrolled	300130602	
artist in yellow	material	(unrolled)	self	self	unrolled	300127794	
artist's book	material	(unrolled)	self	self	unrolled		
artist's measurement	material	(unrolled)	self	self	unrolled		
artist's proof	material	(unrolled)	self	self	unrolled		
artists' book	material	(unrolled)	self	self	unrolled		
ash	material	(unrolled)	self	self	unrolled	300011786	
ash-wood	material	(unrolled)	self	self	unrolled		
asphalt	material	(unrolled)	self	self	unrolled	300012966	
asphaltum	material	(unrolled)	self	self	unrolled	300013342	
asphaltum smear	material	(unrolled)	self	self	unrolled		
astrakan	material	(unrolled)	self	self	unrolled		
athletic tape	material	(unrolled)	self	self	unrolled	300014685	
attached wool fringe	material	(unrolled)	self	self	unrolled	300227830	
audio tape	material	(unrolled)	self	self	unrolled	300014685	
aulfoil	material	(unrolled)	self	self	unrolled		
author in green	material	(unrolled)	self	self	unrolled	300128438	
autochrome	material	(unrolled)	self	self	unrolled		
autograph additions in graphite	material	(unrolled)	self	self	unrolled	300011098	
azurite	material	(unrolled)	self	self	unrolled	300013184	
b genoa or english bobin guipure lace	material	(unrolled)	self	self	unrolled	300132861	
b) graphite	material	(unrolled)	self	self	unrolled	300011098	
b) jade cup	material	(unrolled)	self	self	unrolled		
b) nephrite cup	material	(unrolled)	self	self	unrolled		
b) shell	material	(unrolled)	self	self	unrolled	300011829	
b/w	material	(unrolled)	self	self	unrolled		
baby ruth candy wrapper	material	(unrolled)	self	self	unrolled		
back in black	material	(unrolled)	self	self	unrolled	300130920	
back: cotton tabby	material	(unrolled)	self	self	unrolled	300010423	
back: silk tabby	material	(unrolled)	self	self	unrolled	300010423	
background	material	(unrolled)	self	self	unrolled	300056369	
badie dye	material	(unrolled)	self	self	unrolled	300013029	
baked clay	material	(unrolled)	self	self	unrolled	300010439	
baked porcelain enamel	material	(unrolled)	self	self	unrolled	300014910	
bakelite	material	(unrolled)	self	self	unrolled	300014544	
baketry	material	(unrolled)	self	self	unrolled		
balanced plain weave	material	(unrolled)	self	self	unrolled		
balanced plain weave lining	material	(unrolled)	self	self	unrolled	300162124	
baleen - whale	material	(unrolled)	self	self	unrolled		
baleen stay	material	(unrolled)	self	self	unrolled		
ball	material	(unrolled)	self	self	unrolled		
ball point pen	material	(unrolled)	self	self	unrolled		
ball point pen by the artist	material	(unrolled)	self	self	unrolled		
ball-point pen studie	material	(unrolled)	self	self	unrolled		
ballpoint pen	material	(unrolled)	self	self	unrolled		
bamboo bast fiber	material	(unrolled)	self	self	unrolled		
bamboo bead	material	(unrolled)	self	self	unrolled	300261776	
bamboo fiber	material	(unrolled)	self	self	unrolled		
bamboo frame	material	(unrolled)	self	self	unrolled		
bamboo handle	material	(unrolled)	self	self	unrolled		
bamboo stick	material	(unrolled)	self	self	unrolled		
banana	material	(unrolled)	self	self	unrolled		
banana fiber	material	(unrolled)	self	self	unrolled		
banana leave	material	(unrolled)	self	self	unrolled		
banana sheath fiber	material	(unrolled)	self	self	unrolled		
banboo	material	(unrolled)	self	self	unrolled		
baobab nut	material	(unrolled)	self	self	unrolled		
bar weave	material	(unrolled)	self	self	unrolled		
bark cloth	material	(unrolled)	self	self	unrolled	300048116	
bark fiber	material	(unrolled)	self	self	unrolled		
barnacle	material	(unrolled)	self	self	unrolled		
basalt	material	(unrolled)	self	self	unrolled	300011222	
basalt ware	material	(unrolled)	self	self	unrolled	300244578	
basaltes ware	material	(unrolled)	self	self	unrolled	300244578	
base	material	(unrolled)	self	self	unrolled	300237910	
base metal fastener	material	(unrolled)	self	self	unrolled		
basse-taille enamel	material	(unrolled)	self	self	unrolled	300014910	
basse-taille enameled	material	(unrolled)	self	self	unrolled		
basswood	material	(unrolled)	self	self	unrolled		
bast fiber lining	material	(unrolled)	self	self	unrolled	300162124	
batiste or linen	material	(unrolled)	self	self	unrolled	300014069	
battenberg lace	material	(unrolled)	self	self	unrolled	300256578	
battenberg machine-made tape lace	material	(unrolled)	self	self	unrolled	300132861	
beaded chenille fringe.	material	(unrolled)	self	self	unrolled		
beaded fringe	material	(unrolled)	self	self	unrolled	300227830	
beaded satin	material	(unrolled)	self	self	unrolled	300132902	
beaded silk net	material	(unrolled)	self	self	unrolled	300249438	
beaded silk net fringe	material	(unrolled)	self	self	unrolled	300227830	
beaded silk tulle	material	(unrolled)	self	self	unrolled	300256611	
beads slip: silk charmeuse	material	(unrolled)	self	self	unrolled	300417872	
beanwood	material	(unrolled)	self	self	unrolled		
bear gras	material	(unrolled)	self	self	unrolled		
beargras	material	(unrolled)	self	self	unrolled		
beaten indigo	material	(unrolled)	self	self	unrolled	300013055	
beauvais silk tapestry	material	(unrolled)	self	self	unrolled	300061981	
beaver felt	material	(unrolled)	self	self	unrolled	300014107	
beaver fur collar	material	(unrolled)	self	self	unrolled		
beaver fur felt	material	(unrolled)	self	self	unrolled	300014107	
beaver plush	material	(unrolled)	self	self	unrolled	300227875	
bed ticking	material	(unrolled)	self	self	unrolled	300227910	
bee colony	material	(unrolled)	self	self	unrolled		
beech carcase	material	(unrolled)	self	self	unrolled		
beechwood	material	(unrolled)	self	self	unrolled		
beeswax	material	(unrolled)	self	self	unrolled	300014588	
beiderwand woven double cloth	material	(unrolled)	self	self	unrolled	300162391	
beige & white wool tweed	material	(unrolled)	self	self	unrolled	300132867	
beige chine applique	material	(unrolled)	self	self	unrolled		
beige cloth	material	(unrolled)	self	self	unrolled	300162391	
beige linen	material	(unrolled)	self	self	unrolled	300014069	
beige linen covered board	material	(unrolled)	self	self	unrolled		
beige morocco	material	(unrolled)	self	self	unrolled		
beige plush	material	(unrolled)	self	self	unrolled	300227875	
beige satin	material	(unrolled)	self	self	unrolled	300132902	
beige silk crepe	material	(unrolled)	self	self	unrolled	300183741	
beige silk shantung	material	(unrolled)	self	self	unrolled		
beige slip	material	(unrolled)	self	self	unrolled	300010459	
beige snakeskin	material	(unrolled)	self	self	unrolled		
beige wrapper	material	(unrolled)	self	self	unrolled		
belgian bobbin lace	material	(unrolled)	self	self	unrolled	300132861	
belgian bobbin lace or lille	material	(unrolled)	self	self	unrolled		
belgian lace	material	(unrolled)	self	self	unrolled	300132861	
belgian or spanish silver crown	material	(unrolled)	self	self	unrolled	300265463	
belgium point de gaze lace	material	(unrolled)	self	self	unrolled	300132861	
bell	material	(unrolled)	self	self	unrolled		
berrie	material	(unrolled)	self	self	unrolled		
beverage menu	material	(unrolled)	self	self	unrolled		
bfk rive	material	(unrolled)	self	self	unrolled		
bias tape	material	(unrolled)	self	self	unrolled	300421626	
bichrome ware	material	(unrolled)	self	self	unrolled	300380486	
binche lace	material	(unrolled)	self	self	unrolled	300132861	
binche or valenciennes lace	material	(unrolled)	self	self	unrolled	300132861	
binder stamp	material	(unrolled)	self	self	unrolled		
binder's stamp	material	(unrolled)	self	self	unrolled		
binders label pasted	material	(unrolled)	self	self	unrolled		
binding stamped lower right	material	(unrolled)	self	self	unrolled	300078823	
bingo card	material	(unrolled)	self	self	unrolled		
birchbark	material	(unrolled)	self	self	unrolled		
bird	material	(unrolled)	self	self	unrolled		
bird bone	material	(unrolled)	self	self	unrolled	300011798	
bird claw	material	(unrolled)	self	self	unrolled		
bird head	material	(unrolled)	self	self	unrolled		
bird wing	material	(unrolled)	self	self	unrolled		
bird's skull	material	(unrolled)	self	self	unrolled		
birdseye	material	(unrolled)	self	self	unrolled		
birdseye pique	material	(unrolled)	self	self	unrolled		
bisen ware	material	(unrolled)	self	self	unrolled	300244578	
bistre pen	material	(unrolled)	self	self	unrolled		
bitumen	material	(unrolled)	self	self	unrolled	300012976	
bituminous limestone	material	(unrolled)	self	self	unrolled	300011286	
black	material	(unrolled)	self	self	unrolled	300130920	
black & gold sequin	material	(unrolled)	self	self	unrolled		
black & white chalk	material	(unrolled)	self	self	unrolled	300011727	
black acrylic	material	(unrolled)	self	self	unrolled	300014426	
black ballpoint pen	material	(unrolled)	self	self	unrolled		
black bead	material	(unrolled)	self	self	unrolled	300261776	
black book cloth	material	(unrolled)	self	self	unrolled	300162391	
black cashmere jacket	material	(unrolled)	self	self	unrolled		
black chalk accented	material	(unrolled)	self	self	unrolled		
black chalk along margin	material	(unrolled)	self	self	unrolled		
black chalk counterproof	material	(unrolled)	self	self	unrolled		
black chalk heightened	material	(unrolled)	self	self	unrolled		
black chalk highlighted	material	(unrolled)	self	self	unrolled		
black chalk in flecked beige laid paper affixed to paper backing	material	(unrolled)	self	self	unrolled	300227764	
black chalk under	material	(unrolled)	self	self	unrolled		
black chalk under black conte crayon	material	(unrolled)	self	self	unrolled		
black chalk under brown ink wash	material	(unrolled)	self	self	unrolled	300011051	
black chalk under brush	material	(unrolled)	self	self	unrolled		
black chalk under pastel	material	(unrolled)	self	self	unrolled	300311039	
black chalk under pen	material	(unrolled)	self	self	unrolled		
black chalk under red chalk	material	(unrolled)	self	self	unrolled	300011727	
black chalk under sanguine	material	(unrolled)	self	self	unrolled		
black chalk under two tone	material	(unrolled)	self	self	unrolled	300056173	
black chalk underdrawng	material	(unrolled)	self	self	unrolled		
black chiffon	material	(unrolled)	self	self	unrolled	300249449	
black chlak	material	(unrolled)	self	self	unrolled		
black clay	material	(unrolled)	self	self	unrolled	300010439	
black cloth	material	(unrolled)	self	self	unrolled	300162391	
black cloth bound book	material	(unrolled)	self	self	unrolled		
black cloth spine	material	(unrolled)	self	self	unrolled		
black cloth ties at 3 side	material	(unrolled)	self	self	unrolled	300010289	
black color	material	(unrolled)	self	self	unrolled	300131647	
black colored pencil	material	(unrolled)	self	self	unrolled	300410335	
black conte crayon	material	(unrolled)	self	self	unrolled		
black continuing	material	(unrolled)	self	self	unrolled		
black conté	material	(unrolled)	self	self	unrolled		
black conté crayon	material	(unrolled)	self	self	unrolled		
black cotton cloth ties at right edge	material	(unrolled)	self	self	unrolled		
black cotton handle	material	(unrolled)	self	self	unrolled		
black craton glaze	material	(unrolled)	self	self	unrolled	300015091	
black crayon additions by the artist	material	(unrolled)	self	self	unrolled		
black crayon heightened	material	(unrolled)	self	self	unrolled		
black crayon or chalk	material	(unrolled)	self	self	unrolled	300011727	
black crayon under black ink wash	material	(unrolled)	self	self	unrolled	300011051	
black crayon under brush	material	(unrolled)	self	self	unrolled		
black crayon under pen	material	(unrolled)	self	self	unrolled		
black crepe	material	(unrolled)	self	self	unrolled	300183741	
black crepe acetate	material	(unrolled)	self	self	unrolled		
black crepe de chine	material	(unrolled)	self	self	unrolled		
black crinkle nylon or polyester	material	(unrolled)	self	self	unrolled	300014546	
black cut velvet	material	(unrolled)	self	self	unrolled	300133711	
black embroidered silk net	material	(unrolled)	self	self	unrolled	300249438	
black embroidered silk satin	material	(unrolled)	self	self	unrolled	300132902	
black embroidered silk tulle	material	(unrolled)	self	self	unrolled	300256611	
black enamel ground	material	(unrolled)	self	self	unrolled	300015297	
black felt marker	material	(unrolled)	self	self	unrolled		
black felt tip pen	material	(unrolled)	self	self	unrolled		
black felt-tip pen	material	(unrolled)	self	self	unrolled		
black fiber	material	(unrolled)	self	self	unrolled		
black from 3 block	material	(unrolled)	self	self	unrolled		
black from 4 block	material	(unrolled)	self	self	unrolled		
black glass bugle	material	(unrolled)	self	self	unrolled		
black glaze	material	(unrolled)	self	self	unrolled	300015091	
black graphite	material	(unrolled)	self	self	unrolled	300011098	
black grease crayon	material	(unrolled)	self	self	unrolled		
black grosgrain	material	(unrolled)	self	self	unrolled		
black hard ground	material	(unrolled)	self	self	unrolled	300015297	
black hardground	material	(unrolled)	self	self	unrolled		
black heavy silk twill	material	(unrolled)	self	self	unrolled	300227915	
black ink addition	material	(unrolled)	self	self	unrolled		
black ink border	material	(unrolled)	self	self	unrolled		
black ink flow pen	material	(unrolled)	self	self	unrolled		
black ink heightened	material	(unrolled)	self	self	unrolled		
black ink illustration	material	(unrolled)	self	self	unrolled	300054200	
black ink inscription	material	(unrolled)	self	self	unrolled		
black ink rubbing	material	(unrolled)	self	self	unrolled	300178924	
black ink under graphite	material	(unrolled)	self	self	unrolled	300011098	
black ink under watercolor	material	(unrolled)	self	self	unrolled		
black ink wash	material	(unrolled)	self	self	unrolled	300011051	
black ink wash mixed	material	(unrolled)	self	self	unrolled		
black ink à la poupée	material	(unrolled)	self	self	unrolled		
black jersey	material	(unrolled)	self	self	unrolled	300417884	
black knit nylon	material	(unrolled)	self	self	unrolled	300014462	
black label	material	(unrolled)	self	self	unrolled		
black lace	material	(unrolled)	self	self	unrolled	300132861	
black lace yoke	material	(unrolled)	self	self	unrolled		
black lacquer	material	(unrolled)	self	self	unrolled	300014916	
black leather case	material	(unrolled)	self	self	unrolled		
black leather trim	material	(unrolled)	self	self	unrolled		
black linen	material	(unrolled)	self	self	unrolled	300014069	
black lizard	material	(unrolled)	self	self	unrolled		
black machine made tatting	material	(unrolled)	self	self	unrolled	300053641	
black machine-made leavers lace	material	(unrolled)	self	self	unrolled	300132861	
black marker	material	(unrolled)	self	self	unrolled		
black moire silk gros de tour	material	(unrolled)	self	self	unrolled		
black morocco binding	material	(unrolled)	self	self	unrolled	300421867	
black morocco leather onlay	material	(unrolled)	self	self	unrolled		
black morocco leather trim	material	(unrolled)	self	self	unrolled		
black morocco spine	material	(unrolled)	self	self	unrolled		
black net	material	(unrolled)	self	self	unrolled	300249438	
black opaque watercolor	material	(unrolled)	self	self	unrolled		
black panne	material	(unrolled)	self	self	unrolled		
black paper mounting corner	material	(unrolled)	self	self	unrolled	300010275	
black pastel	material	(unrolled)	self	self	unrolled	300311039	
black pastel crayon	material	(unrolled)	self	self	unrolled		
black patina	material	(unrolled)	self	self	unrolled	300065245	
black pen	material	(unrolled)	self	self	unrolled		
black pencil	material	(unrolled)	self	self	unrolled	300410335	
black pigment	material	(unrolled)	self	self	unrolled	300013135	
black plastic	material	(unrolled)	self	self	unrolled	300014570	
black plastic button	material	(unrolled)	self	self	unrolled		
black pleated silk crepe	material	(unrolled)	self	self	unrolled	300183741	
black polyester	material	(unrolled)	self	self	unrolled	300014546	
black polyester leatherette	material	(unrolled)	self	self	unrolled		
black porous-point pen	material	(unrolled)	self	self	unrolled		
black rayon	material	(unrolled)	self	self	unrolled	300014059	
black satin	material	(unrolled)	self	self	unrolled	300132902	
black satin bow	material	(unrolled)	self	self	unrolled		
black satin damask	material	(unrolled)	self	self	unrolled	300163295	
black satin lapel	material	(unrolled)	self	self	unrolled		
black satin lining	material	(unrolled)	self	self	unrolled	300162124	
black satin tie	material	(unrolled)	self	self	unrolled	300391271	
black sequinned lace	material	(unrolled)	self	self	unrolled	300132861	
black silk bobbin lace	material	(unrolled)	self	self	unrolled	300132861	
black silk chiffon	material	(unrolled)	self	self	unrolled	300249449	
black silk cisele velvet	material	(unrolled)	self	self	unrolled	300133711	
black silk cluny lace	material	(unrolled)	self	self	unrolled	300132861	
black silk cord	material	(unrolled)	self	self	unrolled	300014247	
black silk crepe	material	(unrolled)	self	self	unrolled	300183741	
black silk crepe gros de tour	material	(unrolled)	self	self	unrolled		
black silk gros de tour	material	(unrolled)	self	self	unrolled		
black silk jersey	material	(unrolled)	self	self	unrolled	300417884	
black silk lace	material	(unrolled)	self	self	unrolled	300132861	
black silk net	material	(unrolled)	self	self	unrolled	300249438	
black silk satin	material	(unrolled)	self	self	unrolled	300132902	
black silk taffeta	material	(unrolled)	self	self	unrolled	300249434	
black silk twill	material	(unrolled)	self	self	unrolled	300227915	
black silk velvet	material	(unrolled)	self	self	unrolled	300133711	
black slate	material	(unrolled)	self	self	unrolled	300011657	
black slipcase	material	(unrolled)	self	self	unrolled		
black smoke	material	(unrolled)	self	self	unrolled	300073252	
black snakeskin	material	(unrolled)	self	self	unrolled		
black soft ground	material	(unrolled)	self	self	unrolled	300015297	
black spanish blonde machine lace	material	(unrolled)	self	self	unrolled	300132861	
black steatite	material	(unrolled)	self	self	unrolled		
black stretch fabric	material	(unrolled)	self	self	unrolled		
black suede doublure	material	(unrolled)	self	self	unrolled		
black surface coating	material	(unrolled)	self	self	unrolled	300014907	
black synthetic crepe	material	(unrolled)	self	self	unrolled	300183741	
black synthetic tulle	material	(unrolled)	self	self	unrolled	300256611	
black taffeta	material	(unrolled)	self	self	unrolled	300249434	
black tape	material	(unrolled)	self	self	unrolled	300014685	
black thread	material	(unrolled)	self	self	unrolled	300014250	
black velour	material	(unrolled)	self	self	unrolled		
black velvet	material	(unrolled)	self	self	unrolled	300133711	
black velvet collar	material	(unrolled)	self	self	unrolled		
black velveteen	material	(unrolled)	self	self	unrolled	300227925	
black ware	material	(unrolled)	self	self	unrolled	300244578	
black wash	material	(unrolled)	self	self	unrolled	300011051	
black watercolor	material	(unrolled)	self	self	unrolled		
black watercolor additions by the artist	material	(unrolled)	self	self	unrolled		
black wax	material	(unrolled)	self	self	unrolled	300014585	
black wood case in shape	material	(unrolled)	self	self	unrolled	300056273	
black wool alaskine	material	(unrolled)	self	self	unrolled		
black wool boucle	material	(unrolled)	self	self	unrolled		
black wool crepe	material	(unrolled)	self	self	unrolled	300183741	
black wool flannel	material	(unrolled)	self	self	unrolled	300132886	
black wool gabardine	material	(unrolled)	self	self	unrolled	300403912	
black wool jacquard	material	(unrolled)	self	self	unrolled	300256616	
black wool jersey	material	(unrolled)	self	self	unrolled	300417884	
black wool ottoman	material	(unrolled)	self	self	unrolled	300021614	
black wool satin	material	(unrolled)	self	self	unrolled	300132902	
black wool twill	material	(unrolled)	self	self	unrolled	300227915	
black worsted flannel	material	(unrolled)	self	self	unrolled	300132886	
black-glazed	material	(unrolled)	self	self	unrolled		
black-on-red ware	material	(unrolled)	self	self	unrolled	300244578	
black-plate edition	material	(unrolled)	self	self	unrolled		
black-topped red ware	material	(unrolled)	self	self	unrolled	300244578	
black-white-grey silk tweed	material	(unrolled)	self	self	unrolled	300132867	
black.	material	(unrolled)	self	self	unrolled		
black/brown cut velvet	material	(unrolled)	self	self	unrolled	300133711	
black/multi figured satin	material	(unrolled)	self	self	unrolled	300132902	
black/red/green/aqua/cream polyester jersey	material	(unrolled)	self	self	unrolled	300417884	
blacksilk satin	material	(unrolled)	self	self	unrolled	300132902	
blackware	material	(unrolled)	self	self	unrolled		
blanket	material	(unrolled)	self	self	unrolled		
blanket stitch	material	(unrolled)	self	self	unrolled		
bleach discharge	material	(unrolled)	self	self	unrolled		
blind-tooled leather binding	material	(unrolled)	self	self	unrolled	300421867	
blond chantilly lace	material	(unrolled)	self	self	unrolled	300132861	
blonde	material	(unrolled)	self	self	unrolled	300400685	
blotting	material	(unrolled)	self	self	unrolled		
blouse: silk chiffon	material	(unrolled)	self	self	unrolled	300249449	
blown	material	(unrolled)	self	self	unrolled		
blown favrile glas	material	(unrolled)	self	self	unrolled		
blown flint glas	material	(unrolled)	self	self	unrolled		
blown glass element	material	(unrolled)	self	self	unrolled		
blown lead glas	material	(unrolled)	self	self	unrolled		
blown molded glas	material	(unrolled)	self	self	unrolled		
blown non-lead glas	material	(unrolled)	self	self	unrolled		
blown pillar molded lead glas	material	(unrolled)	self	self	unrolled		
blown three-mold glas	material	(unrolled)	self	self	unrolled		
blown three-mold lead glas	material	(unrolled)	self	self	unrolled		
blown three-mold non-lead glas	material	(unrolled)	self	self	unrolled		
blue & white wool plaid	material	(unrolled)	self	self	unrolled	300411863	
blue background	material	(unrolled)	self	self	unrolled	300056369	
blue ball point pen	material	(unrolled)	self	self	unrolled		
blue ball-point pen	material	(unrolled)	self	self	unrolled		
blue ballpoint pen	material	(unrolled)	self	self	unrolled		
blue bead	material	(unrolled)	self	self	unrolled	300261776	
blue chalk	material	(unrolled)	self	self	unrolled	300011727	
blue cloth	material	(unrolled)	self	self	unrolled	300162391	
blue clothbound book	material	(unrolled)	self	self	unrolled		
blue cobalt oxide	material	(unrolled)	self	self	unrolled		
blue color pencil	material	(unrolled)	self	self	unrolled	300410335	
blue colored pencil	material	(unrolled)	self	self	unrolled	300410335	
blue crackle glaze stoneware	material	(unrolled)	self	self	unrolled	300010672	
blue crayon	material	(unrolled)	self	self	unrolled		
blue cut velvet	material	(unrolled)	self	self	unrolled	300133711	
blue die-cut loose sheet	material	(unrolled)	self	self	unrolled		
blue direct gravure	material	(unrolled)	self	self	unrolled		
blue felt-tipped pen	material	(unrolled)	self	self	unrolled		
blue glas	material	(unrolled)	self	self	unrolled		
blue glitter	material	(unrolled)	self	self	unrolled	300183800	
blue gouache ground	material	(unrolled)	self	self	unrolled	300015297	
blue ink stamp	material	(unrolled)	self	self	unrolled		
blue laid paper v: black chalk	material	(unrolled)	self	self	unrolled	300011727	
blue learther	material	(unrolled)	self	self	unrolled		
blue leather insert	material	(unrolled)	self	self	unrolled		
blue lettering	material	(unrolled)	self	self	unrolled	300053342	
blue linen clamshell enclosure	material	(unrolled)	self	self	unrolled		
blue linen endpage	material	(unrolled)	self	self	unrolled		
blue metallic acrylic	material	(unrolled)	self	self	unrolled	300014426	
blue opaque watercolor	material	(unrolled)	self	self	unrolled		
blue paper title label adhered to the spine	material	(unrolled)	self	self	unrolled		
blue pastel	material	(unrolled)	self	self	unrolled	300311039	
blue peafowl	material	(unrolled)	self	self	unrolled		
blue pencil pen	material	(unrolled)	self	self	unrolled		
blue persian glaze	material	(unrolled)	self	self	unrolled	300015091	
blue pigment	material	(unrolled)	self	self	unrolled	300013182	
blue pigments.	material	(unrolled)	self	self	unrolled		
blue plaid cotton flannel	material	(unrolled)	self	self	unrolled	300132886	
blue polyester lining	material	(unrolled)	self	self	unrolled	300162124	
blue pressed lacy glas	material	(unrolled)	self	self	unrolled		
blue ribbon	material	(unrolled)	self	self	unrolled	300014668	
blue rowlux	material	(unrolled)	self	self	unrolled		
blue satin	material	(unrolled)	self	self	unrolled	300132902	
blue satin-covered protective board	material	(unrolled)	self	self	unrolled		
blue satin-covered slipcase.	material	(unrolled)	self	self	unrolled		
blue silk backing	material	(unrolled)	self	self	unrolled	300227764	
blue silk slipcase	material	(unrolled)	self	self	unrolled		
blue silk velvet	material	(unrolled)	self	self	unrolled	300133711	
blue underglaze decorative motif	material	(unrolled)	self	self	unrolled		
blue wash	material	(unrolled)	self	self	unrolled	300011051	
blue watercolor	material	(unrolled)	self	self	unrolled		
blue watercolor wash	material	(unrolled)	self	self	unrolled	300011051	
blue-black ink turning brown	material	(unrolled)	self	self	unrolled	300127490	
blue-gray	material	(unrolled)	self	self	unrolled		
blue-gray wash	material	(unrolled)	self	self	unrolled	300011051	
blue-green	material	(unrolled)	self	self	unrolled		
blue-green colored pencil	material	(unrolled)	self	self	unrolled	300410335	
blue-grey silk rep	material	(unrolled)	self	self	unrolled		
blue-line	material	(unrolled)	self	self	unrolled		
bluish gray	material	(unrolled)	self	self	unrolled	300129747	
boar's teeth	material	(unrolled)	self	self	unrolled	300400467	
boar's tusk	material	(unrolled)	self	self	unrolled	300011856	
boars tusk	material	(unrolled)	self	self	unrolled	300011856	
bobbin	material	(unrolled)	self	self	unrolled		
bobbin & needlepoint lace	material	(unrolled)	self	self	unrolled	300132861	
bobbin applique lace	material	(unrolled)	self	self	unrolled	300132861	
bobbin guipure	material	(unrolled)	self	self	unrolled		
bobbin lace applique	material	(unrolled)	self	self	unrolled		
bobbin machine lace	material	(unrolled)	self	self	unrolled	300132861	
bobbin made lace	material	(unrolled)	self	self	unrolled	300132861	
bobbin made tape lace	material	(unrolled)	self	self	unrolled	300132861	
bobbin needlepoint lace	material	(unrolled)	self	self	unrolled	300132861	
bobbin silk tape guipure lace	material	(unrolled)	self	self	unrolled	300132861	
bobbin tape	material	(unrolled)	self	self	unrolled	300014685	
bobbin tape guipure lace	material	(unrolled)	self	self	unrolled	300132861	
bobbin tape lace	material	(unrolled)	self	self	unrolled	300132861	
bobbin-made	material	(unrolled)	self	self	unrolled		
bobbin-made chantilly lace	material	(unrolled)	self	self	unrolled	300132861	
bobbin-made chantilly silk lace	material	(unrolled)	self	self	unrolled	300132861	
bobbin-made guipure lace	material	(unrolled)	self	self	unrolled	300132861	
bobbin-made honiton lace	material	(unrolled)	self	self	unrolled	300132861	
bobbin-made lace	material	(unrolled)	self	self	unrolled	300132861	
bobbin-made mercerized silk lace	material	(unrolled)	self	self	unrolled	300132861	
bobbin-made milanese lace	material	(unrolled)	self	self	unrolled	300132861	
bobbin-made reseau	material	(unrolled)	self	self	unrolled		
bobbin-made silk chantilly lace	material	(unrolled)	self	self	unrolled	300132861	
bobbin-made spanish blond silk lace	material	(unrolled)	self	self	unrolled	300132861	
bobbin-made tape lace	material	(unrolled)	self	self	unrolled	300132861	
bobbin-made valenciennes lace	material	(unrolled)	self	self	unrolled	300132861	
bobin lace	material	(unrolled)	self	self	unrolled	300132861	
bodice: pieced silk satin weave	material	(unrolled)	self	self	unrolled		
bodice: silk satin weave	material	(unrolled)	self	self	unrolled		
bohemian glas	material	(unrolled)	self	self	unrolled		
bohemian lace	material	(unrolled)	self	self	unrolled	300132861	
bohemian lace band	material	(unrolled)	self	self	unrolled		
bohemian waxwing	material	(unrolled)	self	self	unrolled		
bois satiné marquetry	material	(unrolled)	self	self	unrolled	300053853	
bolt	material	(unrolled)	self	self	unrolled		
bolts binding	material	(unrolled)	self	self	unrolled	300421867	
bonded wool doubleknit	material	(unrolled)	self	self	unrolled		
bone - whale	material	(unrolled)	self	self	unrolled		
bone button	material	(unrolled)	self	self	unrolled		
bone end knob	material	(unrolled)	self	self	unrolled		
bone fragment	material	(unrolled)	self	self	unrolled		
bone handle	material	(unrolled)	self	self	unrolled		
bone linen	material	(unrolled)	self	self	unrolled	300014069	
bone or antler	material	(unrolled)	self	self	unrolled	300011796	
bone or ivory?	material	(unrolled)	self	self	unrolled		
bone or tortoise	material	(unrolled)	self	self	unrolled		
bone or walrus tusk	material	(unrolled)	self	self	unrolled	300011856	
bone pin	material	(unrolled)	self	self	unrolled		
bone stick	material	(unrolled)	self	self	unrolled		
bone toggle	material	(unrolled)	self	self	unrolled		
bone?	material	(unrolled)	self	self	unrolled		
bonel	material	(unrolled)	self	self	unrolled		
bones or teeth	material	(unrolled)	self	self	unrolled	300400467	
boning	material	(unrolled)	self	self	unrolled		
book	material	(unrolled)	self	self	unrolled		
book box	material	(unrolled)	self	self	unrolled		
book box consist	material	(unrolled)	self	self	unrolled		
book cover & 8 page	material	(unrolled)	self	self	unrolled		
book covered in cloth	material	(unrolled)	self	self	unrolled	300162391	
book in aluminum case	material	(unrolled)	self	self	unrolled		
book loose in wrapper	material	(unrolled)	self	self	unrolled		
book mostly	material	(unrolled)	self	self	unrolled		
book page	material	(unrolled)	self	self	unrolled		
book painted	material	(unrolled)	self	self	unrolled		
book.	material	(unrolled)	self	self	unrolled		
booklet	material	(unrolled)	self	self	unrolled		
bookplate	material	(unrolled)	self	self	unrolled		
bookwith 52 photomechanically reproduced image	material	(unrolled)	self	self	unrolled		
both in a parchment paper covered box	material	(unrolled)	self	self	unrolled		
bottom is silk screen	material	(unrolled)	self	self	unrolled	300023393	
boucle	material	(unrolled)	self	self	unrolled		
boucle fabric	material	(unrolled)	self	self	unrolled		
bouclé	material	(unrolled)	self	self	unrolled		
bound in black morocco	material	(unrolled)	self	self	unrolled		
bound in cloth	material	(unrolled)	self	self	unrolled	300162391	
bound in contemporary red morocco binding	material	(unrolled)	self	self	unrolled	300421867	
bound in cream wove wrappers that are side sewn japanese style	material	(unrolled)	self	self	unrolled	300055835	
bound in crushed aluminum	material	(unrolled)	self	self	unrolled		
bound in full leather binding in blue french cape morocco	material	(unrolled)	self	self	unrolled		
bound in grey cloth	material	(unrolled)	self	self	unrolled	300162391	
bound in imitation parchment wrapper	material	(unrolled)	self	self	unrolled		
bound in leather cover	material	(unrolled)	self	self	unrolled		
bound in magenta cloth binding	material	(unrolled)	self	self	unrolled	300421867	
bound in parchment covered board	material	(unrolled)	self	self	unrolled		
bound in quarter-calf	material	(unrolled)	self	self	unrolled		
bound in red satin covered board	material	(unrolled)	self	self	unrolled		
bound in red silk covered paper cover	material	(unrolled)	self	self	unrolled		
bound in silk in japanese fashion	material	(unrolled)	self	self	unrolled	300055811	
bound in wrapper	material	(unrolled)	self	self	unrolled		
bound-in. ochre morocco binding	material	(unrolled)	self	self	unrolled	300421867	
box	material	(unrolled)	self	self	unrolled		
box covered	material	(unrolled)	self	self	unrolled		
box covered in beige linen	material	(unrolled)	self	self	unrolled	300014069	
box covered in dark beige cloth	material	(unrolled)	self	self	unrolled	300162391	
box stringing.	material	(unrolled)	self	self	unrolled		
box-mounted	material	(unrolled)	self	self	unrolled		
boxed	material	(unrolled)	self	self	unrolled		
boxwood veneer	material	(unrolled)	self	self	unrolled	300012855	
brabant or riband renaissance lace	material	(unrolled)	self	self	unrolled	300132861	
bracelet: metal foil cord	material	(unrolled)	self	self	unrolled	300014247	
braid trim	material	(unrolled)	self	self	unrolled		
braided ribbon trim	material	(unrolled)	self	self	unrolled		
branch	material	(unrolled)	self	self	unrolled		
brass alloy? sequin	material	(unrolled)	self	self	unrolled		
brass bell	material	(unrolled)	self	self	unrolled		
brass buckle	material	(unrolled)	self	self	unrolled		
brass button	material	(unrolled)	self	self	unrolled		
brass chain	material	(unrolled)	self	self	unrolled		
brass corner	material	(unrolled)	self	self	unrolled	300010275	
brass dust	material	(unrolled)	self	self	unrolled	300014646	
brass fitting	material	(unrolled)	self	self	unrolled		
brass frame	material	(unrolled)	self	self	unrolled		
brass frame set	material	(unrolled)	self	self	unrolled		
brass grommet	material	(unrolled)	self	self	unrolled		
brass handle	material	(unrolled)	self	self	unrolled		
brass heel	material	(unrolled)	self	self	unrolled		
brass inlay	material	(unrolled)	self	self	unrolled	300053850	
brass nautical fitting	material	(unrolled)	self	self	unrolled		
brass ornament	material	(unrolled)	self	self	unrolled		
brass painted stick	material	(unrolled)	self	self	unrolled		
brass plated buckle	material	(unrolled)	self	self	unrolled		
brass rivet	material	(unrolled)	self	self	unrolled		
brass sequin	material	(unrolled)	self	self	unrolled		
brass sheet	material	(unrolled)	self	self	unrolled		
brass stand	material	(unrolled)	self	self	unrolled		
brass stud	material	(unrolled)	self	self	unrolled		
brass tack	material	(unrolled)	self	self	unrolled		
brass tubing	material	(unrolled)	self	self	unrolled		
brass wire	material	(unrolled)	self	self	unrolled	300011063	
brass-coated	material	(unrolled)	self	self	unrolled		
breche d'alep marble top	material	(unrolled)	self	self	unrolled	300121968	
breton lace	material	(unrolled)	self	self	unrolled	300132861	
briarwood	material	(unrolled)	self	self	unrolled		
brick red doublure	material	(unrolled)	self	self	unrolled		
brierwood	material	(unrolled)	self	self	unrolled		
bright red satin	material	(unrolled)	self	self	unrolled	300132902	
brilliant cut glas	material	(unrolled)	self	self	unrolled		
brilliant cut lead glas	material	(unrolled)	self	self	unrolled		
bristol delft	material	(unrolled)	self	self	unrolled	300106361	
broad cloth	material	(unrolled)	self	self	unrolled	300162391	
broadcloth	material	(unrolled)	self	self	unrolled	300411398	
broadside	material	(unrolled)	self	self	unrolled		
brocade fabric	material	(unrolled)	self	self	unrolled		
brocade lace	material	(unrolled)	self	self	unrolled	300132861	
brocade silk weave	material	(unrolled)	self	self	unrolled		
brocaded cut velvet	material	(unrolled)	self	self	unrolled	300133711	
brocaded damask	material	(unrolled)	self	self	unrolled	300163295	
brocaded satin	material	(unrolled)	self	self	unrolled	300132902	
brocaded silk damask	material	(unrolled)	self	self	unrolled	300163295	
brocaded silk taffeta	material	(unrolled)	self	self	unrolled	300249434	
brocaded silk velvet	material	(unrolled)	self	self	unrolled	300133711	
brocaded silk velvet lined	material	(unrolled)	self	self	unrolled		
brocaded silk?	material	(unrolled)	self	self	unrolled		
brocaded taffeta	material	(unrolled)	self	self	unrolled	300249434	
brocaded velvet	material	(unrolled)	self	self	unrolled	300133711	
brocaded? silk gauze	material	(unrolled)	self	self	unrolled	300014083	
broche	material	(unrolled)	self	self	unrolled		
broderie anglaise	material	(unrolled)	self	self	unrolled	300264695	
bron wash	material	(unrolled)	self	self	unrolled	300011051	
bronze gilt mount	material	(unrolled)	self	self	unrolled		
bronze head set	material	(unrolled)	self	self	unrolled		
bronze medallion	material	(unrolled)	self	self	unrolled		
bronze mounted	material	(unrolled)	self	self	unrolled		
bronze or bras	material	(unrolled)	self	self	unrolled		
bronze or brass bead	material	(unrolled)	self	self	unrolled	300261776	
bronze plaque	material	(unrolled)	self	self	unrolled		
bronze relief medal	material	(unrolled)	self	self	unrolled		
bronze relief medallion	material	(unrolled)	self	self	unrolled		
bronze relief plaque	material	(unrolled)	self	self	unrolled		
bronze rim	material	(unrolled)	self	self	unrolled		
bronze silk rep	material	(unrolled)	self	self	unrolled		
bronze wire	material	(unrolled)	self	self	unrolled	300011063	
bronze-gilt	material	(unrolled)	self	self	unrolled		
bronze?	material	(unrolled)	self	self	unrolled		
brookston	material	(unrolled)	self	self	unrolled		
brown acrylic	material	(unrolled)	self	self	unrolled	300014426	
brown chalk	material	(unrolled)	self	self	unrolled	300011727	
brown clay	material	(unrolled)	self	self	unrolled	300010439	
brown color pencil	material	(unrolled)	self	self	unrolled	300410335	
brown colored pencil	material	(unrolled)	self	self	unrolled	300410335	
brown corded taffeta	material	(unrolled)	self	self	unrolled	300249434	
brown crayon	material	(unrolled)	self	self	unrolled		
brown diaper pattern silk rep	material	(unrolled)	self	self	unrolled		
brown engraved glaze	material	(unrolled)	self	self	unrolled	300015091	
brown graphite	material	(unrolled)	self	self	unrolled	300011098	
brown ink brown wash wash	material	(unrolled)	self	self	unrolled	300011051	
brown ink inscription	material	(unrolled)	self	self	unrolled		
brown ink ruled along edges.	material	(unrolled)	self	self	unrolled		
brown ink under black chalk	material	(unrolled)	self	self	unrolled	300011727	
brown ink under dark brown	material	(unrolled)	self	self	unrolled	300127490	
brown ink wash	material	(unrolled)	self	self	unrolled	300011051	
brown inkswith pale gray-green border	material	(unrolled)	self	self	unrolled		
brown leather belt	material	(unrolled)	self	self	unrolled		
brown leather book	material	(unrolled)	self	self	unrolled		
brown leather coat	material	(unrolled)	self	self	unrolled		
brown leather cord	material	(unrolled)	self	self	unrolled	300014247	
brown lettering	material	(unrolled)	self	self	unrolled	300053342	
brown mink	material	(unrolled)	self	self	unrolled		
brown morocco spine	material	(unrolled)	self	self	unrolled		
brown napped fabric	material	(unrolled)	self	self	unrolled		
brown nylon	material	(unrolled)	self	self	unrolled	300014462	
brown or sepia pen	material	(unrolled)	self	self	unrolled		
brown pen	material	(unrolled)	self	self	unrolled		
brown pencil	material	(unrolled)	self	self	unrolled	300410335	
brown pigment	material	(unrolled)	self	self	unrolled	300013332	
brown porous-point pen	material	(unrolled)	self	self	unrolled		
brown satin	material	(unrolled)	self	self	unrolled	300132902	
brown shell	material	(unrolled)	self	self	unrolled	300011829	
brown silk chiffon	material	(unrolled)	self	self	unrolled	300249449	
brown silk georgette	material	(unrolled)	self	self	unrolled		
brown silk satin	material	(unrolled)	self	self	unrolled	300132902	
brown silk tissue taffeta	material	(unrolled)	self	self	unrolled	300249434	
brown suede doublure	material	(unrolled)	self	self	unrolled		
brown suede lining	material	(unrolled)	self	self	unrolled	300162124	
brown tweed	material	(unrolled)	self	self	unrolled	300132867	
brown velvet	material	(unrolled)	self	self	unrolled	300133711	
brown w/ metallic gold cloth	material	(unrolled)	self	self	unrolled	300162391	
brown washe	material	(unrolled)	self	self	unrolled		
brown watercolor	material	(unrolled)	self	self	unrolled		
brown wool broadcloth	material	(unrolled)	self	self	unrolled	300411398	
brown wool jersey	material	(unrolled)	self	self	unrolled	300417884	
brown-black wash	material	(unrolled)	self	self	unrolled	300011051	
brown-black watercolor	material	(unrolled)	self	self	unrolled		
brown-gray	material	(unrolled)	self	self	unrolled		
brown-gray wash	material	(unrolled)	self	self	unrolled	300011051	
brown-red opaque watercolor	material	(unrolled)	self	self	unrolled		
bruges bobbin lace	material	(unrolled)	self	self	unrolled	300132861	
brush ink wash	material	(unrolled)	self	self	unrolled	300011051	
brush pen	material	(unrolled)	self	self	unrolled		
brushed aluminum	material	(unrolled)	self	self	unrolled		
brussels applique	material	(unrolled)	self	self	unrolled		
brussels applique bobbin lace	material	(unrolled)	self	self	unrolled	300132861	
brussels applique lace	material	(unrolled)	self	self	unrolled	300132861	
brussels applique lace border	material	(unrolled)	self	self	unrolled		
brussels applique or false alencon lace	material	(unrolled)	self	self	unrolled	300132861	
brussels bobbin	material	(unrolled)	self	self	unrolled		
brussels bobbin lace	material	(unrolled)	self	self	unrolled	300132861	
brussels bobbin lace applique	material	(unrolled)	self	self	unrolled		
brussels combination lace	material	(unrolled)	self	self	unrolled	300132861	
brussels duchesse bobbin lace	material	(unrolled)	self	self	unrolled	300132861	
brussels lace	material	(unrolled)	self	self	unrolled	300231627	
brussels mesh	material	(unrolled)	self	self	unrolled	300014654	
brussels mixed lace	material	(unrolled)	self	self	unrolled	300132861	
brussels needle	material	(unrolled)	self	self	unrolled		
brussels needle lace	material	(unrolled)	self	self	unrolled	300132861	
brussels needlepoint	material	(unrolled)	self	self	unrolled	300264031	
brussels needlepoint lace	material	(unrolled)	self	self	unrolled	300132861	
brussels net	material	(unrolled)	self	self	unrolled	300249438	
brussels point de gaze lace	material	(unrolled)	self	self	unrolled	300132861	
brussels point de venise lace	material	(unrolled)	self	self	unrolled	300132861	
brussels point plat applique lace	material	(unrolled)	self	self	unrolled	300132861	
brussels reseau	material	(unrolled)	self	self	unrolled		
brussels rose point lace	material	(unrolled)	self	self	unrolled	300132861	
brussels réseau bobbin lace	material	(unrolled)	self	self	unrolled	300132861	
brussels tape	material	(unrolled)	self	self	unrolled	300014685	
brussels? bobbin lace	material	(unrolled)	self	self	unrolled	300132861	
bubbleformed pot	material	(unrolled)	self	self	unrolled		
buccero ware	material	(unrolled)	self	self	unrolled	300244578	
bucchero ware	material	(unrolled)	self	self	unrolled	300387149	
buckinghamshire lace	material	(unrolled)	self	self	unrolled	300132861	
buckram	material	(unrolled)	self	self	unrolled	300253474	
bue	material	(unrolled)	self	self	unrolled		
bullion soutache	material	(unrolled)	self	self	unrolled		
bullion stitche	material	(unrolled)	self	self	unrolled		
burano flat needlepoint lace	material	(unrolled)	self	self	unrolled	300132861	
burano needle lace	material	(unrolled)	self	self	unrolled	300132861	
burano needlepoint lace	material	(unrolled)	self	self	unrolled	300132861	
burano venise	material	(unrolled)	self	self	unrolled		
buratto filet lace	material	(unrolled)	self	self	unrolled	300132861	
buratto lace	material	(unrolled)	self	self	unrolled	300132861	
buratto needle lace	material	(unrolled)	self	self	unrolled	300132861	
burgundy	material	(unrolled)	self	self	unrolled		
burgundy angora/ wool jersey	material	(unrolled)	self	self	unrolled	300417884	
burgundy changeant acetate	material	(unrolled)	self	self	unrolled		
burgundy satin	material	(unrolled)	self	self	unrolled	300132902	
burgundy silk satin back crepe	material	(unrolled)	self	self	unrolled	300183741	
burinishing	material	(unrolled)	self	self	unrolled		
burlap	material	(unrolled)	self	self	unrolled	300014076	
burlap carrying bag	material	(unrolled)	self	self	unrolled		
burned cloth	material	(unrolled)	self	self	unrolled	300162391	
burnished earthenware	material	(unrolled)	self	self	unrolled	300140803	
butterfly wings collaged	material	(unrolled)	self	self	unrolled		
bxv	material	(unrolled)	self	self	unrolled		
c) gold spoon	material	(unrolled)	self	self	unrolled		
c) silk b) silk crepe	material	(unrolled)	self	self	unrolled	300183741	
cabinet	material	(unrolled)	self	self	unrolled		
cabinet card	material	(unrolled)	self	self	unrolled		
cabinet card photograph	material	(unrolled)	self	self	unrolled		
cabochon rubie	material	(unrolled)	self	self	unrolled		
calabash	material	(unrolled)	self	self	unrolled		
calabash gourd	material	(unrolled)	self	self	unrolled		
calameae	material	(unrolled)	self	self	unrolled		
calcite	material	(unrolled)	self	self	unrolled	300011078	
calcite mounted	material	(unrolled)	self	self	unrolled		
calendered silk twill weave bow	material	(unrolled)	self	self	unrolled		
calf binding	material	(unrolled)	self	self	unrolled	300421867	
calf lining	material	(unrolled)	self	self	unrolled	300162124	
calf onlay in multicolor	material	(unrolled)	self	self	unrolled		
calf shoe insoles bearing stamped copy number	material	(unrolled)	self	self	unrolled		
calf spine	material	(unrolled)	self	self	unrolled		
calfskin	material	(unrolled)	self	self	unrolled		
cambric	material	(unrolled)	self	self	unrolled		
cameild fiber	material	(unrolled)	self	self	unrolled		
camel	material	(unrolled)	self	self	unrolled	300266254	
camel fiber	material	(unrolled)	self	self	unrolled		
camel hair?	material	(unrolled)	self	self	unrolled		
camelid	material	(unrolled)	self	self	unrolled		
camelid fiber fringe	material	(unrolled)	self	self	unrolled	300227830	
camelid fiber?	material	(unrolled)	self	self	unrolled		
camelid-fiber	material	(unrolled)	self	self	unrolled		
cameo glas	material	(unrolled)	self	self	unrolled		
camlelid fiber	material	(unrolled)	self	self	unrolled		
camwood powder	material	(unrolled)	self	self	unrolled	300014647	
candlewick embroidered homespun linen	material	(unrolled)	self	self	unrolled	300014069	
cantu	material	(unrolled)	self	self	unrolled		
canvas[[watercolor]]	material	(unrolled)	self	self	unrolled		
capenet	material	(unrolled)	self	self	unrolled		
caramic basaltware	material	(unrolled)	self	self	unrolled		
carbon	material	(unrolled)	self	self	unrolled	300264720	
carbon pencil	material	(unrolled)	self	self	unrolled	300410335	
carborundum	material	(unrolled)	self	self	unrolled	300183644	
card	material	(unrolled)	self	self	unrolled		
card stock in squares applied to	material	(unrolled)	self	self	unrolled		
caribou	material	(unrolled)	self	self	unrolled		
caribou antler	material	(unrolled)	self	self	unrolled	300011796	
carpet	material	(unrolled)	self	self	unrolled		
carrara marble top	material	(unrolled)	self	self	unrolled	300121968	
carrickmacross guipure lace	material	(unrolled)	self	self	unrolled	300132861	
carrickmacross lace	material	(unrolled)	self	self	unrolled	300132861	
carte-de-visire	material	(unrolled)	self	self	unrolled		
carte-de-visite	material	(unrolled)	self	self	unrolled		
casco glue	material	(unrolled)	self	self	unrolled	300014815	
cased glas	material	(unrolled)	self	self	unrolled		
casein	material	(unrolled)	self	self	unrolled	300011799	
cashmere knit	material	(unrolled)	self	self	unrolled		
cashmere sleeveless top	material	(unrolled)	self	self	unrolled	300121968	
cashmere wool pin lace	material	(unrolled)	self	self	unrolled	300132861	
cassava starch-resist dyeing	material	(unrolled)	self	self	unrolled	300053049	
cassava starch-resist dyeing indigo	material	(unrolled)	self	self	unrolled	300013055	
cassette tape	material	(unrolled)	self	self	unrolled	300014685	
cassette tape in box	material	(unrolled)	self	self	unrolled		
cassowary	material	(unrolled)	self	self	unrolled		
cassowary bone	material	(unrolled)	self	self	unrolled	300011798	
cassowary leg bone	material	(unrolled)	self	self	unrolled	300011798	
cassowary's upper leg bone	material	(unrolled)	self	self	unrolled	300011798	
cast concrete	material	(unrolled)	self	self	unrolled	300010737	
caulk	material	(unrolled)	self	self	unrolled		
cayenne pepper	material	(unrolled)	self	self	unrolled	300389824	
ccotton	material	(unrolled)	self	self	unrolled		
cd	material	(unrolled)	self	self	unrolled		
cd attached inside	material	(unrolled)	self	self	unrolled		
cedar bark warp	material	(unrolled)	self	self	unrolled	300227930	
celadon jersey	material	(unrolled)	self	self	unrolled	300417884	
celadon silk satin	material	(unrolled)	self	self	unrolled	300132902	
celanese	material	(unrolled)	self	self	unrolled		
cellocut	material	(unrolled)	self	self	unrolled		
cellophane	material	(unrolled)	self	self	unrolled	300248126	
cellulose acetate negative	material	(unrolled)	self	self	unrolled	300173497	
cellulose nitrate negative	material	(unrolled)	self	self	unrolled	300173497	
cement	material	(unrolled)	self	self	unrolled	300010362	
cera	material	(unrolled)	self	self	unrolled		
ceramic - earthenware	material	(unrolled)	self	self	unrolled	300140803	
ceramic - earthenware light colored clay body white slip	material	(unrolled)	self	self	unrolled	300010459	
ceramic - earthenware pink clay body	material	(unrolled)	self	self	unrolled		
ceramic basaltware	material	(unrolled)	self	self	unrolled		
ceramic bead	material	(unrolled)	self	self	unrolled	300261776	
ceramic button	material	(unrolled)	self	self	unrolled		
ceramic earthenware	material	(unrolled)	self	self	unrolled	300140803	
chaining end	material	(unrolled)	self	self	unrolled	300078763	
chainsaw patination	material	(unrolled)	self	self	unrolled	300379761	
chalk pastel	material	(unrolled)	self	self	unrolled	300311039	
chalk under brush	material	(unrolled)	self	self	unrolled		
chambray	material	(unrolled)	self	self	unrolled	300410460	
chamoi	material	(unrolled)	self	self	unrolled		
champagne silk chiffon	material	(unrolled)	self	self	unrolled	300249449	
champleve enamel	material	(unrolled)	self	self	unrolled	300014910	
champlevé enameled	material	(unrolled)	self	self	unrolled		
champlévé enamel	material	(unrolled)	self	self	unrolled	300014910	
changeable silk taffeta	material	(unrolled)	self	self	unrolled	300249434	
changeable taffeta	material	(unrolled)	self	self	unrolled	300249434	
chantilly	material	(unrolled)	self	self	unrolled		
chantilly bobbin lace	material	(unrolled)	self	self	unrolled	300132861	
chantilly pillow lace	material	(unrolled)	self	self	unrolled	300132861	
chantilly silk bobbin lace	material	(unrolled)	self	self	unrolled	300132861	
chantilly silk lace	material	(unrolled)	self	self	unrolled	300132861	
chantilly style	material	(unrolled)	self	self	unrolled	300055835	
chantilly type	material	(unrolled)	self	self	unrolled	300233629	
chantilly? lace	material	(unrolled)	self	self	unrolled	300132861	
charcoal accented	material	(unrolled)	self	self	unrolled		
charcoal or black crayon	material	(unrolled)	self	self	unrolled		
charcoal or grease pencil	material	(unrolled)	self	self	unrolled	300410335	
charcoal pigment	material	(unrolled)	self	self	unrolled		
charcoal stumped	material	(unrolled)	self	self	unrolled		
charcoal wool crepe	material	(unrolled)	self	self	unrolled	300183741	
charcoaland opaque watercolor or temepra	material	(unrolled)	self	self	unrolled		
charmeuse	material	(unrolled)	self	self	unrolled	300417872	
chased gold metal mount	material	(unrolled)	self	self	unrolled		
chemise	material	(unrolled)	self	self	unrolled		
chemise covered	material	(unrolled)	self	self	unrolled		
chemise covered in black	material	(unrolled)	self	self	unrolled	300130920	
chemise covering is covered	material	(unrolled)	self	self	unrolled		
chemise i	material	(unrolled)	self	self	unrolled		
chemise in black cloth	material	(unrolled)	self	self	unrolled	300162391	
chemise in cloth-backed marbled board	material	(unrolled)	self	self	unrolled		
chemise is covered	material	(unrolled)	self	self	unrolled		
chemise is marbled paper covered board	material	(unrolled)	self	self	unrolled		
chemise is veneer	material	(unrolled)	self	self	unrolled	300012855	
chemise is wood veneer	material	(unrolled)	self	self	unrolled	300012855	
chemsie is cloth	material	(unrolled)	self	self	unrolled	300162391	
chenille fringe	material	(unrolled)	self	self	unrolled	300227830	
chenille tassel	material	(unrolled)	self	self	unrolled	300232185	
chenille.	material	(unrolled)	self	self	unrolled		
cherry block	material	(unrolled)	self	self	unrolled		
cherry carcas	material	(unrolled)	self	self	unrolled		
chestnut silk taffeta	material	(unrolled)	self	self	unrolled	300249434	
chiffon c) machine-made fabric	material	(unrolled)	self	self	unrolled		
chiffon inset	material	(unrolled)	self	self	unrolled		
chiffon lining.	material	(unrolled)	self	self	unrolled		
chili	material	(unrolled)	self	self	unrolled		
china	material	(unrolled)	self	self	unrolled		
chine	material	(unrolled)	self	self	unrolled		
chine bound in	material	(unrolled)	self	self	unrolled		
chine colle linen	material	(unrolled)	self	self	unrolled	300014069	
chine collé encapsulated in plastic resin	material	(unrolled)	self	self	unrolled	300012882	
chine satine	material	(unrolled)	self	self	unrolled		
chine volant	material	(unrolled)	self	self	unrolled		
chine' silk taffeta	material	(unrolled)	self	self	unrolled	300249434	
chinese lacquer	material	(unrolled)	self	self	unrolled	300014916	
chinese silk	material	(unrolled)	self	self	unrolled	300132896	
chinese silk lining	material	(unrolled)	self	self	unrolled	300162124	
chinese woodblock	material	(unrolled)	self	self	unrolled		
chintz	material	(unrolled)	self	self	unrolled	300132876	
chlorophyll	material	(unrolled)	self	self	unrolled	300013127	
chocolate silk velvet	material	(unrolled)	self	self	unrolled	300133711	
chording	material	(unrolled)	self	self	unrolled		
chrome plated bras	material	(unrolled)	self	self	unrolled		
chronoflex	material	(unrolled)	self	self	unrolled		
cialux midnight blue rayon book cloth	material	(unrolled)	self	self	unrolled	300162391	
cigar band	material	(unrolled)	self	self	unrolled		
cigarette package	material	(unrolled)	self	self	unrolled		
cinnabar	material	(unrolled)	self	self	unrolled	300311452	
cinnabar pigment	material	(unrolled)	self	self	unrolled		
cinnabar trace	material	(unrolled)	self	self	unrolled		
circlet	material	(unrolled)	self	self	unrolled		
circular steel canister	material	(unrolled)	self	self	unrolled		
cisele velvet	material	(unrolled)	self	self	unrolled	300133711	
cisele voided silk velvet	material	(unrolled)	self	self	unrolled	300133711	
ciselé velvet	material	(unrolled)	self	self	unrolled	300133711	
clam shell	material	(unrolled)	self	self	unrolled	300011829	
clam shell box covered	material	(unrolled)	self	self	unrolled		
clam shell box covered in dark beige linen	material	(unrolled)	self	self	unrolled	300014069	
clam shell box is covered	material	(unrolled)	self	self	unrolled		
clam shell box is covered in red linen	material	(unrolled)	self	self	unrolled	300014069	
clam-shell box covered	material	(unrolled)	self	self	unrolled		
clam-shell box covered in beige book cloth	material	(unrolled)	self	self	unrolled	300162391	
clam-shell box covered in blue cloth	material	(unrolled)	self	self	unrolled	300162391	
clam-shell box covering in light beige cloth	material	(unrolled)	self	self	unrolled	300162391	
clamshell	material	(unrolled)	self	self	unrolled		
clamshell box	material	(unrolled)	self	self	unrolled		
clamshell box covered	material	(unrolled)	self	self	unrolled		
clamshell box covered in black book cloth	material	(unrolled)	self	self	unrolled	300162391	
clamshell box covered in burgundy cloth	material	(unrolled)	self	self	unrolled	300162391	
clamshell box is covered in grey cloth	material	(unrolled)	self	self	unrolled	300162391	
claw - seal	material	(unrolled)	self	self	unrolled		
clay bead	material	(unrolled)	self	self	unrolled	300261776	
clay brick bookend	material	(unrolled)	self	self	unrolled		
clay button	material	(unrolled)	self	self	unrolled		
clay filler	material	(unrolled)	self	self	unrolled	300080665	
clay or stone?	material	(unrolled)	self	self	unrolled		
clay pigment	material	(unrolled)	self	self	unrolled		
clear	material	(unrolled)	self	self	unrolled		
clear glas	material	(unrolled)	self	self	unrolled		
clear laminated glas	material	(unrolled)	self	self	unrolled		
clear peridot glass bead	material	(unrolled)	self	self	unrolled	300261776	
clear plastic	material	(unrolled)	self	self	unrolled	300014570	
clear plastic window framed in cloth	material	(unrolled)	self	self	unrolled	300162391	
clear pressed lacy glas	material	(unrolled)	self	self	unrolled		
clear soda lime glas	material	(unrolled)	self	self	unrolled		
clear vinyl	material	(unrolled)	self	self	unrolled	300014502	
clear yellow glas	material	(unrolled)	self	self	unrolled		
cliche verre	material	(unrolled)	self	self	unrolled		
cliche-verre	material	(unrolled)	self	self	unrolled		
cloisonne	material	(unrolled)	self	self	unrolled		
cloisonné enamel	material	(unrolled)	self	self	unrolled	300014910	
cloisonné enamel color	material	(unrolled)	self	self	unrolled	300131647	
cloisonné enameled	material	(unrolled)	self	self	unrolled		
cloth appliqué	material	(unrolled)	self	self	unrolled		
cloth back	material	(unrolled)	self	self	unrolled		
cloth bound book	material	(unrolled)	self	self	unrolled		
cloth bound book in slipcase	material	(unrolled)	self	self	unrolled		
cloth buttons sewn to a warp-faced plan weave substructure	material	(unrolled)	self	self	unrolled		
cloth chemise	material	(unrolled)	self	self	unrolled		
cloth covered box	material	(unrolled)	self	self	unrolled		
cloth covered chemise	material	(unrolled)	self	self	unrolled		
cloth covered slipcase	material	(unrolled)	self	self	unrolled		
cloth mounted	material	(unrolled)	self	self	unrolled		
cloth or linen	material	(unrolled)	self	self	unrolled	300014069	
cloth ornament	material	(unrolled)	self	self	unrolled		
cloth spine	material	(unrolled)	self	self	unrolled		
cloth strip	material	(unrolled)	self	self	unrolled		
cloth tape	material	(unrolled)	self	self	unrolled	300014685	
cloth-bound book	material	(unrolled)	self	self	unrolled		
cloth-bound book inside plexiglass slipcase	material	(unrolled)	self	self	unrolled		
cloth-covered clamshell box	material	(unrolled)	self	self	unrolled		
cloth.	material	(unrolled)	self	self	unrolled		
clothe	material	(unrolled)	self	self	unrolled		
clothing	material	(unrolled)	self	self	unrolled	300266639	
cluny bobbin lace	material	(unrolled)	self	self	unrolled	300391108	
cluny lace	material	(unrolled)	self	self	unrolled	300132861	
coal dust	material	(unrolled)	self	self	unrolled	300014646	
coarse thread	material	(unrolled)	self	self	unrolled	300014250	
coarse weave grey cloth chemise	material	(unrolled)	self	self	unrolled		
coat: silk satin weave	material	(unrolled)	self	self	unrolled		
coat: wool houndstooth	material	(unrolled)	self	self	unrolled	300266442	
coated cotton plain weave	material	(unrolled)	self	self	unrolled		
coated plastic sequin	material	(unrolled)	self	self	unrolled		
cobalt glaze	material	(unrolled)	self	self	unrolled	300015091	
cobalt oxide	material	(unrolled)	self	self	unrolled	300233422	
cochin type	material	(unrolled)	self	self	unrolled	300233629	
cochineal dyed	material	(unrolled)	self	self	unrolled		
cocoanut fiber	material	(unrolled)	self	self	unrolled		
cocoanut fibre	material	(unrolled)	self	self	unrolled		
cocoanut shell	material	(unrolled)	self	self	unrolled	300011829	
coconut	material	(unrolled)	self	self	unrolled		
coconut disk	material	(unrolled)	self	self	unrolled		
coconut fiber	material	(unrolled)	self	self	unrolled		
coconut fiber braided	material	(unrolled)	self	self	unrolled		
coconut fiber sennit	material	(unrolled)	self	self	unrolled	300379318	
coconut fibre	material	(unrolled)	self	self	unrolled		
coconut leave	material	(unrolled)	self	self	unrolled		
coconut palm leave	material	(unrolled)	self	self	unrolled		
coconut sheath	material	(unrolled)	self	self	unrolled		
coconut wood ring	material	(unrolled)	self	self	unrolled		
coffee	material	(unrolled)	self	self	unrolled	300254662	
coffee stain	material	(unrolled)	self	self	unrolled	300014968	
coiled	material	(unrolled)	self	self	unrolled		
coiled earthenware	material	(unrolled)	self	self	unrolled	300140803	
coiled element	material	(unrolled)	self	self	unrolled		
coiled fiber	material	(unrolled)	self	self	unrolled		
coiled fringe	material	(unrolled)	self	self	unrolled	300227830	
coiled wire	material	(unrolled)	self	self	unrolled	300011063	
coiling	material	(unrolled)	self	self	unrolled	300053903	
coin silver including silver dollar	material	(unrolled)	self	self	unrolled		
cold wax	material	(unrolled)	self	self	unrolled	300014585	
collage element	material	(unrolled)	self	self	unrolled		
collage elements in black	material	(unrolled)	self	self	unrolled	300130920	
collage in color	material	(unrolled)	self	self	unrolled	300131647	
collage. kites are watercolors collaged onto orange crate labels. title	material	(unrolled)	self	self	unrolled	300055726	
collage: black	material	(unrolled)	self	self	unrolled	300130920	
collaged element	material	(unrolled)	self	self	unrolled		
collaged magazine page	material	(unrolled)	self	self	unrolled		
collaged pink	material	(unrolled)	self	self	unrolled	300124707	
collages in plexiglas box	material	(unrolled)	self	self	unrolled		
collar	material	(unrolled)	self	self	unrolled		
colophon	material	(unrolled)	self	self	unrolled		
colophon.	material	(unrolled)	self	self	unrolled		
color photeching	material	(unrolled)	self	self	unrolled		
color photoreproductionsof painting	material	(unrolled)	self	self	unrolled	300054216	
color reproduction	material	(unrolled)	self	self	unrolled	300404313	
color.	material	(unrolled)	self	self	unrolled		
colores pencil	material	(unrolled)	self	self	unrolled	300410335	
coloring in red	material	(unrolled)	self	self	unrolled	300126225	
colorless lead glas	material	(unrolled)	self	self	unrolled		
colors applied by hand	material	(unrolled)	self	self	unrolled	300221683	
colors painted	material	(unrolled)	self	self	unrolled		
combed alpaca plain weave	material	(unrolled)	self	self	unrolled		
combination bobbin	material	(unrolled)	self	self	unrolled		
combination lace	material	(unrolled)	self	self	unrolled	300132861	
combination machine made lace	material	(unrolled)	self	self	unrolled	300132861	
combination needle lace	material	(unrolled)	self	self	unrolled	300132861	
commercial binder	material	(unrolled)	self	self	unrolled	300014720	
commercial broadcloth	material	(unrolled)	self	self	unrolled	300411398	
commercial cloth	material	(unrolled)	self	self	unrolled	300162391	
commercial cotton backing	material	(unrolled)	self	self	unrolled	300227764	
commercial cotton fabric	material	(unrolled)	self	self	unrolled		
commercial cotton fiber	material	(unrolled)	self	self	unrolled		
commercial cotton thread	material	(unrolled)	self	self	unrolled	300014250	
commercial cotton twill weave	material	(unrolled)	self	self	unrolled		
commercial damask	material	(unrolled)	self	self	unrolled	300163295	
commercial dye	material	(unrolled)	self	self	unrolled	300013029	
commercial fabric	material	(unrolled)	self	self	unrolled		
commercial fiber	material	(unrolled)	self	self	unrolled		
commercial glass bead	material	(unrolled)	self	self	unrolled	300261776	
commercial plain weave	material	(unrolled)	self	self	unrolled		
commercial trade cloth	material	(unrolled)	self	self	unrolled	300162391	
commercial tradecloth	material	(unrolled)	self	self	unrolled		
commercial velvet	material	(unrolled)	self	self	unrolled	300133711	
commercially woven	material	(unrolled)	self	self	unrolled		
commerical cotton cloth	material	(unrolled)	self	self	unrolled	300162391	
compact disc	material	(unrolled)	self	self	unrolled		
compass work	material	(unrolled)	self	self	unrolled		
complementary warp weave	material	(unrolled)	self	self	unrolled		
complementary weft weave	material	(unrolled)	self	self	unrolled		
complementary-warp weave	material	(unrolled)	self	self	unrolled		
complementary-weft weave	material	(unrolled)	self	self	unrolled		
complex compound weave	material	(unrolled)	self	self	unrolled		
complimentary warp weave	material	(unrolled)	self	self	unrolled		
complimentary-warp weave	material	(unrolled)	self	self	unrolled		
conch shell	material	(unrolled)	self	self	unrolled	300011829	
concrete	material	(unrolled)	self	self	unrolled	300010737	
cone shell	material	(unrolled)	self	self	unrolled	300261859	
contained in a cigar box accompanied by reproduction	material	(unrolled)	self	self	unrolled	300404313	
contained in dark brown cloth covered clamshell box	material	(unrolled)	self	self	unrolled		
conte crayon	material	(unrolled)	self	self	unrolled		
conte' crayon	material	(unrolled)	self	self	unrolled		
contemporary hand color	material	(unrolled)	self	self	unrolled	300131647	
content	material	(unrolled)	self	self	unrolled		
continou	material	(unrolled)	self	self	unrolled		
continuo	material	(unrolled)	self	self	unrolled		
continuou	material	(unrolled)	self	self	unrolled		
continuous supplementary-weft patterning	material	(unrolled)	self	self	unrolled	300248891	
continuous weft-patterning	material	(unrolled)	self	self	unrolled		
contrasting color	material	(unrolled)	self	self	unrolled	300131647	
conté crayon	material	(unrolled)	self	self	unrolled		
conu	material	(unrolled)	self	self	unrolled		
conus shell	material	(unrolled)	self	self	unrolled	300011829	
conus shell disc	material	(unrolled)	self	self	unrolled		
copal	material	(unrolled)	self	self	unrolled	300012910	
copper ?	material	(unrolled)	self	self	unrolled		
copper alloy bead	material	(unrolled)	self	self	unrolled	300261776	
copper alloy rivet	material	(unrolled)	self	self	unrolled		
copper alloy sheet	material	(unrolled)	self	self	unrolled		
copper alloy tack	material	(unrolled)	self	self	unrolled		
copper anklet	material	(unrolled)	self	self	unrolled		
copper basket	material	(unrolled)	self	self	unrolled	300107651	
copper bowl	material	(unrolled)	self	self	unrolled		
copper eye	material	(unrolled)	self	self	unrolled		
copper frame	material	(unrolled)	self	self	unrolled		
copper gilt	material	(unrolled)	self	self	unrolled		
copper gilt wire	material	(unrolled)	self	self	unrolled	300011063	
copper hardware	material	(unrolled)	self	self	unrolled	300033260	
copper inlay	material	(unrolled)	self	self	unrolled	300053850	
copper inner receptacle	material	(unrolled)	self	self	unrolled		
copper insert	material	(unrolled)	self	self	unrolled		
copper lustre	material	(unrolled)	self	self	unrolled		
copper lustre ware	material	(unrolled)	self	self	unrolled	300244578	
copper metal alloy bead	material	(unrolled)	self	self	unrolled	300261776	
copper metal alloy buckle	material	(unrolled)	self	self	unrolled		
copper metal alloy floral sequin	material	(unrolled)	self	self	unrolled		
copper nail	material	(unrolled)	self	self	unrolled		
copper ring	material	(unrolled)	self	self	unrolled		
copper silk plush	material	(unrolled)	self	self	unrolled	300227875	
copper silk taffeta	material	(unrolled)	self	self	unrolled	300249434	
copper strip	material	(unrolled)	self	self	unrolled		
copper surface	material	(unrolled)	self	self	unrolled		
copper tack	material	(unrolled)	self	self	unrolled		
copper velvet	material	(unrolled)	self	self	unrolled	300133711	
copper wire	material	(unrolled)	self	self	unrolled	300011063	
copper-coated zinc caming	material	(unrolled)	self	self	unrolled		
copper-gilt	material	(unrolled)	self	self	unrolled		
copper-plate	material	(unrolled)	self	self	unrolled		
copperplate	material	(unrolled)	self	self	unrolled	300195886	
copperplate deluxe	material	(unrolled)	self	self	unrolled		
copperpoint	material	(unrolled)	self	self	unrolled		
copperstone	material	(unrolled)	self	self	unrolled		
copy toner	material	(unrolled)	self	self	unrolled	300254720	
coral	material	(unrolled)	self	self	unrolled	300011800	
coral bead	material	(unrolled)	self	self	unrolled	300261776	
coral silk gros de tour	material	(unrolled)	self	self	unrolled		
coral silk matelasse	material	(unrolled)	self	self	unrolled		
coral?	material	(unrolled)	self	self	unrolled		
coraline point lace	material	(unrolled)	self	self	unrolled	300132861	
corded dyed plant fiber	material	(unrolled)	self	self	unrolled		
corded undyed linen	material	(unrolled)	self	self	unrolled	300014069	
cording	material	(unrolled)	self	self	unrolled		
corduroy	material	(unrolled)	self	self	unrolled	300014080	
core-formed glas	material	(unrolled)	self	self	unrolled		
core-formed marbled glas	material	(unrolled)	self	self	unrolled		
cork shell	material	(unrolled)	self	self	unrolled	300011829	
corked	material	(unrolled)	self	self	unrolled		
costume jewelry	material	(unrolled)	self	self	unrolled	300211360	
coton	material	(unrolled)	self	self	unrolled		
cotton [and camelid fiber?]	material	(unrolled)	self	self	unrolled		
cotton accessory pile	material	(unrolled)	self	self	unrolled	300227868	
cotton back	material	(unrolled)	self	self	unrolled		
cotton backing	material	(unrolled)	self	self	unrolled	300227764	
cotton basket weave	material	(unrolled)	self	self	unrolled		
cotton basketweave	material	(unrolled)	self	self	unrolled		
cotton batiste	material	(unrolled)	self	self	unrolled	300183634	
cotton blend	material	(unrolled)	self	self	unrolled		
cotton blend chenille	material	(unrolled)	self	self	unrolled	300227801	
cotton blend plain weave	material	(unrolled)	self	self	unrolled		
cotton bobbin lace	material	(unrolled)	self	self	unrolled	300132861	
cotton brocaded	material	(unrolled)	self	self	unrolled		
cotton calendered	material	(unrolled)	self	self	unrolled		
cotton canva	material	(unrolled)	self	self	unrolled		
cotton chenille	material	(unrolled)	self	self	unrolled	300227801	
cotton chintz	material	(unrolled)	self	self	unrolled	300132876	
cotton cloth	material	(unrolled)	self	self	unrolled	300162391	
cotton cord	material	(unrolled)	self	self	unrolled	300014247	
cotton cord trim	material	(unrolled)	self	self	unrolled		
cotton cord wrapped	material	(unrolled)	self	self	unrolled		
cotton corduroy	material	(unrolled)	self	self	unrolled	300014080	
cotton crochet	material	(unrolled)	self	self	unrolled	300264038	
cotton damask	material	(unrolled)	self	self	unrolled	300163295	
cotton denim	material	(unrolled)	self	self	unrolled	300014068	
cotton dimity embroidered	material	(unrolled)	self	self	unrolled		
cotton duck	material	(unrolled)	self	self	unrolled	300132884	
cotton dye	material	(unrolled)	self	self	unrolled	300013029	
cotton eyelet	material	(unrolled)	self	self	unrolled		
cotton fiber	material	(unrolled)	self	self	unrolled		
cotton flannel	material	(unrolled)	self	self	unrolled	300132886	
cotton flannel backing	material	(unrolled)	self	self	unrolled	300227764	
cotton flos	material	(unrolled)	self	self	unrolled		
cotton fringe	material	(unrolled)	self	self	unrolled	300227830	
cotton gauze	material	(unrolled)	self	self	unrolled	300014083	
cotton gros de tour	material	(unrolled)	self	self	unrolled		
cotton ground	material	(unrolled)	self	self	unrolled	300015297	
cotton knit	material	(unrolled)	self	self	unrolled		
cotton lace	material	(unrolled)	self	self	unrolled	300132861	
cotton lawn	material	(unrolled)	self	self	unrolled	300249444	
cotton limerick lace	material	(unrolled)	self	self	unrolled	300132861	
cotton lining	material	(unrolled)	self	self	unrolled	300162124	
cotton lisle	material	(unrolled)	self	self	unrolled		
cotton machine lace	material	(unrolled)	self	self	unrolled	300132861	
cotton machine net	material	(unrolled)	self	self	unrolled	300249438	
cotton machine-made lace underlay	material	(unrolled)	self	self	unrolled		
cotton matelassé	material	(unrolled)	self	self	unrolled		
cotton mesh	material	(unrolled)	self	self	unrolled	300014654	
cotton mola	material	(unrolled)	self	self	unrolled		
cotton mull	material	(unrolled)	self	self	unrolled		
cotton muslin backing	material	(unrolled)	self	self	unrolled	300227764	
cotton net	material	(unrolled)	self	self	unrolled	300249438	
cotton or bleached linen plain weave	material	(unrolled)	self	self	unrolled		
cotton or flannel?	material	(unrolled)	self	self	unrolled		
cotton or linen	material	(unrolled)	self	self	unrolled	300014069	
cotton or linen laci	material	(unrolled)	self	self	unrolled		
cotton or linen lining	material	(unrolled)	self	self	unrolled	300162124	
cotton or linen mull	material	(unrolled)	self	self	unrolled		
cotton or linen tape	material	(unrolled)	self	self	unrolled	300014685	
cotton or linen?	material	(unrolled)	self	self	unrolled		
cotton painted	material	(unrolled)	self	self	unrolled		
cotton paper fiber	material	(unrolled)	self	self	unrolled		
cotton patche	material	(unrolled)	self	self	unrolled		
cotton pique	material	(unrolled)	self	self	unrolled		
cotton plain weave	material	(unrolled)	self	self	unrolled		
cotton plain weave appliqué	material	(unrolled)	self	self	unrolled		
cotton plain weave backing	material	(unrolled)	self	self	unrolled	300227764	
cotton plain-weave lining	material	(unrolled)	self	self	unrolled	300162124	
cotton plush	material	(unrolled)	self	self	unrolled	300227875	
cotton poplin	material	(unrolled)	self	self	unrolled	300417855	
cotton rib-knit cuff	material	(unrolled)	self	self	unrolled		
cotton rose point imitation honiton	material	(unrolled)	self	self	unrolled		
cotton sari fabric	material	(unrolled)	self	self	unrolled		
cotton string	material	(unrolled)	self	self	unrolled	300014249	
cotton tabby	material	(unrolled)	self	self	unrolled	300010423	
cotton tape	material	(unrolled)	self	self	unrolled	300014685	
cotton thread	material	(unrolled)	self	self	unrolled	300014250	
cotton thread tassel	material	(unrolled)	self	self	unrolled	300232185	
cotton ticking lining	material	(unrolled)	self	self	unrolled	300162124	
cotton tulle	material	(unrolled)	self	self	unrolled	300256611	
cotton tweed	material	(unrolled)	self	self	unrolled	300132867	
cotton twill	material	(unrolled)	self	self	unrolled	300227915	
cotton twill lining	material	(unrolled)	self	self	unrolled	300162124	
cotton twill tie	material	(unrolled)	self	self	unrolled	300391271	
cotton twill trim	material	(unrolled)	self	self	unrolled		
cotton twill weave	material	(unrolled)	self	self	unrolled		
cotton velvet	material	(unrolled)	self	self	unrolled	300133711	
cotton velveteen	material	(unrolled)	self	self	unrolled	300227925	
cotton voile	material	(unrolled)	self	self	unrolled	300417858	
cotton warp	material	(unrolled)	self	self	unrolled	300227930	
cotton warp knitting	material	(unrolled)	self	self	unrolled	300053634	
cotton warp-faced plain weave	material	(unrolled)	self	self	unrolled		
cotton yarn	material	(unrolled)	self	self	unrolled	300014252	
cotton-polyester blend plain weave	material	(unrolled)	self	self	unrolled		
cotton.	material	(unrolled)	self	self	unrolled		
cotton/polyester blend sheeting	material	(unrolled)	self	self	unrolled	300227894	
cotton/synthetic grosgrain ribbon	material	(unrolled)	self	self	unrolled	300014668	
cotton?	material	(unrolled)	self	self	unrolled		
cotton? knit	material	(unrolled)	self	self	unrolled		
cotton? pique	material	(unrolled)	self	self	unrolled		
couched metal-wrapped cotton thread	material	(unrolled)	self	self	unrolled	300014250	
couched thread	material	(unrolled)	self	self	unrolled	300014250	
coventry rag all cotton paper. van dijck	material	(unrolled)	self	self	unrolled		
cover	material	(unrolled)	self	self	unrolled		
cover paper is faux woodgrain commercial paper stock	material	(unrolled)	self	self	unrolled		
cover.	material	(unrolled)	self	self	unrolled		
covered by a soft jacket	material	(unrolled)	self	self	unrolled		
covered in natural color buckram cloth	material	(unrolled)	self	self	unrolled	300162391	
cow bone	material	(unrolled)	self	self	unrolled	300011798	
cow skeleton	material	(unrolled)	self	self	unrolled		
cowerie shell	material	(unrolled)	self	self	unrolled	300011829	
cowrie	material	(unrolled)	self	self	unrolled		
cowrie shell.	material	(unrolled)	self	self	unrolled		
cowry shell	material	(unrolled)	self	self	unrolled	300011829	
crayon addition	material	(unrolled)	self	self	unrolled		
crayon brush	material	(unrolled)	self	self	unrolled		
crayon piece	material	(unrolled)	self	self	unrolled		
crayon resist	material	(unrolled)	self	self	unrolled	300015308	
crayon-manner	material	(unrolled)	self	self	unrolled		
cream	material	(unrolled)	self	self	unrolled	300266242	
cream antique laid paper tinted red	material	(unrolled)	self	self	unrolled	300126225	
cream antique laid paper v: graphite	material	(unrolled)	self	self	unrolled	300011098	
cream antique laid paperverso: red chalk	material	(unrolled)	self	self	unrolled	300011727	
cream cotton cord	material	(unrolled)	self	self	unrolled	300014247	
cream cotton velvet	material	(unrolled)	self	self	unrolled	300133711	
cream embroidered silk organdie	material	(unrolled)	self	self	unrolled		
cream figured georgette	material	(unrolled)	self	self	unrolled		
cream flannel	material	(unrolled)	self	self	unrolled	300132886	
cream japon wrapper	material	(unrolled)	self	self	unrolled		
cream lace	material	(unrolled)	self	self	unrolled	300132861	
cream laid paper affixed to paper mount. oval border in black watercolor	material	(unrolled)	self	self	unrolled		
cream paper pasted to spine	material	(unrolled)	self	self	unrolled		
cream rives bfk	material	(unrolled)	self	self	unrolled		
cream satin	material	(unrolled)	self	self	unrolled	300132902	
cream silk crepe	material	(unrolled)	self	self	unrolled	300183741	
cream silk gros de tour	material	(unrolled)	self	self	unrolled		
cream silk ottoman	material	(unrolled)	self	self	unrolled	300021614	
cream silk taffeta	material	(unrolled)	self	self	unrolled	300249434	
cream snakeskin	material	(unrolled)	self	self	unrolled		
cream wool crepe	material	(unrolled)	self	self	unrolled	300183741	
cream wool flannel	material	(unrolled)	self	self	unrolled	300132886	
cream wool knit	material	(unrolled)	self	self	unrolled		
cream wrapper	material	(unrolled)	self	self	unrolled		
creamware	material	(unrolled)	self	self	unrolled	300163214	
creme charmeuse	material	(unrolled)	self	self	unrolled	300417872	
crepe	material	(unrolled)	self	self	unrolled	300183741	
crepe de chine	material	(unrolled)	self	self	unrolled		
crepe georgette	material	(unrolled)	self	self	unrolled		
crepe sole	material	(unrolled)	self	self	unrolled		
crinoline	material	(unrolled)	self	self	unrolled		
cristalina	material	(unrolled)	self	self	unrolled		
crochet lace	material	(unrolled)	self	self	unrolled	300132861	
crochet or knotted netting	material	(unrolled)	self	self	unrolled	300053637	
crocheted filet lace	material	(unrolled)	self	self	unrolled	300132861	
crocheted lace	material	(unrolled)	self	self	unrolled	300132861	
crushed glas	material	(unrolled)	self	self	unrolled		
crushed velvet	material	(unrolled)	self	self	unrolled	300133711	
crusty pigment	material	(unrolled)	self	self	unrolled		
crystal bead	material	(unrolled)	self	self	unrolled	300261776	
crystal bugle	material	(unrolled)	self	self	unrolled		
crystal glas	material	(unrolled)	self	self	unrolled		
cuff	material	(unrolled)	self	self	unrolled		
culs-de-lampe	material	(unrolled)	self	self	unrolled	300251123	
curved ebony handle	material	(unrolled)	self	self	unrolled		
curved lines creating an incised circle	material	(unrolled)	self	self	unrolled		
custom box	material	(unrolled)	self	self	unrolled		
cut cowrie shell eye	material	(unrolled)	self	self	unrolled		
cut fringe	material	(unrolled)	self	self	unrolled	300227830	
cut glas	material	(unrolled)	self	self	unrolled		
cut lead glas	material	(unrolled)	self	self	unrolled		
cut or stamped velvet	material	(unrolled)	self	self	unrolled	300133711	
cut steel bead	material	(unrolled)	self	self	unrolled	300261776	
cut steel button	material	(unrolled)	self	self	unrolled		
cut velvet	material	(unrolled)	self	self	unrolled	300227822	
cut velvet brocade	material	(unrolled)	self	self	unrolled	300227779	
cut voided velvet	material	(unrolled)	self	self	unrolled	300133711	
cut voided-velvet	material	(unrolled)	self	self	unrolled		
cut warp end	material	(unrolled)	self	self	unrolled	300078763	
cut wool fringe	material	(unrolled)	self	self	unrolled	300227830	
cut-glas	material	(unrolled)	self	self	unrolled		
cutwork linen	material	(unrolled)	self	self	unrolled	300014069	
cylindrical tubes penetrate the box	material	(unrolled)	self	self	unrolled		
d.p	material	(unrolled)	self	self	unrolled		
dab	material	(unrolled)	self	self	unrolled		
dallastint proces	material	(unrolled)	self	self	unrolled		
damask	material	(unrolled)	self	self	unrolled	300163295	
damask brocade	material	(unrolled)	self	self	unrolled	300227779	
damask weave	material	(unrolled)	self	self	unrolled		
damask?	material	(unrolled)	self	self	unrolled		
dark beige linen	material	(unrolled)	self	self	unrolled	300014069	
dark blue morocco	material	(unrolled)	self	self	unrolled		
dark blue morroco	material	(unrolled)	self	self	unrolled		
dark blue stitched felt	material	(unrolled)	self	self	unrolled	300014107	
dark blue velvet	material	(unrolled)	self	self	unrolled	300133711	
dark brown	material	(unrolled)	self	self	unrolled	300127526	
dark brown silk chiffon	material	(unrolled)	self	self	unrolled	300249449	
dark brown watercolor	material	(unrolled)	self	self	unrolled		
dark ecru embroidered net	material	(unrolled)	self	self	unrolled	300249438	
dark gray	material	(unrolled)	self	self	unrolled	300130854	
dark gray wash	material	(unrolled)	self	self	unrolled	300011051	
dark green background	material	(unrolled)	self	self	unrolled	300056369	
dark green glas	material	(unrolled)	self	self	unrolled		
dark green schist	material	(unrolled)	self	self	unrolled	300011626	
dark indigo denim	material	(unrolled)	self	self	unrolled	300014068	
dark orange shearling	material	(unrolled)	self	self	unrolled		
dark orange silk rep	material	(unrolled)	self	self	unrolled		
dark red	material	(unrolled)	self	self	unrolled	300126317	
dark red velvet	material	(unrolled)	self	self	unrolled	300133711	
dark wash	material	(unrolled)	self	self	unrolled	300011051	
dated in graphite 'juillet 1922 / la fresnaye'	material	(unrolled)	self	self	unrolled		
deal	material	(unrolled)	self	self	unrolled		
decal overglaze	material	(unrolled)	self	self	unrolled	300252619	
deck ledge	material	(unrolled)	self	self	unrolled		
decorated abstract paper shapes laid down along spine	material	(unrolled)	self	self	unrolled		
decorated page	material	(unrolled)	self	self	unrolled		
deep blue velvet	material	(unrolled)	self	self	unrolled	300133711	
deep purple silk taffeta	material	(unrolled)	self	self	unrolled	300249434	
deep red silk chiffon	material	(unrolled)	self	self	unrolled	300249449	
deep turquoise silk jersey	material	(unrolled)	self	self	unrolled	300417884	
deer	material	(unrolled)	self	self	unrolled		
delrin	material	(unrolled)	self	self	unrolled	300379607	
denim	material	(unrolled)	self	self	unrolled	300014068	
dentalium shell	material	(unrolled)	self	self	unrolled	300011829	
derived float weave	material	(unrolled)	self	self	unrolled		
design binding by devauchelle: full leather in red chagrin	material	(unrolled)	self	self	unrolled		
diagonal plaiting	material	(unrolled)	self	self	unrolled		
diamante	material	(unrolled)	self	self	unrolled		
diamond dust	material	(unrolled)	self	self	unrolled	300014646	
diamond-twill weave	material	(unrolled)	self	self	unrolled		
diaper pattern	material	(unrolled)	self	self	unrolled		
die-cutting	material	(unrolled)	self	self	unrolled		
digital jacquard woven	material	(unrolled)	self	self	unrolled		
digital pigment photograph	material	(unrolled)	self	self	unrolled		
dime	material	(unrolled)	self	self	unrolled	300264582	
diorite	material	(unrolled)	self	self	unrolled	300011214	
direct dye	material	(unrolled)	self	self	unrolled	300013029	
direct gravure copperplate intaglio	material	(unrolled)	self	self	unrolled	300186231	
dirt	material	(unrolled)	self	self	unrolled		
disc	material	(unrolled)	self	self	unrolled		
discolored to brown	material	(unrolled)	self	self	unrolled	300127490	
discontinous suplementary weft-patterning	material	(unrolled)	self	self	unrolled		
discontinous supplementar- weft patterning	material	(unrolled)	self	self	unrolled	300248891	
discontinous supplementary weft patterning	material	(unrolled)	self	self	unrolled	300248891	
discontinous supplementary-weft patterning	material	(unrolled)	self	self	unrolled	300248891	
discontinous supplmentary-weft patterning	material	(unrolled)	self	self	unrolled	300248891	
discontinous weft-patterning	material	(unrolled)	self	self	unrolled		
discontinuou	material	(unrolled)	self	self	unrolled		
discontinuous double interconnected looping	material	(unrolled)	self	self	unrolled		
discontinuous interlocking warp	material	(unrolled)	self	self	unrolled	300227930	
discontinuous supplementary weft brocading	material	(unrolled)	self	self	unrolled	300053648	
discontinuous supplementary weft patterning	material	(unrolled)	self	self	unrolled	300248891	
discontinuous supplementary weft wrapping	material	(unrolled)	self	self	unrolled	300234992	
discontinuous supplementary weft-wrapping	material	(unrolled)	self	self	unrolled		
discontinuous supplementary wft patterning	material	(unrolled)	self	self	unrolled	300248891	
discontinuous supplementary-weft float patterning	material	(unrolled)	self	self	unrolled	300248891	
discontinuous supplementrary weft patterning	material	(unrolled)	self	self	unrolled	300248891	
discontinuous supplemetary-weft patterning	material	(unrolled)	self	self	unrolled	300248891	
discontinuous warp	material	(unrolled)	self	self	unrolled	300227930	
discontinuous weft	material	(unrolled)	self	self	unrolled	300227934	
discontinuous weft brocading	material	(unrolled)	self	self	unrolled	300053648	
discontinuous weft patterning	material	(unrolled)	self	self	unrolled	300248891	
discontinuous-supplementary weft-wrapping	material	(unrolled)	self	self	unrolled		
discontinuous-weft patterning	material	(unrolled)	self	self	unrolled	300248891	
discontinuous-weft patterning?	material	(unrolled)	self	self	unrolled		
discontinutous supplementary-weft brocading	material	(unrolled)	self	self	unrolled	300053648	
disk	material	(unrolled)	self	self	unrolled		
distressed red changeant silk taffeta	material	(unrolled)	self	self	unrolled	300249434	
dog teeth	material	(unrolled)	self	self	unrolled	300400467	
dogon	material	(unrolled)	self	self	unrolled	300015855	
dollhouse floor tile	material	(unrolled)	self	self	unrolled	300010676	
doré	material	(unrolled)	self	self	unrolled		
dotted chiffon	material	(unrolled)	self	self	unrolled	300249449	
double cloth	material	(unrolled)	self	self	unrolled	300162391	
double cloth technique	material	(unrolled)	self	self	unrolled	300055843	
double face wool crepe	material	(unrolled)	self	self	unrolled	300183741	
double weave	material	(unrolled)	self	self	unrolled	300227826	
double-cloth	material	(unrolled)	self	self	unrolled		
double-face wool crepe	material	(unrolled)	self	self	unrolled	300183741	
double-faced weave	material	(unrolled)	self	self	unrolled		
double-page watercolor	material	(unrolled)	self	self	unrolled		
double-sided watercolor	material	(unrolled)	self	self	unrolled		
double-weave	material	(unrolled)	self	self	unrolled		
double-weft weave	material	(unrolled)	self	self	unrolled		
doublecloth	material	(unrolled)	self	self	unrolled		
doublure	material	(unrolled)	self	self	unrolled		
dovetail-	material	(unrolled)	self	self	unrolled		
drafting film	material	(unrolled)	self	self	unrolled	300014637	
drawn thread lace	material	(unrolled)	self	self	unrolled	300132861	
dress: silk chiffon	material	(unrolled)	self	self	unrolled	300249449	
dress: silk satin veil: tulle	material	(unrolled)	self	self	unrolled	300256611	
dried pigment	material	(unrolled)	self	self	unrolled		
drop-spine box covered in italian book cloth	material	(unrolled)	self	self	unrolled	300162391	
dry pigment	material	(unrolled)	self	self	unrolled		
drypoiint	material	(unrolled)	self	self	unrolled		
duchess lace	material	(unrolled)	self	self	unrolled	300132861	
duchess satin	material	(unrolled)	self	self	unrolled	300132902	
duchesse	material	(unrolled)	self	self	unrolled		
duchesse bobbin lace	material	(unrolled)	self	self	unrolled	300132861	
duchesse lace	material	(unrolled)	self	self	unrolled	300231638	
duchesse satin	material	(unrolled)	self	self	unrolled	300132902	
duchessebobbin lace	material	(unrolled)	self	self	unrolled	300132861	
duck	material	(unrolled)	self	self	unrolled	300132884	
duct tape	material	(unrolled)	self	self	unrolled	300261990	
dull green wool knit	material	(unrolled)	self	self	unrolled		
duotone	material	(unrolled)	self	self	unrolled		
duralar	material	(unrolled)	self	self	unrolled		
dust jacket	material	(unrolled)	self	self	unrolled		
dust jacket covered	material	(unrolled)	self	self	unrolled		
dvd	material	(unrolled)	self	self	unrolled		
dye	material	(unrolled)	self	self	unrolled	300013029	
dye painting	material	(unrolled)	self	self	unrolled	300054216	
dyed cotton net	material	(unrolled)	self	self	unrolled	300249438	
dyed cotton thread	material	(unrolled)	self	self	unrolled	300014250	
dyed damask	material	(unrolled)	self	self	unrolled	300163295	
dyed nylon monofilament	material	(unrolled)	self	self	unrolled	300014636	
dyed ostrich	material	(unrolled)	self	self	unrolled		
dyed rayon	material	(unrolled)	self	self	unrolled	300014059	
dyed silk plain weave	material	(unrolled)	self	self	unrolled		
dyed synthetic strip	material	(unrolled)	self	self	unrolled		
each page hand painted	material	(unrolled)	self	self	unrolled		
eagle pencil	material	(unrolled)	self	self	unrolled	300410335	
early 18th-century porcelain fragment	material	(unrolled)	self	self	unrolled		
earth	material	(unrolled)	self	self	unrolled	300011734	
earth pigment	material	(unrolled)	self	self	unrolled		
earthen aggregate	material	(unrolled)	self	self	unrolled	300014704	
earthen ware redware	material	(unrolled)	self	self	unrolled	300107374	
earthenware decorated	material	(unrolled)	self	self	unrolled		
earthenware majolica	material	(unrolled)	self	self	unrolled	300443922	
earthenware molded in relief	material	(unrolled)	self	self	unrolled	300053622	
earthenware tile dust-pressed	material	(unrolled)	self	self	unrolled		
eathenware coil construction. uneven firing	material	(unrolled)	self	self	unrolled	300053887	
ebonized	material	(unrolled)	self	self	unrolled		
ebonized pearwood handle	material	(unrolled)	self	self	unrolled		
ebony base	material	(unrolled)	self	self	unrolled	300237910	
ebony handle	material	(unrolled)	self	self	unrolled		
ebony inlay	material	(unrolled)	self	self	unrolled	300053850	
ebony stick	material	(unrolled)	self	self	unrolled		
ebony stringing	material	(unrolled)	self	self	unrolled		
ebony veneer	material	(unrolled)	self	self	unrolled	300012855	
ebony?	material	(unrolled)	self	self	unrolled		
ecru	material	(unrolled)	self	self	unrolled	300266253	
ecru embroidered cotton lawn	material	(unrolled)	self	self	unrolled	300249444	
ecru lace	material	(unrolled)	self	self	unrolled	300132861	
ecru silk net	material	(unrolled)	self	self	unrolled	300249438	
ecthing	material	(unrolled)	self	self	unrolled		
egyptian blue inlay	material	(unrolled)	self	self	unrolled	300053850	
elastane	material	(unrolled)	self	self	unrolled		
elastane blend net	material	(unrolled)	self	self	unrolled	300249438	
elastic	material	(unrolled)	self	self	unrolled	300404361	
elastic band	material	(unrolled)	self	self	unrolled		
elasticized ivory synthetic	material	(unrolled)	self	self	unrolled	300218678	
elasticized satin ribbon	material	(unrolled)	self	self	unrolled	300014668	
elastine	material	(unrolled)	self	self	unrolled		
election poster	material	(unrolled)	self	self	unrolled		
electrical wire	material	(unrolled)	self	self	unrolled	300011063	
elephant bone	material	(unrolled)	self	self	unrolled	300011798	
elk antler	material	(unrolled)	self	self	unrolled	300011796	
elm veneer	material	(unrolled)	self	self	unrolled	300012855	
elm-bark fiber	material	(unrolled)	self	self	unrolled		
embedded glitter binding	material	(unrolled)	self	self	unrolled	300421867	
embossed graphite	material	(unrolled)	self	self	unrolled	300011098	
embroidered brocade	material	(unrolled)	self	self	unrolled	300227779	
embroidered complex weave	material	(unrolled)	self	self	unrolled		
embroidered coral	material	(unrolled)	self	self	unrolled	300011800	
embroidered cotton lace	material	(unrolled)	self	self	unrolled	300132861	
embroidered fine linen	material	(unrolled)	self	self	unrolled	300014069	
embroidered fine linen batiste	material	(unrolled)	self	self	unrolled	300183634	
embroidered gauze	material	(unrolled)	self	self	unrolled	300014083	
embroidered lawn	material	(unrolled)	self	self	unrolled	300249444	
embroidered leather cover	material	(unrolled)	self	self	unrolled		
embroidered linen batiste	material	(unrolled)	self	self	unrolled	300183634	
embroidered linen?	material	(unrolled)	self	self	unrolled		
embroidered machine net	material	(unrolled)	self	self	unrolled	300249438	
embroidered net	material	(unrolled)	self	self	unrolled	300249438	
embroidered net lace	material	(unrolled)	self	self	unrolled	300132861	
embroidered satin	material	(unrolled)	self	self	unrolled	300132902	
embroidered silk applique	material	(unrolled)	self	self	unrolled		
embroidered silk crepe	material	(unrolled)	self	self	unrolled	300183741	
embroidered silk gros de tour	material	(unrolled)	self	self	unrolled		
embroidered silk grosgrain	material	(unrolled)	self	self	unrolled		
embroidered silk net	material	(unrolled)	self	self	unrolled	300249438	
embroidered silk ribbon	material	(unrolled)	self	self	unrolled	300014668	
embroidered silk satin	material	(unrolled)	self	self	unrolled	300132902	
embroidered silk taffeta	material	(unrolled)	self	self	unrolled	300249434	
embroidered silk tapestry	material	(unrolled)	self	self	unrolled	300061981	
embroidered swiss cotton organza	material	(unrolled)	self	self	unrolled	300310123	
embroidered taffeta	material	(unrolled)	self	self	unrolled	300249434	
embroidered tulle	material	(unrolled)	self	self	unrolled	300256611	
embroidered velvet	material	(unrolled)	self	self	unrolled	300133711	
embroidered white lawn	material	(unrolled)	self	self	unrolled	300249444	
embroidered wool yarn	material	(unrolled)	self	self	unrolled	300014252	
embroidered yarn	material	(unrolled)	self	self	unrolled	300014252	
emerald wool jersey	material	(unrolled)	self	self	unrolled	300417884	
enamel back	material	(unrolled)	self	self	unrolled		
enamel color	material	(unrolled)	self	self	unrolled	300131647	
enamel face	material	(unrolled)	self	self	unrolled		
enamel frame	material	(unrolled)	self	self	unrolled		
enamel in grisaille	material	(unrolled)	self	self	unrolled	300053386	
enamel interior	material	(unrolled)	self	self	unrolled	300010279	
enamel mount	material	(unrolled)	self	self	unrolled		
enamel painting	material	(unrolled)	self	self	unrolled	300054216	
enamel?	material	(unrolled)	self	self	unrolled		
enameled	material	(unrolled)	self	self	unrolled		
enameled buckle	material	(unrolled)	self	self	unrolled		
enameled decoration	material	(unrolled)	self	self	unrolled	300056257	
enameled frame	material	(unrolled)	self	self	unrolled		
enameled glas	material	(unrolled)	self	self	unrolled		
enameled interior	material	(unrolled)	self	self	unrolled	300010279	
enameled metal guard	material	(unrolled)	self	self	unrolled		
enameled metal logo	material	(unrolled)	self	self	unrolled		
enameled metal logo skirt: wool crêpe	material	(unrolled)	self	self	unrolled		
enameled silver-gilt	material	(unrolled)	self	self	unrolled		
enamelled	material	(unrolled)	self	self	unrolled		
enamelled earthenware	material	(unrolled)	self	self	unrolled	300140803	
enamelled glas	material	(unrolled)	self	self	unrolled		
encased in anodized-aluminum holder	material	(unrolled)	self	self	unrolled		
encaustic	material	(unrolled)	self	self	unrolled		
encaustic inlay	material	(unrolled)	self	self	unrolled	300053850	
encrusted cloth	material	(unrolled)	self	self	unrolled	300162391	
encrusted pigment	material	(unrolled)	self	self	unrolled		
end piece	material	(unrolled)	self	self	unrolled		
engarving	material	(unrolled)	self	self	unrolled		
england	material	(unrolled)	self	self	unrolled		
england.	material	(unrolled)	self	self	unrolled		
english thread lace	material	(unrolled)	self	self	unrolled	300132861	
engrav ing	material	(unrolled)	self	self	unrolled		
engraved glas	material	(unrolled)	self	self	unrolled		
engraved iron mechanism	material	(unrolled)	self	self	unrolled		
engraved lead glas	material	(unrolled)	self	self	unrolled		
engraved silverplate	material	(unrolled)	self	self	unrolled		
engravng	material	(unrolled)	self	self	unrolled		
ephemer	material	(unrolled)	self	self	unrolled		
epilever	material	(unrolled)	self	self	unrolled		
epoxy	material	(unrolled)	self	self	unrolled		
epoxy resin	material	(unrolled)	self	self	unrolled	300014533	
ermine	material	(unrolled)	self	self	unrolled		
essay	material	(unrolled)	self	self	unrolled		
et	material	(unrolled)	self	self	unrolled		
et.	material	(unrolled)	self	self	unrolled		
etched glas	material	(unrolled)	self	self	unrolled		
etched iron oxide decoration	material	(unrolled)	self	self	unrolled	300056257	
etchign	material	(unrolled)	self	self	unrolled		
etchng	material	(unrolled)	self	self	unrolled		
ethcing	material	(unrolled)	self	self	unrolled		
ether's felt	material	(unrolled)	self	self	unrolled	300014107	
exhibition catalogue in white plastic case	material	(unrolled)	self	self	unrolled		
extended along lower edge	material	(unrolled)	self	self	unrolled		
extra weft cut-pile wrapping	material	(unrolled)	self	self	unrolled	300234992	
eyelet	material	(unrolled)	self	self	unrolled		
fabriano classico watercolor paper encased in raw linen-covered box	material	(unrolled)	self	self	unrolled		
fabriano ingre	material	(unrolled)	self	self	unrolled		
fabric - wool blanket	material	(unrolled)	self	self	unrolled		
fabric collage	material	(unrolled)	self	self	unrolled	300138699	
fabric ribbon	material	(unrolled)	self	self	unrolled	300014668	
fabric swatche	material	(unrolled)	self	self	unrolled		
faceted glas	material	(unrolled)	self	self	unrolled		
faceted glass bead	material	(unrolled)	self	self	unrolled	300261776	
faceted glass beads gloves: lambskin	material	(unrolled)	self	self	unrolled		
faceted glass stones in white metal alloy prong setting	material	(unrolled)	self	self	unrolled	300387699	
faceted jewel	material	(unrolled)	self	self	unrolled		
faceted plastic bead	material	(unrolled)	self	self	unrolled	300261776	
faceted stones in white alloy metal prong setting	material	(unrolled)	self	self	unrolled	300387699	
fagoting	material	(unrolled)	self	self	unrolled		
faience amulet	material	(unrolled)	self	self	unrolled		
faience bead	material	(unrolled)	self	self	unrolled	300261776	
faience glas	material	(unrolled)	self	self	unrolled		
faience ware	material	(unrolled)	self	self	unrolled	300244578	
faille	material	(unrolled)	self	self	unrolled	300249448	
fairy binche	material	(unrolled)	self	self	unrolled		
fake garnets?	material	(unrolled)	self	self	unrolled		
faux ebony peg	material	(unrolled)	self	self	unrolled		
faux leather belt	material	(unrolled)	self	self	unrolled		
faux leopard snakeskin	material	(unrolled)	self	self	unrolled		
faux pearl	material	(unrolled)	self	self	unrolled	300011827	
faux snakeskin	material	(unrolled)	self	self	unrolled		
faux tortoise	material	(unrolled)	self	self	unrolled		
faux tortoise shell	material	(unrolled)	self	self	unrolled	300011829	
faux woodgrain commercial paper stock	material	(unrolled)	self	self	unrolled		
favrile glas	material	(unrolled)	self	self	unrolled		
feather aigrette	material	(unrolled)	self	self	unrolled		
feather filled	material	(unrolled)	self	self	unrolled		
feather stick	material	(unrolled)	self	self	unrolled		
feathers & twine	material	(unrolled)	self	self	unrolled	300014251	
feathers: painted	material	(unrolled)	self	self	unrolled		
felt applique	material	(unrolled)	self	self	unrolled		
felt cord	material	(unrolled)	self	self	unrolled	300014247	
felt grosgrain ribbon	material	(unrolled)	self	self	unrolled	300014668	
felt lining	material	(unrolled)	self	self	unrolled	300162124	
felt marker	material	(unrolled)	self	self	unrolled		
felt mosaic	material	(unrolled)	self	self	unrolled	300138684	
felt pen	material	(unrolled)	self	self	unrolled		
felt tip	material	(unrolled)	self	self	unrolled		
felt tip marker	material	(unrolled)	self	self	unrolled		
felt tip pen	material	(unrolled)	self	self	unrolled		
felt-tip pen	material	(unrolled)	self	self	unrolled		
felted wood ball	material	(unrolled)	self	self	unrolled		
fern	material	(unrolled)	self	self	unrolled		
fern material	material	(unrolled)	self	self	unrolled		
ferruginous quartzite	material	(unrolled)	self	self	unrolled	300011623	
fiber - bark fiber - bast fiber	material	(unrolled)	self	self	unrolled		
fiber - bast fiber -rattan	material	(unrolled)	self	self	unrolled		
fiber - commercial plain weave cloth	material	(unrolled)	self	self	unrolled	300162391	
fiber - pandana	material	(unrolled)	self	self	unrolled		
fiber - pandanu	material	(unrolled)	self	self	unrolled		
fiber - pandanus tab	material	(unrolled)	self	self	unrolled		
fiber - vine	material	(unrolled)	self	self	unrolled		
fiber - waxed cotton?	material	(unrolled)	self	self	unrolled		
fiber cord	material	(unrolled)	self	self	unrolled	300014247	
fiber decoration	material	(unrolled)	self	self	unrolled	300056257	
fiber fringe	material	(unrolled)	self	self	unrolled	300227830	
fiber handle	material	(unrolled)	self	self	unrolled		
fiber including mosquito netting	material	(unrolled)	self	self	unrolled	300053637	
fiber loop	material	(unrolled)	self	self	unrolled		
fiber pandanu	material	(unrolled)	self	self	unrolled		
fiber reactive dye	material	(unrolled)	self	self	unrolled	300013029	
fiber string	material	(unrolled)	self	self	unrolled	300014249	
fiber tassel	material	(unrolled)	self	self	unrolled	300232185	
fiber- vine	material	(unrolled)	self	self	unrolled		
fibergla	material	(unrolled)	self	self	unrolled		
fiberglas	material	(unrolled)	self	self	unrolled		
fibre	material	(unrolled)	self	self	unrolled		
figured satin	material	(unrolled)	self	self	unrolled	300132902	
figured tulle	material	(unrolled)	self	self	unrolled	300256611	
figured velvet	material	(unrolled)	self	self	unrolled	300133711	
filet	material	(unrolled)	self	self	unrolled		
filet lace	material	(unrolled)	self	self	unrolled	300264085	
filet lace insert	material	(unrolled)	self	self	unrolled		
filigree	material	(unrolled)	self	self	unrolled	300220293	
film	material	(unrolled)	self	self	unrolled	300014637	
fine arts museum	material	(unrolled)	self	self	unrolled		
fine binding in black	material	(unrolled)	self	self	unrolled	300130920	
fine binding in brown	material	(unrolled)	self	self	unrolled	300127490	
fine binding in tan morocco	material	(unrolled)	self	self	unrolled		
fine laid tissue	material	(unrolled)	self	self	unrolled		
fine linen	material	(unrolled)	self	self	unrolled	300014069	
fine machine lace	material	(unrolled)	self	self	unrolled	300132861	
fine mull	material	(unrolled)	self	self	unrolled		
fine tulle	material	(unrolled)	self	self	unrolled	300256611	
fine white linen	material	(unrolled)	self	self	unrolled	300014069	
fired clay	material	(unrolled)	self	self	unrolled	300010439	
fish scale?	material	(unrolled)	self	self	unrolled		
fish teeth	material	(unrolled)	self	self	unrolled	300400467	
fittings: bras	material	(unrolled)	self	self	unrolled		
fixitive	material	(unrolled)	self	self	unrolled		
flannel	material	(unrolled)	self	self	unrolled	300132886	
flannel backed whitecotton pique	material	(unrolled)	self	self	unrolled		
flat bite soap ground	material	(unrolled)	self	self	unrolled	300015297	
flat bite toner transfer	material	(unrolled)	self	self	unrolled	300417644	
flat bite-soap ground	material	(unrolled)	self	self	unrolled	300015297	
flat bitten ink offset	material	(unrolled)	self	self	unrolled		
flat bitten-ink off-set from key plate of	material	(unrolled)	self	self	unrolled		
flat-bitten ink offset	material	(unrolled)	self	self	unrolled		
flemish bobbin lace	material	(unrolled)	self	self	unrolled	300400686	
flemish bobbin lace in the style	material	(unrolled)	self	self	unrolled	300055835	
flemish combination lace	material	(unrolled)	self	self	unrolled	300132861	
flemish or bohemian guipure lace	material	(unrolled)	self	self	unrolled	300132861	
flemish pillow lace	material	(unrolled)	self	self	unrolled	300132861	
flemish tape lace	material	(unrolled)	self	self	unrolled	300132861	
flesh tone	material	(unrolled)	self	self	unrolled	300056173	
flint glas	material	(unrolled)	self	self	unrolled		
floating weft brocade	material	(unrolled)	self	self	unrolled	300227779	
floating weft weave	material	(unrolled)	self	self	unrolled		
flocked silk stamen	material	(unrolled)	self	self	unrolled		
flocked viscose	material	(unrolled)	self	self	unrolled		
floral jacquard gold lame	material	(unrolled)	self	self	unrolled		
floral linen	material	(unrolled)	self	self	unrolled	300014069	
floral satin brocade	material	(unrolled)	self	self	unrolled	300227779	
floral-shaped plastic sequin	material	(unrolled)	self	self	unrolled		
florescent black light lamp	material	(unrolled)	self	self	unrolled		
flos	material	(unrolled)	self	self	unrolled		
flowers enclosed in light green glas	material	(unrolled)	self	self	unrolled		
fluid acrylic	material	(unrolled)	self	self	unrolled	300014426	
fluorescent spraypaint addition	material	(unrolled)	self	self	unrolled		
foam	material	(unrolled)	self	self	unrolled	300014639	
foamcore	material	(unrolled)	self	self	unrolled		
fob	material	(unrolled)	self	self	unrolled		
foil backing	material	(unrolled)	self	self	unrolled	300227764	
foil collage	material	(unrolled)	self	self	unrolled	300138699	
foilo	material	(unrolled)	self	self	unrolled		
folded sheets wrapped	material	(unrolled)	self	self	unrolled		
folding wood ruler	material	(unrolled)	self	self	unrolled		
fond de mariage lace	material	(unrolled)	self	self	unrolled	300132861	
foot	material	(unrolled)	self	self	unrolled		
foul biting	material	(unrolled)	self	self	unrolled	300179720	
foul-biting	material	(unrolled)	self	self	unrolled		
found plastic fragment	material	(unrolled)	self	self	unrolled		
four-warp twill weave created	material	(unrolled)	self	self	unrolled		
fox fur collar	material	(unrolled)	self	self	unrolled		
fox fur cuff	material	(unrolled)	self	self	unrolled		
fragment	material	(unrolled)	self	self	unrolled		
frame interlinking	material	(unrolled)	self	self	unrolled		
france	material	(unrolled)	self	self	unrolled		
frankincense	material	(unrolled)	self	self	unrolled	300380405	
free blown	material	(unrolled)	self	self	unrolled		
free blown flint glas	material	(unrolled)	self	self	unrolled		
free blown lead glas	material	(unrolled)	self	self	unrolled		
free blown non-lead glas	material	(unrolled)	self	self	unrolled		
free- blown glas	material	(unrolled)	self	self	unrolled		
free-blown	material	(unrolled)	self	self	unrolled		
free-blown favrile glas	material	(unrolled)	self	self	unrolled		
free-blown lead glas	material	(unrolled)	self	self	unrolled		
free-blown marbled glas	material	(unrolled)	self	self	unrolled		
free-blown non-lead glas	material	(unrolled)	self	self	unrolled		
free-blown soda lime glas	material	(unrolled)	self	self	unrolled		
freeblown	material	(unrolled)	self	self	unrolled		
freehand paste-resist	material	(unrolled)	self	self	unrolled		
french gilt bronze mount	material	(unrolled)	self	self	unrolled		
french gilt-bronze mount	material	(unrolled)	self	self	unrolled		
freshwater pearl	material	(unrolled)	self	self	unrolled	300191908	
fringed	material	(unrolled)	self	self	unrolled		
fringed ribbon	material	(unrolled)	self	self	unrolled	300014668	
front wrapper	material	(unrolled)	self	self	unrolled		
front: satin lampa	material	(unrolled)	self	self	unrolled		
frosted glas	material	(unrolled)	self	self	unrolled		
fruitwood inlay	material	(unrolled)	self	self	unrolled	300053850	
full cloth	material	(unrolled)	self	self	unrolled	300162391	
full grey cloth	material	(unrolled)	self	self	unrolled	300162391	
fulled black wool mounted	material	(unrolled)	self	self	unrolled		
fulled broadcloth	material	(unrolled)	self	self	unrolled	300411398	
fulled cotton knit	material	(unrolled)	self	self	unrolled		
fulled plain weave	material	(unrolled)	self	self	unrolled		
fulled twill weave	material	(unrolled)	self	self	unrolled		
fulled wool knit	material	(unrolled)	self	self	unrolled		
fur felt	material	(unrolled)	self	self	unrolled	300014107	
fur lining	material	(unrolled)	self	self	unrolled	300162124	
fur trim	material	(unrolled)	self	self	unrolled		
fuschia silk gauze	material	(unrolled)	self	self	unrolled	300014083	
fused glas	material	(unrolled)	self	self	unrolled		
gabardine	material	(unrolled)	self	self	unrolled	300403912	
galloon	material	(unrolled)	self	self	unrolled	300231784	
galoon	material	(unrolled)	self	self	unrolled		
galvanized iron wire	material	(unrolled)	self	self	unrolled	300011063	
galvanized steel wire	material	(unrolled)	self	self	unrolled	300011063	
galvanized steel wire mesh	material	(unrolled)	self	self	unrolled	300014654	
gampi tissue	material	(unrolled)	self	self	unrolled		
garamond bold.	material	(unrolled)	self	self	unrolled		
garnet velvet	material	(unrolled)	self	self	unrolled	300133711	
gauze seamed	material	(unrolled)	self	self	unrolled		
gauze trim	material	(unrolled)	self	self	unrolled		
gauze weave	material	(unrolled)	self	self	unrolled		
gazar	material	(unrolled)	self	self	unrolled		
gelatin sequin	material	(unrolled)	self	self	unrolled		
gelatin silver ? photograph	material	(unrolled)	self	self	unrolled		
gelatin silver ap laserphoto	material	(unrolled)	self	self	unrolled		
gelatin silver photograph	material	(unrolled)	self	self	unrolled		
gelatin silver ptint	material	(unrolled)	self	self	unrolled		
gem	material	(unrolled)	self	self	unrolled		
genoese bell-point collar lace	material	(unrolled)	self	self	unrolled	300132861	
genoese bobbin	material	(unrolled)	self	self	unrolled		
genoese collar lace	material	(unrolled)	self	self	unrolled	300132861	
genoese or milanese bobbin guipure lace	material	(unrolled)	self	self	unrolled	300132861	
genoese rapallo tape guipure lace	material	(unrolled)	self	self	unrolled	300132861	
georgette	material	(unrolled)	self	self	unrolled		
german silver-gilt mount	material	(unrolled)	self	self	unrolled		
giant clam shell	material	(unrolled)	self	self	unrolled	300011829	
gilded artificial ivory stick	material	(unrolled)	self	self	unrolled		
gilded bone stick	material	(unrolled)	self	self	unrolled		
gilded bras	material	(unrolled)	self	self	unrolled		
gilded bronze mount	material	(unrolled)	self	self	unrolled		
gilded clay	material	(unrolled)	self	self	unrolled	300010439	
gilded glas	material	(unrolled)	self	self	unrolled		
gilded horn stick	material	(unrolled)	self	self	unrolled		
gilded ivory stick	material	(unrolled)	self	self	unrolled		
gilded mother-of-pearl	material	(unrolled)	self	self	unrolled		
gilded mother-of-pearl guard	material	(unrolled)	self	self	unrolled		
gilded mother-of-pearl stick	material	(unrolled)	self	self	unrolled		
gilded ornamentation	material	(unrolled)	self	self	unrolled		
gilded tortoiseshell stick	material	(unrolled)	self	self	unrolled		
gilded wood frame	material	(unrolled)	self	self	unrolled		
gilded wood guard	material	(unrolled)	self	self	unrolled		
gilded wood stick	material	(unrolled)	self	self	unrolled		
gilt bras	material	(unrolled)	self	self	unrolled		
gilt bronze button	material	(unrolled)	self	self	unrolled		
gilt bronze frame	material	(unrolled)	self	self	unrolled		
gilt bronze hinged box	material	(unrolled)	self	self	unrolled		
gilt bronze mount	material	(unrolled)	self	self	unrolled		
gilt bronze ormulu	material	(unrolled)	self	self	unrolled		
gilt bronze relief plaque	material	(unrolled)	self	self	unrolled		
gilt copper mount	material	(unrolled)	self	self	unrolled		
gilt medal frame	material	(unrolled)	self	self	unrolled		
gilt metal fitting	material	(unrolled)	self	self	unrolled		
gilt metal frame	material	(unrolled)	self	self	unrolled		
gilt silver crown	material	(unrolled)	self	self	unrolled	300265463	
gilt stamping	material	(unrolled)	self	self	unrolled	300053138	
gilt wood frame	material	(unrolled)	self	self	unrolled		
gilt-brass mount	material	(unrolled)	self	self	unrolled		
gilt-bronze figure	material	(unrolled)	self	self	unrolled		
gilt-bronze mount	material	(unrolled)	self	self	unrolled		
gilt-wrapped silk lace	material	(unrolled)	self	self	unrolled	300132861	
gilt-wrapped yellow galloon	material	(unrolled)	self	self	unrolled	300231784	
giltwood	material	(unrolled)	self	self	unrolled		
glace' kid	material	(unrolled)	self	self	unrolled		
glass & metal frame	material	(unrolled)	self	self	unrolled		
glass - bead	material	(unrolled)	self	self	unrolled	300261776	
glass - seed bead	material	(unrolled)	self	self	unrolled	300261776	
glass - seed beads.	material	(unrolled)	self	self	unrolled		
glass aquarium	material	(unrolled)	self	self	unrolled		
glass bead frame	material	(unrolled)	self	self	unrolled		
glass bead tassel	material	(unrolled)	self	self	unrolled	300232185	
glass beads strung	material	(unrolled)	self	self	unrolled		
glass bugle	material	(unrolled)	self	self	unrolled		
glass bugle bead	material	(unrolled)	self	self	unrolled	300261776	
glass bugle beads detached sleeves: silk satin weave	material	(unrolled)	self	self	unrolled		
glass button	material	(unrolled)	self	self	unrolled		
glass cabochon	material	(unrolled)	self	self	unrolled		
glass canes slumped	material	(unrolled)	self	self	unrolled		
glass eye	material	(unrolled)	self	self	unrolled		
glass eyeball	material	(unrolled)	self	self	unrolled		
glass faceted bead	material	(unrolled)	self	self	unrolled	300261776	
glass faceted beads in copper metal alloy prong setting	material	(unrolled)	self	self	unrolled	300387699	
glass faceted stones in copper metal alloy prong setting	material	(unrolled)	self	self	unrolled	300387699	
glass faceted stones in formed copper alloy setting buttons skirt: wool twill weave	material	(unrolled)	self	self	unrolled		
glass fragment	material	(unrolled)	self	self	unrolled		
glass frame	material	(unrolled)	self	self	unrolled		
glass hologram plates in anodized metal frame	material	(unrolled)	self	self	unrolled		
glass in artist's frame	material	(unrolled)	self	self	unrolled		
glass inlay	material	(unrolled)	self	self	unrolled	300053850	
glass jewel	material	(unrolled)	self	self	unrolled		
glass mirror	material	(unrolled)	self	self	unrolled	300037690	
glass mirrored disc	material	(unrolled)	self	self	unrolled		
glass paper made by fred siegenthaler	material	(unrolled)	self	self	unrolled		
glass pearl	material	(unrolled)	self	self	unrolled	300011827	
glass pearl bead	material	(unrolled)	self	self	unrolled	300261776	
glass pendant	material	(unrolled)	self	self	unrolled		
glass plate negative	material	(unrolled)	self	self	unrolled	300173497	
glass plate positive	material	(unrolled)	self	self	unrolled		
glass red ant	material	(unrolled)	self	self	unrolled		
glass rhinestones in copper alloy setting	material	(unrolled)	self	self	unrolled	300387699	
glass rhinestones in glass setting	material	(unrolled)	self	self	unrolled	300387699	
glass rhinestones in white alloy metal prong setting	material	(unrolled)	self	self	unrolled	300387699	
glass round bead	material	(unrolled)	self	self	unrolled	300261776	
glass sequin	material	(unrolled)	self	self	unrolled		
glass shade	material	(unrolled)	self	self	unrolled	300056035	
glass stone pins top: cotton knit	material	(unrolled)	self	self	unrolled		
glass tesserae	material	(unrolled)	self	self	unrolled	300010730	
glass trade bead	material	(unrolled)	self	self	unrolled	300261776	
glass transparency	material	(unrolled)	self	self	unrolled	300056220	
glass?	material	(unrolled)	self	self	unrolled		
glassbead	material	(unrolled)	self	self	unrolled		
glasse	material	(unrolled)	self	self	unrolled		
glassene	material	(unrolled)	self	self	unrolled		
glaze	material	(unrolled)	self	self	unrolled	300015091	
glazed	material	(unrolled)	self	self	unrolled		
glazed ceramic tile	material	(unrolled)	self	self	unrolled	300010676	
glazed chintz	material	(unrolled)	self	self	unrolled	300132876	
glazed cotton backing	material	(unrolled)	self	self	unrolled	300227764	
glazed cotton lining	material	(unrolled)	self	self	unrolled	300162124	
glazed earthenware?	material	(unrolled)	self	self	unrolled		
glazed faience	material	(unrolled)	self	self	unrolled	300010668	
glazed paper mounted to book page	material	(unrolled)	self	self	unrolled		
glazed parian ware	material	(unrolled)	self	self	unrolled	300244578	
glazed stoneware	material	(unrolled)	self	self	unrolled	300010672	
glazed terracotta	material	(unrolled)	self	self	unrolled	300298634	
glazed terracotta relief	material	(unrolled)	self	self	unrolled	300053622	
glitter	material	(unrolled)	self	self	unrolled	300183800	
glue	material	(unrolled)	self	self	unrolled	300014815	
glue relief	material	(unrolled)	self	self	unrolled	300053622	
glued thread	material	(unrolled)	self	self	unrolled	300014250	
glued-on cowrie shell	material	(unrolled)	self	self	unrolled	300011829	
glueing	material	(unrolled)	self	self	unrolled		
goa-nutshell rattle	material	(unrolled)	self	self	unrolled		
goat hair?	material	(unrolled)	self	self	unrolled		
gold & silver braid	material	(unrolled)	self	self	unrolled	300232186	
gold accent	material	(unrolled)	self	self	unrolled		
gold addition	material	(unrolled)	self	self	unrolled		
gold bead	material	(unrolled)	self	self	unrolled	300261776	
gold border	material	(unrolled)	self	self	unrolled		
gold braid	material	(unrolled)	self	self	unrolled	300248064	
gold brocade	material	(unrolled)	self	self	unrolled	300227779	
gold brocaded blue net	material	(unrolled)	self	self	unrolled	300249438	
gold buckle	material	(unrolled)	self	self	unrolled		
gold button	material	(unrolled)	self	self	unrolled		
gold chain	material	(unrolled)	self	self	unrolled		
gold chain trim	material	(unrolled)	self	self	unrolled		
gold compas	material	(unrolled)	self	self	unrolled		
gold cord	material	(unrolled)	self	self	unrolled	300014247	
gold decoration	material	(unrolled)	self	self	unrolled	300056257	
gold diagonal stripe cloth	material	(unrolled)	self	self	unrolled	300162391	
gold embossed label	material	(unrolled)	self	self	unrolled		
gold emulsion	material	(unrolled)	self	self	unrolled	300015003	
gold filigree	material	(unrolled)	self	self	unrolled	300220293	
gold flake	material	(unrolled)	self	self	unrolled	300014649	
gold foil stamping	material	(unrolled)	self	self	unrolled	300053138	
gold foil underglaze	material	(unrolled)	self	self	unrolled		
gold frame	material	(unrolled)	self	self	unrolled		
gold fringe	material	(unrolled)	self	self	unrolled	300227830	
gold galloon	material	(unrolled)	self	self	unrolled	300231784	
gold gilt	material	(unrolled)	self	self	unrolled		
gold gilt edge	material	(unrolled)	self	self	unrolled		
gold gilt edge at the top	material	(unrolled)	self	self	unrolled	300121968	
gold glas	material	(unrolled)	self	self	unrolled		
gold horse	material	(unrolled)	self	self	unrolled		
gold illumination	material	(unrolled)	self	self	unrolled	300220539	
gold in six tone	material	(unrolled)	self	self	unrolled	300056173	
gold inlaid	material	(unrolled)	self	self	unrolled		
gold kid	material	(unrolled)	self	self	unrolled		
gold lace	material	(unrolled)	self	self	unrolled	300132861	
gold lace galloon	material	(unrolled)	self	self	unrolled	300231784	
gold lame	material	(unrolled)	self	self	unrolled		
gold lamé	material	(unrolled)	self	self	unrolled		
gold lamé heel	material	(unrolled)	self	self	unrolled		
gold lamé trim	material	(unrolled)	self	self	unrolled		
gold leaf border	material	(unrolled)	self	self	unrolled		
gold leaf bound in	material	(unrolled)	self	self	unrolled		
gold leaf collage	material	(unrolled)	self	self	unrolled	300138699	
gold leaf embossed illustration	material	(unrolled)	self	self	unrolled	300054200	
gold leaf in twelve color	material	(unrolled)	self	self	unrolled	300131647	
gold leaf stamping	material	(unrolled)	self	self	unrolled	300053138	
gold lettering	material	(unrolled)	self	self	unrolled	300053342	
gold line design	material	(unrolled)	self	self	unrolled	300054171	
gold linen lace	material	(unrolled)	self	self	unrolled	300132861	
gold medal	material	(unrolled)	self	self	unrolled		
gold mesh tape	material	(unrolled)	self	self	unrolled	300014685	
gold metal appliqué	material	(unrolled)	self	self	unrolled		
gold metal bead	material	(unrolled)	self	self	unrolled	300261776	
gold metal braid	material	(unrolled)	self	self	unrolled	300232186	
gold metal frame	material	(unrolled)	self	self	unrolled		
gold metal heel	material	(unrolled)	self	self	unrolled		
gold metal lace	material	(unrolled)	self	self	unrolled	300132861	
gold metal mesh	material	(unrolled)	self	self	unrolled	300014654	
gold metal supplementary weft patterning	material	(unrolled)	self	self	unrolled	300248891	
gold metallic braid	material	(unrolled)	self	self	unrolled	300232186	
gold metallic embroidered gros de tour	material	(unrolled)	self	self	unrolled		
gold metallic lace	material	(unrolled)	self	self	unrolled	300132861	
gold metallic thread	material	(unrolled)	self	self	unrolled	300014250	
gold metallic trim	material	(unrolled)	self	self	unrolled		
gold mount	material	(unrolled)	self	self	unrolled		
gold mounted	material	(unrolled)	self	self	unrolled		
gold mounting	material	(unrolled)	self	self	unrolled	300081370	
gold mushroom landscape	material	(unrolled)	self	self	unrolled		
gold olive a) wool knit	material	(unrolled)	self	self	unrolled		
gold or bras	material	(unrolled)	self	self	unrolled		
gold painted highlighting	material	(unrolled)	self	self	unrolled	300389864	
gold paper trim	material	(unrolled)	self	self	unrolled		
gold passementerie	material	(unrolled)	self	self	unrolled	300232151	
gold pigment	material	(unrolled)	self	self	unrolled		
gold piping	material	(unrolled)	self	self	unrolled	300052572	
gold publisher's device	material	(unrolled)	self	self	unrolled		
gold reflective glas	material	(unrolled)	self	self	unrolled		
gold rim	material	(unrolled)	self	self	unrolled		
gold rim. c) gold spoon	material	(unrolled)	self	self	unrolled		
gold seal	material	(unrolled)	self	self	unrolled		
gold sequin	material	(unrolled)	self	self	unrolled		
gold silk lamé	material	(unrolled)	self	self	unrolled		
gold soutache braid	material	(unrolled)	self	self	unrolled	300232186	
gold spine title	material	(unrolled)	self	self	unrolled	300055726	
gold stamp.	material	(unrolled)	self	self	unrolled		
gold stamping	material	(unrolled)	self	self	unrolled	300053138	
gold striped silk satin	material	(unrolled)	self	self	unrolled	300132902	
gold supplementary-weft patterning	material	(unrolled)	self	self	unrolled	300248891	
gold supplimental weft	material	(unrolled)	self	self	unrolled	300227934	
gold thread	material	(unrolled)	self	self	unrolled	300400561	
gold thread brocade	material	(unrolled)	self	self	unrolled	300227779	
gold thread embroidered satin	material	(unrolled)	self	self	unrolled	300132902	
gold thread galloon	material	(unrolled)	self	self	unrolled	300231784	
gold tooled border	material	(unrolled)	self	self	unrolled		
gold touche	material	(unrolled)	self	self	unrolled		
gold trim	material	(unrolled)	self	self	unrolled		
gold velvet	material	(unrolled)	self	self	unrolled	300133711	
gold wash	material	(unrolled)	self	self	unrolled	300011051	
gold-	material	(unrolled)	self	self	unrolled		
gold-band glass rim	material	(unrolled)	self	self	unrolled		
gold-bronze metallic matelasse	material	(unrolled)	self	self	unrolled		
gold-colored mesh	material	(unrolled)	self	self	unrolled	300014654	
gold-paper thread	material	(unrolled)	self	self	unrolled	300014250	
gold-plated copper alloy button	material	(unrolled)	self	self	unrolled		
gold-tone metal button	material	(unrolled)	self	self	unrolled		
gold-wrapped thread	material	(unrolled)	self	self	unrolled	300014250	
gold.	material	(unrolled)	self	self	unrolled		
gold?	material	(unrolled)	self	self	unrolled		
goldpoint	material	(unrolled)	self	self	unrolled		
gong) bras	material	(unrolled)	self	self	unrolled		
gouache under pen	material	(unrolled)	self	self	unrolled		
gourd	material	(unrolled)	self	self	unrolled		
gourd decoration	material	(unrolled)	self	self	unrolled	300056257	
gown: ombré dyed silk crêpe	material	(unrolled)	self	self	unrolled		
gown: silk satin weave	material	(unrolled)	self	self	unrolled		
grand verre contained in a cloth-covered cardboard box enclosed in a leather valise	material	(unrolled)	self	self	unrolled		
granite	material	(unrolled)	self	self	unrolled	300011183	
granite base	material	(unrolled)	self	self	unrolled	300237910	
granite headstone fragment	material	(unrolled)	self	self	unrolled		
granodiorite	material	(unrolled)	self	self	unrolled	300011210	
granulated texture	material	(unrolled)	self	self	unrolled	300056362	
graphic arts paste-up	material	(unrolled)	self	self	unrolled		
graphite addition	material	(unrolled)	self	self	unrolled		
graphite additions by the artist	material	(unrolled)	self	self	unrolled		
graphite additions by the artist. a soft ground impression	material	(unrolled)	self	self	unrolled		
graphite additons by the artist	material	(unrolled)	self	self	unrolled		
graphite by the artist	material	(unrolled)	self	self	unrolled		
graphite chalk	material	(unrolled)	self	self	unrolled	300011727	
graphite collage	material	(unrolled)	self	self	unrolled	300138699	
graphite heightened	material	(unrolled)	self	self	unrolled		
graphite inscription	material	(unrolled)	self	self	unrolled		
graphite inscriptions by the artist	material	(unrolled)	self	self	unrolled		
graphite marking	material	(unrolled)	self	self	unrolled	300079795	
graphite notation	material	(unrolled)	self	self	unrolled		
graphite overall	material	(unrolled)	self	self	unrolled	300404389	
graphite pencil	material	(unrolled)	self	self	unrolled	300410335	
graphite powder	material	(unrolled)	self	self	unrolled	300014647	
graphite retouching mounted	material	(unrolled)	self	self	unrolled		
graphite rubbing	material	(unrolled)	self	self	unrolled	300178924	
graphite sketchwatercolor	material	(unrolled)	self	self	unrolled		
graphite uder	material	(unrolled)	self	self	unrolled		
graphite under	material	(unrolled)	self	self	unrolled		
graphite under black chalk	material	(unrolled)	self	self	unrolled	300011727	
graphite under black watercolor	material	(unrolled)	self	self	unrolled		
graphite under brown watercolor	material	(unrolled)	self	self	unrolled		
graphite under brush	material	(unrolled)	self	self	unrolled		
graphite under fine brush	material	(unrolled)	self	self	unrolled		
graphite under gey	material	(unrolled)	self	self	unrolled		
graphite under pastel	material	(unrolled)	self	self	unrolled	300311039	
graphite under pen	material	(unrolled)	self	self	unrolled		
graphite under red chalk	material	(unrolled)	self	self	unrolled	300011727	
graphite under sanguine	material	(unrolled)	self	self	unrolled		
graphite under watercolor	material	(unrolled)	self	self	unrolled		
graphite v: graphite	material	(unrolled)	self	self	unrolled	300011098	
graphite wash	material	(unrolled)	self	self	unrolled	300011051	
graphite within graphite oval border	material	(unrolled)	self	self	unrolled		
graphite-gridded illustration board	material	(unrolled)	self	self	unrolled		
graphiteverso: graphite	material	(unrolled)	self	self	unrolled	300011098	
graphitewatercolor	material	(unrolled)	self	self	unrolled		
graphitewith additional watercolor	material	(unrolled)	self	self	unrolled		
gras	material	(unrolled)	self	self	unrolled		
grass fiber	material	(unrolled)	self	self	unrolled		
grasse	material	(unrolled)	self	self	unrolled		
grasses dirt	material	(unrolled)	self	self	unrolled		
gray	material	(unrolled)	self	self	unrolled		
gray brown wash	material	(unrolled)	self	self	unrolled	300011051	
gray calf doublure	material	(unrolled)	self	self	unrolled		
gray calf spine	material	(unrolled)	self	self	unrolled		
gray chalk	material	(unrolled)	self	self	unrolled	300011727	
gray felt	material	(unrolled)	self	self	unrolled	300014107	
gray gouache prepared ground	material	(unrolled)	self	self	unrolled	300015297	
gray ink wash	material	(unrolled)	self	self	unrolled	300011051	
gray mica background added later	material	(unrolled)	self	self	unrolled		
gray murillo	material	(unrolled)	self	self	unrolled		
gray pastel	material	(unrolled)	self	self	unrolled	300311039	
gray ware	material	(unrolled)	self	self	unrolled	300343408	
gray wash addition by a later hand	material	(unrolled)	self	self	unrolled	300221683	
gray wash heightened	material	(unrolled)	self	self	unrolled		
gray wash mounted	material	(unrolled)	self	self	unrolled		
gray wash red chalk	material	(unrolled)	self	self	unrolled	300011727	
gray washe	material	(unrolled)	self	self	unrolled		
gray watercolor	material	(unrolled)	self	self	unrolled		
gray watercolor additions by the artist	material	(unrolled)	self	self	unrolled		
gray wool doubleknit	material	(unrolled)	self	self	unrolled		
gray wool flannel/twill	material	(unrolled)	self	self	unrolled		
gray wool tweed	material	(unrolled)	self	self	unrolled	300132867	
gray-black	material	(unrolled)	self	self	unrolled		
gray-brown	material	(unrolled)	self	self	unrolled		
gray-brown wash	material	(unrolled)	self	self	unrolled	300011051	
gray-green	material	(unrolled)	self	self	unrolled		
gray-green gouache ground	material	(unrolled)	self	self	unrolled	300015297	
greater bird	material	(unrolled)	self	self	unrolled		
green beetle carapace	material	(unrolled)	self	self	unrolled		
green bullseye spot	material	(unrolled)	self	self	unrolled		
green calf mosaic onlay	material	(unrolled)	self	self	unrolled		
green chiffon	material	(unrolled)	self	self	unrolled	300249449	
green cloth	material	(unrolled)	self	self	unrolled	300162391	
green commercial	material	(unrolled)	self	self	unrolled		
green cord	material	(unrolled)	self	self	unrolled	300014247	
green crackle glaze stoneware	material	(unrolled)	self	self	unrolled	300010672	
green crayon smudge	material	(unrolled)	self	self	unrolled		
green diode	material	(unrolled)	self	self	unrolled		
green dot	material	(unrolled)	self	self	unrolled		
green enamel	material	(unrolled)	self	self	unrolled	300014910	
green felt tip pen addition	material	(unrolled)	self	self	unrolled		
green floral	material	(unrolled)	self	self	unrolled		
green glas	material	(unrolled)	self	self	unrolled		
green glitter	material	(unrolled)	self	self	unrolled	300183800	
green gouache prepared ground	material	(unrolled)	self	self	unrolled	300015297	
green impression	material	(unrolled)	self	self	unrolled		
green jewel	material	(unrolled)	self	self	unrolled		
green lame	material	(unrolled)	self	self	unrolled		
green lamé velvet	material	(unrolled)	self	self	unrolled	300133711	
green leather backing	material	(unrolled)	self	self	unrolled	300227764	
green lettering	material	(unrolled)	self	self	unrolled	300053342	
green marbled board	material	(unrolled)	self	self	unrolled		
green metallic acrylic	material	(unrolled)	self	self	unrolled	300014426	
green plaid	material	(unrolled)	self	self	unrolled	300411863	
green plastic thread	material	(unrolled)	self	self	unrolled	300014250	
green prepared gouache ground	material	(unrolled)	self	self	unrolled	300015297	
green purple blue patterned silk jersey	material	(unrolled)	self	self	unrolled	300417884	
green satin	material	(unrolled)	self	self	unrolled	300132902	
green silk brocade	material	(unrolled)	self	self	unrolled	300227779	
green silk damask	material	(unrolled)	self	self	unrolled	300163295	
green silk damask upholstery	material	(unrolled)	self	self	unrolled	300204905	
green silk georgette	material	(unrolled)	self	self	unrolled		
green silk satin	material	(unrolled)	self	self	unrolled	300132902	
green silk taffeta	material	(unrolled)	self	self	unrolled	300249434	
green striped taffeta	material	(unrolled)	self	self	unrolled	300249434	
green suede doublure	material	(unrolled)	self	self	unrolled		
green suede midriff	material	(unrolled)	self	self	unrolled		
green veiling	material	(unrolled)	self	self	unrolled		
green velvet collar	material	(unrolled)	self	self	unrolled		
green watercolor	material	(unrolled)	self	self	unrolled		
green wool check	material	(unrolled)	self	self	unrolled		
green wool jersey	material	(unrolled)	self	self	unrolled	300417884	
green wrapper	material	(unrolled)	self	self	unrolled		
green/gold panne velvet	material	(unrolled)	self	self	unrolled	300133711	
greenand gray	material	(unrolled)	self	self	unrolled		
greenstone	material	(unrolled)	self	self	unrolled	300386691	
grey color pencil	material	(unrolled)	self	self	unrolled	300410335	
grey fiber	material	(unrolled)	self	self	unrolled		
grey figured silk satin	material	(unrolled)	self	self	unrolled	300132902	
grey fleck	material	(unrolled)	self	self	unrolled		
grey ink wash	material	(unrolled)	self	self	unrolled	300011051	
grey inks.	material	(unrolled)	self	self	unrolled		
grey leather bow	material	(unrolled)	self	self	unrolled		
grey metallic rayon	material	(unrolled)	self	self	unrolled	300014059	
grey pencil	material	(unrolled)	self	self	unrolled	300410335	
grey polyester	material	(unrolled)	self	self	unrolled	300014546	
grey satin organza	material	(unrolled)	self	self	unrolled	300310123	
grey taffeta	material	(unrolled)	self	self	unrolled	300249434	
grey wash	material	(unrolled)	self	self	unrolled	300011051	
grey washe	material	(unrolled)	self	self	unrolled		
grey wool flannel	material	(unrolled)	self	self	unrolled	300132886	
grey wool serge	material	(unrolled)	self	self	unrolled	300249437	
grey/beige cloth	material	(unrolled)	self	self	unrolled	300162391	
gridded graph paper in pencil	material	(unrolled)	self	self	unrolled	300410335	
gros de tour	material	(unrolled)	self	self	unrolled		
gros de tours taffeta	material	(unrolled)	self	self	unrolled	300249434	
gros point de venise	material	(unrolled)	self	self	unrolled		
gros point de venise lace	material	(unrolled)	self	self	unrolled	300132861	
gros point de venise lace copy	material	(unrolled)	self	self	unrolled	300206230	
gros point de venise silk lace	material	(unrolled)	self	self	unrolled	300132861	
gros point needlepoint	material	(unrolled)	self	self	unrolled	300264031	
grosgrain ribbon tie	material	(unrolled)	self	self	unrolled	300391271	
grosgrain tape	material	(unrolled)	self	self	unrolled	300014685	
ground red pepper	material	(unrolled)	self	self	unrolled	300389824	
ground steel plates.	material	(unrolled)	self	self	unrolled		
guache	material	(unrolled)	self	self	unrolled		
guard	material	(unrolled)	self	self	unrolled		
guaze weave	material	(unrolled)	self	self	unrolled		
guaze weave?	material	(unrolled)	self	self	unrolled		
guipure	material	(unrolled)	self	self	unrolled		
guipure de flandre	material	(unrolled)	self	self	unrolled		
guipure lace	material	(unrolled)	self	self	unrolled	300132861	
guipure needle lace	material	(unrolled)	self	self	unrolled	300132861	
guipuremilanese bobbin tape lace	material	(unrolled)	self	self	unrolled	300132861	
gum	material	(unrolled)	self	self	unrolled	300012866	
gum glaze addition	material	(unrolled)	self	self	unrolled		
guro	material	(unrolled)	self	self	unrolled	300015941	
guro or baula	material	(unrolled)	self	self	unrolled		
gut?	material	(unrolled)	self	self	unrolled		
gypsum cement	material	(unrolled)	self	self	unrolled	300010400	
habatai lining	material	(unrolled)	self	self	unrolled	300162124	
habotai	material	(unrolled)	self	self	unrolled		
haemetite	material	(unrolled)	self	self	unrolled		
hair foundation	material	(unrolled)	self	self	unrolled	300393213	
hair in a shadowbox	material	(unrolled)	self	self	unrolled		
hair?	material	(unrolled)	self	self	unrolled		
hand applied color	material	(unrolled)	self	self	unrolled	300131647	
hand applied patina	material	(unrolled)	self	self	unrolled	300065245	
hand beaten u'a painted	material	(unrolled)	self	self	unrolled		
hand blown glas	material	(unrolled)	self	self	unrolled		
hand etched glas	material	(unrolled)	self	self	unrolled		
hand filling	material	(unrolled)	self	self	unrolled	300053092	
hand knitted acrylic	material	(unrolled)	self	self	unrolled	300014426	
hand made cream	material	(unrolled)	self	self	unrolled	300266242	
hand painted acrylic border	material	(unrolled)	self	self	unrolled		
hand painted color	material	(unrolled)	self	self	unrolled	300131647	
hand painted complex weave	material	(unrolled)	self	self	unrolled		
hand painted cotton twill	material	(unrolled)	self	self	unrolled	300227915	
hand painted cover	material	(unrolled)	self	self	unrolled		
hand painted henna	material	(unrolled)	self	self	unrolled	300390897	
hand painted object	material	(unrolled)	self	self	unrolled		
hand painted taffeta	material	(unrolled)	self	self	unrolled	300249434	
hand painted watercolor: red	material	(unrolled)	self	self	unrolled	300126225	
hand painted yuzen	material	(unrolled)	self	self	unrolled		
hand painting	material	(unrolled)	self	self	unrolled	300054216	
hand sanguine chalk	material	(unrolled)	self	self	unrolled	300011727	
hand stitched silk thread	material	(unrolled)	self	self	unrolled	300014250	
hand tinted	material	(unrolled)	self	self	unrolled		
hand tinting	material	(unrolled)	self	self	unrolled	300053059	
hand watercolor	material	(unrolled)	self	self	unrolled		
hand watercolor wash	material	(unrolled)	self	self	unrolled	300011051	
hand-applied color	material	(unrolled)	self	self	unrolled	300131647	
hand-applied dye	material	(unrolled)	self	self	unrolled	300013029	
hand-applied pigment	material	(unrolled)	self	self	unrolled		
hand-cut sequin	material	(unrolled)	self	self	unrolled		
hand-dyed merino weft yarn	material	(unrolled)	self	self	unrolled	300014252	
hand-loomed silk ribbon	material	(unrolled)	self	self	unrolled	300014668	
hand-made	material	(unrolled)	self	self	unrolled		
hand-made indian rag	material	(unrolled)	self	self	unrolled	300011359	
hand-made needle lace	material	(unrolled)	self	self	unrolled	300132861	
hand-made tape lace	material	(unrolled)	self	self	unrolled	300132861	
hand-made wool felt	material	(unrolled)	self	self	unrolled	300014107	
hand-painted	material	(unrolled)	self	self	unrolled	300248263	
hand-painted acrylic	material	(unrolled)	self	self	unrolled	300014426	
hand-painted by the artist	material	(unrolled)	self	self	unrolled		
hand-painted cotton knit	material	(unrolled)	self	self	unrolled		
hand-painted tarlatan chine collé	material	(unrolled)	self	self	unrolled		
hand-watercoloring	material	(unrolled)	self	self	unrolled		
hand-woven linen	material	(unrolled)	self	self	unrolled	300014069	
handcoated	material	(unrolled)	self	self	unrolled		
handcolored	material	(unrolled)	self	self	unrolled		
handle utilizing a pig bone	material	(unrolled)	self	self	unrolled	300011798	
handmade	material	(unrolled)	self	self	unrolled		
handmade book	material	(unrolled)	self	self	unrolled		
handmade in barcham green mill	material	(unrolled)	self	self	unrolled		
handmade metal-wrapped silk lace	material	(unrolled)	self	self	unrolled	300132861	
handmade net	material	(unrolled)	self	self	unrolled	300249438	
handmade silk lace	material	(unrolled)	self	self	unrolled	300132861	
handmade to the artist's specification	material	(unrolled)	self	self	unrolled		
handpainted	material	(unrolled)	self	self	unrolled		
handpainted additions in black to sash	material	(unrolled)	self	self	unrolled		
handpainted aluminum	material	(unrolled)	self	self	unrolled		
handpainting	material	(unrolled)	self	self	unrolled		
handworked glas	material	(unrolled)	self	self	unrolled		
handwoven cloth	material	(unrolled)	self	self	unrolled	300162391	
handwoven linen	material	(unrolled)	self	self	unrolled	300014069	
handwoven plain weave	material	(unrolled)	self	self	unrolled		
handwoven tussah silk warp	material	(unrolled)	self	self	unrolled	300227930	
handwritten ink inscription	material	(unrolled)	self	self	unrolled		
hard ground	material	(unrolled)	self	self	unrolled	300183810	
hard paste porcelain?	material	(unrolled)	self	self	unrolled		
hard-	material	(unrolled)	self	self	unrolled		
hard-ground	material	(unrolled)	self	self	unrolled		
hard-paste	material	(unrolled)	self	self	unrolled		
hard-paste porcelain crystallized glaze	material	(unrolled)	self	self	unrolled	300015091	
hardshell case	material	(unrolled)	self	self	unrolled		
hardstone	material	(unrolled)	self	self	unrolled		
hardware	material	(unrolled)	self	self	unrolled	300033260	
harewood	material	(unrolled)	self	self	unrolled		
harewood inlaid	material	(unrolled)	self	self	unrolled		
hazel stick	material	(unrolled)	self	self	unrolled		
hd video	material	(unrolled)	self	self	unrolled	300054153	
head	material	(unrolled)	self	self	unrolled		
heat-pressed silk satin weave	material	(unrolled)	self	self	unrolled		
heavier sheet	material	(unrolled)	self	self	unrolled		
heavy blue cardstock	material	(unrolled)	self	self	unrolled		
heavy graphite	material	(unrolled)	self	self	unrolled	300011098	
heavy orange card stock	material	(unrolled)	self	self	unrolled		
heavy silk satin shantung	material	(unrolled)	self	self	unrolled		
heavy weight british mouldmade sheet.	material	(unrolled)	self	self	unrolled		
held in polyurethane sealant	material	(unrolled)	self	self	unrolled	300389687	
hem	material	(unrolled)	self	self	unrolled		
hematite	material	(unrolled)	self	self	unrolled		
hematite?	material	(unrolled)	self	self	unrolled		
hemp fiber	material	(unrolled)	self	self	unrolled		
hemp or ramie lining	material	(unrolled)	self	self	unrolled	300162124	
hemp rope	material	(unrolled)	self	self	unrolled	300014248	
hemstitching	material	(unrolled)	self	self	unrolled		
henna	material	(unrolled)	self	self	unrolled	300390897	
henri paricaud	material	(unrolled)	self	self	unrolled		
hickory back	material	(unrolled)	self	self	unrolled		
hide?	material	(unrolled)	self	self	unrolled		
high glos	material	(unrolled)	self	self	unrolled		
high heeled red crepe	material	(unrolled)	self	self	unrolled	300183741	
high-fired stoneware	material	(unrolled)	self	self	unrolled	300010672	
hinge. binding piece separate aluminum strip	material	(unrolled)	self	self	unrolled		
holly wood case	material	(unrolled)	self	self	unrolled		
home spun linen	material	(unrolled)	self	self	unrolled	300014069	
homespun linen	material	(unrolled)	self	self	unrolled	300014069	
honiton	material	(unrolled)	self	self	unrolled		
honiton bobbin lace	material	(unrolled)	self	self	unrolled	300132861	
honiton lace	material	(unrolled)	self	self	unrolled	300400688	
horesehair	material	(unrolled)	self	self	unrolled		
horizontal wrapping	material	(unrolled)	self	self	unrolled	300234992	
horn handle	material	(unrolled)	self	self	unrolled		
horned bull's head	material	(unrolled)	self	self	unrolled		
horse head uc	material	(unrolled)	self	self	unrolled		
horsehair braid	material	(unrolled)	self	self	unrolled	300232186	
horsehair lace	material	(unrolled)	self	self	unrolled	300132861	
horsehair net	material	(unrolled)	self	self	unrolled	300249438	
hosho paper that has been dipped in beeswax	material	(unrolled)	self	self	unrolled	300014588	
housepaint	material	(unrolled)	self	self	unrolled		
hsilver	material	(unrolled)	self	self	unrolled		
human remain	material	(unrolled)	self	self	unrolled		
iblack chalk	material	(unrolled)	self	self	unrolled	300011727	
ice blue silk jersey	material	(unrolled)	self	self	unrolled	300417884	
ice-blue ribbon stripe silk taffeta	material	(unrolled)	self	self	unrolled	300249434	
idria lace	material	(unrolled)	self	self	unrolled	300132861	
idrija or italian tape lace	material	(unrolled)	self	self	unrolled	300132861	
ii	material	(unrolled)	self	self	unrolled		
ilk	material	(unrolled)	self	self	unrolled		
illustrations by various artist	material	(unrolled)	self	self	unrolled		
image	material	(unrolled)	self	self	unrolled		
image b: pencil	material	(unrolled)	self	self	unrolled	300410335	
image in blue	material	(unrolled)	self	self	unrolled	300129361	
imitation amber	material	(unrolled)	self	self	unrolled	300012934	
imitation chantilly lace	material	(unrolled)	self	self	unrolled	300132861	
imitation cloth covered chemise	material	(unrolled)	self	self	unrolled		
imitation cloth slipcase	material	(unrolled)	self	self	unrolled		
imitation coral	material	(unrolled)	self	self	unrolled	300011800	
imitation honiton lace	material	(unrolled)	self	self	unrolled	300132861	
imitation ivory stick	material	(unrolled)	self	self	unrolled		
imitation mother-of-pearl	material	(unrolled)	self	self	unrolled		
imitation needlepoint lace	material	(unrolled)	self	self	unrolled	300132861	
imitation pearl	material	(unrolled)	self	self	unrolled	300390920	
imitation point de venise	material	(unrolled)	self	self	unrolled		
imitation point de venise bobbin-made lace	material	(unrolled)	self	self	unrolled	300132861	
imitation tortoise	material	(unrolled)	self	self	unrolled		
imitation tortoise shell	material	(unrolled)	self	self	unrolled	300380033	
imitation tortoiseshell stick	material	(unrolled)	self	self	unrolled		
imitation valenciennes lace	material	(unrolled)	self	self	unrolled	300132861	
imitation venetian coraline lace	material	(unrolled)	self	self	unrolled	300132861	
impasto watercolor	material	(unrolled)	self	self	unrolled		
imported cotton cloth	material	(unrolled)	self	self	unrolled	300162391	
in black	material	(unrolled)	self	self	unrolled	300130920	
incised antler	material	(unrolled)	self	self	unrolled	300011796	
incised bone	material	(unrolled)	self	self	unrolled	300011798	
incised bone or ivory stick	material	(unrolled)	self	self	unrolled		
incised horn stick	material	(unrolled)	self	self	unrolled		
incised ivory stick	material	(unrolled)	self	self	unrolled		
incised ivory tortoiseshell stick	material	(unrolled)	self	self	unrolled		
incised mother-of-pearl stick	material	(unrolled)	self	self	unrolled		
incised overglaze enamel	material	(unrolled)	self	self	unrolled	300014910	
incised pearl shell	material	(unrolled)	self	self	unrolled	300011829	
incised sandalwood or cedar stick	material	(unrolled)	self	self	unrolled		
incised sandalwood stick	material	(unrolled)	self	self	unrolled		
incised tortoiseshell guard	material	(unrolled)	self	self	unrolled		
incised tortoiseshell stick	material	(unrolled)	self	self	unrolled		
incised walrus tusk	material	(unrolled)	self	self	unrolled	300011856	
incised wood guard	material	(unrolled)	self	self	unrolled		
incised wood stick	material	(unrolled)	self	self	unrolled		
india ink.	material	(unrolled)	self	self	unrolled		
indiana	material	(unrolled)	self	self	unrolled		
indigo	material	(unrolled)	self	self	unrolled	300013055	
indigo blue	material	(unrolled)	self	self	unrolled	300129361	
indigo discharge	material	(unrolled)	self	self	unrolled		
indigo dye	material	(unrolled)	self	self	unrolled	300013029	
indigo dyed	material	(unrolled)	self	self	unrolled		
indigo dyeing	material	(unrolled)	self	self	unrolled	300053049	
indigo tweed	material	(unrolled)	self	self	unrolled	300132867	
indigo-discharged	material	(unrolled)	self	self	unrolled		
indigo-dyed plain weave	material	(unrolled)	self	self	unrolled		
industrial sealing compound	material	(unrolled)	self	self	unrolled		
ink - grey	material	(unrolled)	self	self	unrolled		
ink ?	material	(unrolled)	self	self	unrolled		
ink addition	material	(unrolled)	self	self	unrolled		
ink additions by another hand	material	(unrolled)	self	self	unrolled	300221683	
ink additions by the artist	material	(unrolled)	self	self	unrolled		
ink additions taped to a dark grey sheet	material	(unrolled)	self	self	unrolled		
ink additions taped to a light grey sheet	material	(unrolled)	self	self	unrolled		
ink an cryon	material	(unrolled)	self	self	unrolled		
ink an pastel	material	(unrolled)	self	self	unrolled	300311039	
ink and	material	(unrolled)	self	self	unrolled		
ink andchalk	material	(unrolled)	self	self	unrolled		
ink andcolor addition	material	(unrolled)	self	self	unrolled		
ink border	material	(unrolled)	self	self	unrolled		
ink caricature inscription	material	(unrolled)	self	self	unrolled		
ink cartoon	material	(unrolled)	self	self	unrolled		
ink correction	material	(unrolled)	self	self	unrolled		
ink dabbing	material	(unrolled)	self	self	unrolled		
ink lightened by 75%	material	(unrolled)	self	self	unrolled		
ink marker	material	(unrolled)	self	self	unrolled		
ink or brush	material	(unrolled)	self	self	unrolled		
ink pen	material	(unrolled)	self	self	unrolled		
ink sketch	material	(unrolled)	self	self	unrolled		
ink stamp	material	(unrolled)	self	self	unrolled		
ink transfer	material	(unrolled)	self	self	unrolled	300417644	
ink under watercolor	material	(unrolled)	self	self	unrolled		
ink watercolor	material	(unrolled)	self	self	unrolled		
ink-dabbing	material	(unrolled)	self	self	unrolled		
ink-dipped tarlatan chine collé	material	(unrolled)	self	self	unrolled		
ink.	material	(unrolled)	self	self	unrolled		
ink: 'michelangelo da caravaggio'	material	(unrolled)	self	self	unrolled		
inkand watercolor	material	(unrolled)	self	self	unrolled		
inked object	material	(unrolled)	self	self	unrolled		
inkjet	material	(unrolled)	self	self	unrolled		
inkless embossed intaglio	material	(unrolled)	self	self	unrolled	300186231	
inkless embossing	material	(unrolled)	self	self	unrolled	300053826	
inks stamped	material	(unrolled)	self	self	unrolled		
inlaid cut steel disc	material	(unrolled)	self	self	unrolled		
inlaid horn stick	material	(unrolled)	self	self	unrolled		
inlaid ivory stick	material	(unrolled)	self	self	unrolled		
inlaid pot metal eye	material	(unrolled)	self	self	unrolled		
inscribed clay	material	(unrolled)	self	self	unrolled	300010439	
inscribed honi soit qui mal pense in black ink surrounding the 17th century royal coat	material	(unrolled)	self	self	unrolled		
inscribed in brown wash 'fragonard'	material	(unrolled)	self	self	unrolled		
inscribed in gray ink 'giuseppe de'	material	(unrolled)	self	self	unrolled		
inscribed in ink 'gio da siena'	material	(unrolled)	self	self	unrolled		
inscribed in pen	material	(unrolled)	self	self	unrolled		
inscription in pen	material	(unrolled)	self	self	unrolled		
inscriptions in black	material	(unrolled)	self	self	unrolled	300130920	
inscriptions in colored pencil	material	(unrolled)	self	self	unrolled	300410335	
inscriptions in ink 'soldy f.'	material	(unrolled)	self	self	unrolled		
inscriptions in pen	material	(unrolled)	self	self	unrolled		
inset ribbon	material	(unrolled)	self	self	unrolled	300014668	
insulation foam	material	(unrolled)	self	self	unrolled	300014639	
interlinking	material	(unrolled)	self	self	unrolled		
intestine	material	(unrolled)	self	self	unrolled		
intestine - walru	material	(unrolled)	self	self	unrolled		
intricate pen	material	(unrolled)	self	self	unrolled		
iridescent sequin	material	(unrolled)	self	self	unrolled		
irish	material	(unrolled)	self	self	unrolled	300111259	
irish beleek	material	(unrolled)	self	self	unrolled		
irish crochet lace	material	(unrolled)	self	self	unrolled	300132861	
irish lace	material	(unrolled)	self	self	unrolled	300132861	
iron alloy nail	material	(unrolled)	self	self	unrolled		
iron frame	material	(unrolled)	self	self	unrolled		
iron lining	material	(unrolled)	self	self	unrolled	300162124	
iron nail	material	(unrolled)	self	self	unrolled		
iron oxide	material	(unrolled)	self	self	unrolled	300387477	
iron plate seamed	material	(unrolled)	self	self	unrolled		
iron plated exterior	material	(unrolled)	self	self	unrolled	300010277	
iron powder	material	(unrolled)	self	self	unrolled	300014647	
iron rich slip	material	(unrolled)	self	self	unrolled	300010459	
iron sand	material	(unrolled)	self	self	unrolled	300014341	
iron support	material	(unrolled)	self	self	unrolled		
iron wire	material	(unrolled)	self	self	unrolled	300011063	
iron-tannate dye	material	(unrolled)	self	self	unrolled	300013029	
ironstone	material	(unrolled)	self	self	unrolled	300238593	
irredescent glas	material	(unrolled)	self	self	unrolled		
irredescent sequin	material	(unrolled)	self	self	unrolled		
irridescent brown chiffon	material	(unrolled)	self	self	unrolled	300249449	
ivory & blue panne velvet	material	(unrolled)	self	self	unrolled	300133711	
ivory - tooth	material	(unrolled)	self	self	unrolled	300011855	
ivory - walrus tusk	material	(unrolled)	self	self	unrolled	300011856	
ivory -female walrus tusk	material	(unrolled)	self	self	unrolled	300011856	
ivory bobbin lace	material	(unrolled)	self	self	unrolled	300132861	
ivory bobbin tape	material	(unrolled)	self	self	unrolled	300014685	
ivory chiffon	material	(unrolled)	self	self	unrolled	300249449	
ivory cotton crochet net	material	(unrolled)	self	self	unrolled	300249438	
ivory cotton mull	material	(unrolled)	self	self	unrolled		
ivory crepe de chine	material	(unrolled)	self	self	unrolled		
ivory damask	material	(unrolled)	self	self	unrolled	300163295	
ivory embroidered batiste	material	(unrolled)	self	self	unrolled	300183634	
ivory end knobs.	material	(unrolled)	self	self	unrolled		
ivory frame	material	(unrolled)	self	self	unrolled		
ivory guard	material	(unrolled)	self	self	unrolled		
ivory handle	material	(unrolled)	self	self	unrolled		
ivory in leather case	material	(unrolled)	self	self	unrolled		
ivory inlay	material	(unrolled)	self	self	unrolled	300053850	
ivory laid chine	material	(unrolled)	self	self	unrolled		
ivory laid handmade paper embossed ll with	material	(unrolled)	self	self	unrolled		
ivory lined	material	(unrolled)	self	self	unrolled		
ivory marquetry	material	(unrolled)	self	self	unrolled	300053853	
ivory or bone	material	(unrolled)	self	self	unrolled	300011798	
ivory or bone decoration	material	(unrolled)	self	self	unrolled	300056257	
ivory ribbon	material	(unrolled)	self	self	unrolled	300014668	
ivory ring	material	(unrolled)	self	self	unrolled		
ivory rivet	material	(unrolled)	self	self	unrolled		
ivory satin	material	(unrolled)	self	self	unrolled	300132902	
ivory silk cloque	material	(unrolled)	self	self	unrolled		
ivory silk gros de tour	material	(unrolled)	self	self	unrolled		
ivory silk organza	material	(unrolled)	self	self	unrolled	300310123	
ivory silk ottoman	material	(unrolled)	self	self	unrolled	300021614	
ivory silk rep	material	(unrolled)	self	self	unrolled		
ivory silk satin	material	(unrolled)	self	self	unrolled	300132902	
ivory silk satin ?	material	(unrolled)	self	self	unrolled		
ivory silk twill	material	(unrolled)	self	self	unrolled	300227915	
ivory soap	material	(unrolled)	self	self	unrolled	300010513	
ivory stick	material	(unrolled)	self	self	unrolled		
ivory striped satin	material	(unrolled)	self	self	unrolled	300132902	
ivory under glas	material	(unrolled)	self	self	unrolled		
ivory veneer	material	(unrolled)	self	self	unrolled	300012855	
ivory w/wood frame	material	(unrolled)	self	self	unrolled		
ivory wool double knit	material	(unrolled)	self	self	unrolled		
ivory wove paper mounted	material	(unrolled)	self	self	unrolled		
ivory/blue striped silk taffeta	material	(unrolled)	self	self	unrolled	300249434	
ivory?	material	(unrolled)	self	self	unrolled		
jacket	material	(unrolled)	self	self	unrolled		
jacket: wool crêpe	material	(unrolled)	self	self	unrolled		
jacket: wool twill weave	material	(unrolled)	self	self	unrolled		
jacket: wool warp knitting	material	(unrolled)	self	self	unrolled	300053634	
jacquard	material	(unrolled)	self	self	unrolled	300256616	
jacquard loom woven	material	(unrolled)	self	self	unrolled		
jacquard weave double cloth	material	(unrolled)	self	self	unrolled	300162391	
jacquard woven	material	(unrolled)	self	self	unrolled		
jacquard woven beiderwand	material	(unrolled)	self	self	unrolled		
jacquard woven double cloth	material	(unrolled)	self	self	unrolled	300162391	
jade?	material	(unrolled)	self	self	unrolled		
jaguar claw	material	(unrolled)	self	self	unrolled		
japan paper pasted to the spine	material	(unrolled)	self	self	unrolled		
japanese lacquer	material	(unrolled)	self	self	unrolled	300014916	
japanese tissue	material	(unrolled)	self	self	unrolled		
japanese vellum paper including 6 page	material	(unrolled)	self	self	unrolled		
japanese waxed masa	material	(unrolled)	self	self	unrolled	300015907	
japanese waxwing	material	(unrolled)	self	self	unrolled		
japon	material	(unrolled)	self	self	unrolled		
japon nacre	material	(unrolled)	self	self	unrolled		
japon nacre wrapper	material	(unrolled)	self	self	unrolled		
japon wrapper	material	(unrolled)	self	self	unrolled		
jasperware	material	(unrolled)	self	self	unrolled	300390925	
jeff goodman pencil	material	(unrolled)	self	self	unrolled	300410335	
jersey	material	(unrolled)	self	self	unrolled	300417884	
jet plastic	material	(unrolled)	self	self	unrolled	300014570	
jewel	material	(unrolled)	self	self	unrolled		
joined copper metal alloy button	material	(unrolled)	self	self	unrolled		
joined copper metal alloy buttons skirt: wool warp knitting	material	(unrolled)	self	self	unrolled	300053634	
jute armature	material	(unrolled)	self	self	unrolled		
jute twine	material	(unrolled)	self	self	unrolled	300014251	
jute-covered box	material	(unrolled)	self	self	unrolled		
k'ossu tapestry	material	(unrolled)	self	self	unrolled	300061981	
kakemono	material	(unrolled)	self	self	unrolled		
kangaroo jaw bone	material	(unrolled)	self	self	unrolled	300011798	
kaolin	material	(unrolled)	self	self	unrolled	300010445	
kaolin clay	material	(unrolled)	self	self	unrolled	300010439	
kaolin pigment	material	(unrolled)	self	self	unrolled		
karelian birch veneer	material	(unrolled)	self	self	unrolled	300012855	
kauri gum	material	(unrolled)	self	self	unrolled	300012866	
kent	material	(unrolled)	self	self	unrolled		
keratin	material	(unrolled)	self	self	unrolled	300193683	
key block	material	(unrolled)	self	self	unrolled		
khaki cotton duck	material	(unrolled)	self	self	unrolled	300132884	
kid	material	(unrolled)	self	self	unrolled		
kina shell	material	(unrolled)	self	self	unrolled	300011829	
kingwood marquetry	material	(unrolled)	self	self	unrolled	300053853	
kiri box	material	(unrolled)	self	self	unrolled		
klic's copperplate proces	material	(unrolled)	self	self	unrolled		
knit bead	material	(unrolled)	self	self	unrolled	300261776	
knit lace	material	(unrolled)	self	self	unrolled	300132861	
knitted acrylic	material	(unrolled)	self	self	unrolled	300014426	
knitted cashmere/silk	material	(unrolled)	self	self	unrolled		
knitted chenille lace	material	(unrolled)	self	self	unrolled	300132861	
knitted lace	material	(unrolled)	self	self	unrolled	300264696	
knotted needle lace	material	(unrolled)	self	self	unrolled	300132861	
knotted net	material	(unrolled)	self	self	unrolled	300249438	
knotted netting	material	(unrolled)	self	self	unrolled	300053637	
knotted silk tenerife lace	material	(unrolled)	self	self	unrolled	300132861	
kodak photograph	material	(unrolled)	self	self	unrolled		
kodalith	material	(unrolled)	self	self	unrolled		
kromekote 10p-pt. cis paper covers laminated in plastic	material	(unrolled)	self	self	unrolled	300014570	
kutch cotton plain weave	material	(unrolled)	self	self	unrolled		
kwool	material	(unrolled)	self	self	unrolled		
lace -- point de gaze lace	material	(unrolled)	self	self	unrolled	300132861	
lace applique	material	(unrolled)	self	self	unrolled		
lace appliqué	material	(unrolled)	self	self	unrolled		
lace border	material	(unrolled)	self	self	unrolled		
lace brussels applique	material	(unrolled)	self	self	unrolled		
lace edged linen	material	(unrolled)	self	self	unrolled	300014069	
lace edging	material	(unrolled)	self	self	unrolled		
lace insertion	material	(unrolled)	self	self	unrolled		
lace openwork	material	(unrolled)	self	self	unrolled	300253899	
lace ribbon	material	(unrolled)	self	self	unrolled	300014668	
lace trim	material	(unrolled)	self	self	unrolled		
laci	material	(unrolled)	self	self	unrolled		
lacis lace	material	(unrolled)	self	self	unrolled	300132861	
lacquered gourd	material	(unrolled)	self	self	unrolled		
lacquered papier-mâché	material	(unrolled)	self	self	unrolled		
lacquered stick	material	(unrolled)	self	self	unrolled		
lacquered wood handle	material	(unrolled)	self	self	unrolled		
lacquered wood stick	material	(unrolled)	self	self	unrolled		
lacy glas	material	(unrolled)	self	self	unrolled		
lafuma navarre madagascar paper duplicating the illustrations in the text	material	(unrolled)	self	self	unrolled	300250810	
laid arche	material	(unrolled)	self	self	unrolled		
laid paper v: black chalk	material	(unrolled)	self	self	unrolled	300011727	
laid paper v:ink	material	(unrolled)	self	self	unrolled		
laid paperv: black chalk	material	(unrolled)	self	self	unrolled	300011727	
laid paperv: black v: chalk	material	(unrolled)	self	self	unrolled	300011727	
laid paperv: pen	material	(unrolled)	self	self	unrolled		
lamb fur trim	material	(unrolled)	self	self	unrolled		
lamb's gut string	material	(unrolled)	self	self	unrolled	300014249	
lambskin	material	(unrolled)	self	self	unrolled		
lambswool	material	(unrolled)	self	self	unrolled		
lambswool plain weave	material	(unrolled)	self	self	unrolled		
lame fabric	material	(unrolled)	self	self	unrolled		
laminate	material	(unrolled)	self	self	unrolled	300250554	
laminated to glas	material	(unrolled)	self	self	unrolled		
lampa	material	(unrolled)	self	self	unrolled		
lapi	material	(unrolled)	self	self	unrolled		
large red	material	(unrolled)	self	self	unrolled	300126225	
large shaped bailer shell frontlet	material	(unrolled)	self	self	unrolled		
last outer cover is parchment wrapper	material	(unrolled)	self	self	unrolled		
late alencon lace	material	(unrolled)	self	self	unrolled	300132861	
late mica addition	material	(unrolled)	self	self	unrolled		
later graphite tracing	material	(unrolled)	self	self	unrolled	300053439	
later ink inscription	material	(unrolled)	self	self	unrolled		
later silver-gilt base	material	(unrolled)	self	self	unrolled	300237910	
latex	material	(unrolled)	self	self	unrolled	300013021	
latin poetry	material	(unrolled)	self	self	unrolled	300417825	
lava	material	(unrolled)	self	self	unrolled	300011249	
lavender lawn	material	(unrolled)	self	self	unrolled	300249444	
lavender silk backing.	material	(unrolled)	self	self	unrolled		
lavender taffeta	material	(unrolled)	self	self	unrolled	300249434	
lawn	material	(unrolled)	self	self	unrolled	300249444	
lawn or fine linen?	material	(unrolled)	self	self	unrolled		
layered indigo blue	material	(unrolled)	self	self	unrolled	300129361	
lcotton	material	(unrolled)	self	self	unrolled		
lead collage	material	(unrolled)	self	self	unrolled	300138699	
lead foil.	material	(unrolled)	self	self	unrolled		
lead glas	material	(unrolled)	self	self	unrolled		
lead glazed earthenware	material	(unrolled)	self	self	unrolled	300140803	
lead point under pen	material	(unrolled)	self	self	unrolled		
lead white	material	(unrolled)	self	self	unrolled	300013754	
lead-glazed earthenware	material	(unrolled)	self	self	unrolled	300140803	
lead-patienne	material	(unrolled)	self	self	unrolled		
lead-tin	material	(unrolled)	self	self	unrolled		
lead?	material	(unrolled)	self	self	unrolled		
leaf encased in resin	material	(unrolled)	self	self	unrolled	300012882	
leather album	material	(unrolled)	self	self	unrolled		
leather amulet	material	(unrolled)	self	self	unrolled		
leather applique	material	(unrolled)	self	self	unrolled		
leather as colored circle	material	(unrolled)	self	self	unrolled		
leather b) leather c) wool knit	material	(unrolled)	self	self	unrolled		
leather back	material	(unrolled)	self	self	unrolled		
leather belt	material	(unrolled)	self	self	unrolled		
leather binding	material	(unrolled)	self	self	unrolled	300421867	
leather bound	material	(unrolled)	self	self	unrolled		
leather bound album	material	(unrolled)	self	self	unrolled		
leather bound book	material	(unrolled)	self	self	unrolled		
leather bound manuscript	material	(unrolled)	self	self	unrolled		
leather c)brown silk jersey	material	(unrolled)	self	self	unrolled	300417884	
leather case	material	(unrolled)	self	self	unrolled		
leather cord	material	(unrolled)	self	self	unrolled	300014247	
leather covered buckle	material	(unrolled)	self	self	unrolled		
leather covered drop wall box	material	(unrolled)	self	self	unrolled		
leather edging	material	(unrolled)	self	self	unrolled		
leather label	material	(unrolled)	self	self	unrolled		
leather piping	material	(unrolled)	self	self	unrolled	300052572	
leather sole	material	(unrolled)	self	self	unrolled		
leather strap	material	(unrolled)	self	self	unrolled		
leather trim	material	(unrolled)	self	self	unrolled		
leather upholstery	material	(unrolled)	self	self	unrolled	300204905	
leather-bound album	material	(unrolled)	self	self	unrolled		
leather-bound book	material	(unrolled)	self	self	unrolled		
leather-covered box	material	(unrolled)	self	self	unrolled		
leather-wrapped solid bronze clapper	material	(unrolled)	self	self	unrolled		
leather?	material	(unrolled)	self	self	unrolled		
leave	material	(unrolled)	self	self	unrolled		
leavers lace	material	(unrolled)	self	self	unrolled	300132861	
led lighting	material	(unrolled)	self	self	unrolled	300051944	
left half	material	(unrolled)	self	self	unrolled		
left hand part	material	(unrolled)	self	self	unrolled		
leftover fibers from sari loom	material	(unrolled)	self	self	unrolled		
lenses in a metal can	material	(unrolled)	self	self	unrolled		
lettering in calf onlay	material	(unrolled)	self	self	unrolled		
lettering in red	material	(unrolled)	self	self	unrolled	300126225	
letting	material	(unrolled)	self	self	unrolled		
levers machine valenciennes lace	material	(unrolled)	self	self	unrolled	300132861	
light blue colored pencil additions by the artist	material	(unrolled)	self	self	unrolled		
light box	material	(unrolled)	self	self	unrolled		
light brown	material	(unrolled)	self	self	unrolled	300127503	
light gray	material	(unrolled)	self	self	unrolled	300130813	
light green cloth	material	(unrolled)	self	self	unrolled	300162391	
light grey wash under black	material	(unrolled)	self	self	unrolled	300130920	
light pink color	material	(unrolled)	self	self	unrolled	300131647	
light red	material	(unrolled)	self	self	unrolled	300380443	
light tan laid okawara tipped onto ivory wove wampu	material	(unrolled)	self	self	unrolled		
light yellow	material	(unrolled)	self	self	unrolled	300127850	
light yellow wove paper crayon	material	(unrolled)	self	self	unrolled		
lightly colored background	material	(unrolled)	self	self	unrolled	300056369	
lilac & purple silk satin	material	(unrolled)	self	self	unrolled	300132902	
lime crust	material	(unrolled)	self	self	unrolled	300220976	
lime pigment	material	(unrolled)	self	self	unrolled		
lime plaster	material	(unrolled)	self	self	unrolled	300386877	
lime?	material	(unrolled)	self	self	unrolled		
limerick lace	material	(unrolled)	self	self	unrolled	300264617	
limestone	material	(unrolled)	self	self	unrolled	300011286	
limewood	material	(unrolled)	self	self	unrolled		
limited edition artist book	material	(unrolled)	self	self	unrolled		
limited edition artists' book	material	(unrolled)	self	self	unrolled		
limoges enamel	material	(unrolled)	self	self	unrolled	300014910	
limp vellum binding	material	(unrolled)	self	self	unrolled	300421867	
lindenwood	material	(unrolled)	self	self	unrolled		
lined in satin	material	(unrolled)	self	self	unrolled	300132902	
lined in white acetate	material	(unrolled)	self	self	unrolled		
linen batiste	material	(unrolled)	self	self	unrolled	300183634	
linen battenburg lace	material	(unrolled)	self	self	unrolled	300132861	
linen bobbin lace	material	(unrolled)	self	self	unrolled	300132861	
linen bound folder containing 4 photocopied text	material	(unrolled)	self	self	unrolled	300250810	
linen canva	material	(unrolled)	self	self	unrolled		
linen center	material	(unrolled)	self	self	unrolled	300404131	
linen cloth	material	(unrolled)	self	self	unrolled	300162391	
linen cordonnet	material	(unrolled)	self	self	unrolled	300264614	
linen covered folder	material	(unrolled)	self	self	unrolled		
linen covered protective board	material	(unrolled)	self	self	unrolled		
linen covered slipcase	material	(unrolled)	self	self	unrolled		
linen crochet	material	(unrolled)	self	self	unrolled	300264038	
linen damask	material	(unrolled)	self	self	unrolled	300163295	
linen duchesse lace	material	(unrolled)	self	self	unrolled	300132861	
linen fabric	material	(unrolled)	self	self	unrolled		
linen filet lace	material	(unrolled)	self	self	unrolled	300132861	
linen gauze	material	(unrolled)	self	self	unrolled	300014083	
linen ground	material	(unrolled)	self	self	unrolled	300015297	
linen lace	material	(unrolled)	self	self	unrolled	300132861	
linen lawn	material	(unrolled)	self	self	unrolled	300249444	
linen lining	material	(unrolled)	self	self	unrolled	300162124	
linen mounted board	material	(unrolled)	self	self	unrolled		
linen needle lace	material	(unrolled)	self	self	unrolled	300132861	
linen net	material	(unrolled)	self	self	unrolled	300249438	
linen or cotton mull	material	(unrolled)	self	self	unrolled		
linen or cotton?	material	(unrolled)	self	self	unrolled		
linen or pina	material	(unrolled)	self	self	unrolled		
linen or wool?	material	(unrolled)	self	self	unrolled		
linen plain weave	material	(unrolled)	self	self	unrolled		
linen spine	material	(unrolled)	self	self	unrolled		
linen tape	material	(unrolled)	self	self	unrolled	300014685	
linen thread	material	(unrolled)	self	self	unrolled	300014250	
linen tie	material	(unrolled)	self	self	unrolled	300391271	
linen title label	material	(unrolled)	self	self	unrolled		
linen tulle	material	(unrolled)	self	self	unrolled	300256611	
linen warp	material	(unrolled)	self	self	unrolled	300227930	
linen?	material	(unrolled)	self	self	unrolled		
lines in red chalk	material	(unrolled)	self	self	unrolled	300011727	
linked beadwork	material	(unrolled)	self	self	unrolled	300053647	
linoleum	material	(unrolled)	self	self	unrolled	300069563	
linseed oil	material	(unrolled)	self	self	unrolled	300014292	
linsey-woolsey	material	(unrolled)	self	self	unrolled	300227848	
lion's claw	material	(unrolled)	self	self	unrolled		
lip	material	(unrolled)	self	self	unrolled		
liquid acrylic pen	material	(unrolled)	self	self	unrolled		
liquid tusche	material	(unrolled)	self	self	unrolled	300139518	
litho	material	(unrolled)	self	self	unrolled		
lithograh	material	(unrolled)	self	self	unrolled		
lithograoh	material	(unrolled)	self	self	unrolled		
lithograpmounted	material	(unrolled)	self	self	unrolled		
lithopencil	material	(unrolled)	self	self	unrolled		
lithotint	material	(unrolled)	self	self	unrolled		
litohgraph	material	(unrolled)	self	self	unrolled		
lizard	material	(unrolled)	self	self	unrolled		
llama wool chantilly lace	material	(unrolled)	self	self	unrolled	300132861	
llama wool lace	material	(unrolled)	self	self	unrolled	300132861	
loan card	material	(unrolled)	self	self	unrolled		
local dye	material	(unrolled)	self	self	unrolled	300013029	
long fiber inclusions mounted	material	(unrolled)	self	self	unrolled		
lontar palm	material	(unrolled)	self	self	unrolled		
looped fringe	material	(unrolled)	self	self	unrolled	300227830	
looping tassel	material	(unrolled)	self	self	unrolled	300232185	
low heel	material	(unrolled)	self	self	unrolled		
low relief bronze or bras	material	(unrolled)	self	self	unrolled		
low-fire clay	material	(unrolled)	self	self	unrolled	300010439	
low-fired clay	material	(unrolled)	self	self	unrolled	300010439	
lucite	material	(unrolled)	self	self	unrolled	300014434	
lucite bead	material	(unrolled)	self	self	unrolled	300261776	
luggage labels in a plastic bag	material	(unrolled)	self	self	unrolled		
lurex	material	(unrolled)	self	self	unrolled	300264267	
lurex cloqué	material	(unrolled)	self	self	unrolled		
lurex crochet	material	(unrolled)	self	self	unrolled	300264038	
luster decoration	material	(unrolled)	self	self	unrolled	300056257	
lusterware	material	(unrolled)	self	self	unrolled		
lustre	material	(unrolled)	self	self	unrolled		
lustre faience	material	(unrolled)	self	self	unrolled	300010668	
lustre glazed earthenware	material	(unrolled)	self	self	unrolled	300140803	
lustre ware	material	(unrolled)	self	self	unrolled	300244578	
lustreware	material	(unrolled)	self	self	unrolled		
lycra	material	(unrolled)	self	self	unrolled		
lycra blend	material	(unrolled)	self	self	unrolled		
machine alencon	material	(unrolled)	self	self	unrolled		
machine chantilly lace	material	(unrolled)	self	self	unrolled	300132861	
machine cotton lace	material	(unrolled)	self	self	unrolled	300132861	
machine embroidered acetate ribbon	material	(unrolled)	self	self	unrolled	300014668	
machine gros point lace	material	(unrolled)	self	self	unrolled	300132861	
machine knit silk lace	material	(unrolled)	self	self	unrolled	300132861	
machine lace	material	(unrolled)	self	self	unrolled	300264607	
machine made	material	(unrolled)	self	self	unrolled		
machine made blonde lace	material	(unrolled)	self	self	unrolled	300132861	
machine made bobbin lace	material	(unrolled)	self	self	unrolled	300132861	
machine made chantilly lace	material	(unrolled)	self	self	unrolled	300132861	
machine made chantillylace	material	(unrolled)	self	self	unrolled		
machine made embroidered net	material	(unrolled)	self	self	unrolled	300249438	
machine made lace	material	(unrolled)	self	self	unrolled	300132861	
machine made net	material	(unrolled)	self	self	unrolled	300249438	
machine made point d'esprit embroidered silk tulle	material	(unrolled)	self	self	unrolled	300256611	
machine made rose point lace	material	(unrolled)	self	self	unrolled	300132861	
machine made silk chantilly lace	material	(unrolled)	self	self	unrolled	300132861	
machine made silk lace	material	(unrolled)	self	self	unrolled	300132861	
machine made spanish blonde silk lace	material	(unrolled)	self	self	unrolled	300132861	
machine made valenciennes lace	material	(unrolled)	self	self	unrolled	300132861	
machine made? lace	material	(unrolled)	self	self	unrolled	300132861	
machine quilting	material	(unrolled)	self	self	unrolled	300053656	
machine spanish blonde lace	material	(unrolled)	self	self	unrolled	300132861	
machine spanish lace	material	(unrolled)	self	self	unrolled	300132861	
machine valenciennes lace	material	(unrolled)	self	self	unrolled	300132861	
machine woven pile	material	(unrolled)	self	self	unrolled	300227868	
machine-made	material	(unrolled)	self	self	unrolled	300257450	
machine-made chantilly lace	material	(unrolled)	self	self	unrolled	300132861	
machine-made compound weave	material	(unrolled)	self	self	unrolled		
machine-made cotton rosaline lace	material	(unrolled)	self	self	unrolled	300132861	
machine-made imitation chantilly lace	material	(unrolled)	self	self	unrolled	300132861	
machine-made lace	material	(unrolled)	self	self	unrolled	300132861	
machine-made net	material	(unrolled)	self	self	unrolled	300249438	
machine-made pusher lace	material	(unrolled)	self	self	unrolled	300132861	
machine-made spanish blonde lace	material	(unrolled)	self	self	unrolled	300132861	
machine-made tape lace	material	(unrolled)	self	self	unrolled	300132861	
machine-made valenciennes lace	material	(unrolled)	self	self	unrolled	300132861	
machine-woven chantilly lace	material	(unrolled)	self	self	unrolled	300132861	
macrame fringe	material	(unrolled)	self	self	unrolled	300227830	
madake	material	(unrolled)	self	self	unrolled		
magazine	material	(unrolled)	self	self	unrolled		
magenta silk charmeuse	material	(unrolled)	self	self	unrolled	300417872	
magnetic tape	material	(unrolled)	self	self	unrolled	300014685	
magnetite inclusions possibly serpentenite	material	(unrolled)	self	self	unrolled		
maguey fiber	material	(unrolled)	self	self	unrolled		
mahogany frame	material	(unrolled)	self	self	unrolled		
mahogany seven-panel folding screen	material	(unrolled)	self	self	unrolled	300023393	
mahogany veneer	material	(unrolled)	self	self	unrolled	300012855	
mahogany veneer inlaid	material	(unrolled)	self	self	unrolled		
maidstone	material	(unrolled)	self	self	unrolled		
maline	material	(unrolled)	self	self	unrolled		
maltese lace	material	(unrolled)	self	self	unrolled	300132861	
mammoth	material	(unrolled)	self	self	unrolled		
mammoth tusk	material	(unrolled)	self	self	unrolled	300011856	
mannequin	material	(unrolled)	self	self	unrolled		
manus shell	material	(unrolled)	self	self	unrolled	300011829	
maple inlay	material	(unrolled)	self	self	unrolled	300053850	
maple leg	material	(unrolled)	self	self	unrolled		
maquette book	material	(unrolled)	self	self	unrolled		
marble in wood frame	material	(unrolled)	self	self	unrolled		
marble inlay	material	(unrolled)	self	self	unrolled	300053850	
marble inset	material	(unrolled)	self	self	unrolled		
marble mount	material	(unrolled)	self	self	unrolled		
marble plaque	material	(unrolled)	self	self	unrolled		
marble plinth	material	(unrolled)	self	self	unrolled		
marble top	material	(unrolled)	self	self	unrolled	300121968	
marble?	material	(unrolled)	self	self	unrolled		
marbled board	material	(unrolled)	self	self	unrolled		
marbled doublure	material	(unrolled)	self	self	unrolled		
marbled endpapers. 322 pp.	material	(unrolled)	self	self	unrolled		
marbled paper covered board	material	(unrolled)	self	self	unrolled		
marbled paper inlay	material	(unrolled)	self	self	unrolled	300053850	
marbled paper tipped in	material	(unrolled)	self	self	unrolled		
marbleized silk organza	material	(unrolled)	self	self	unrolled	300310123	
marbleized synthetic	material	(unrolled)	self	self	unrolled	300218678	
marine turtle shell	material	(unrolled)	self	self	unrolled	300011829	
marker	material	(unrolled)	self	self	unrolled		
maroon leather trim	material	(unrolled)	self	self	unrolled		
maroon-colored linen mounted	material	(unrolled)	self	self	unrolled		
masking tape	material	(unrolled)	self	self	unrolled	300014836	
masking tape around four edge	material	(unrolled)	self	self	unrolled		
matboard	material	(unrolled)	self	self	unrolled		
matching beige fabric covered slipcase	material	(unrolled)	self	self	unrolled		
matching book cloth	material	(unrolled)	self	self	unrolled	300162391	
matching marbled paper slipcase	material	(unrolled)	self	self	unrolled		
matching red satin covered slipcase	material	(unrolled)	self	self	unrolled		
matching slipcase covered in dark beige fabric	material	(unrolled)	self	self	unrolled		
matching slipcases covered in rust colored linen	material	(unrolled)	self	self	unrolled	300014069	
matelassé	material	(unrolled)	self	self	unrolled		
mauve	material	(unrolled)	self	self	unrolled	300013101	
mauve bead	material	(unrolled)	self	self	unrolled	300261776	
mauve enamel	material	(unrolled)	self	self	unrolled	300014910	
mauve wash	material	(unrolled)	self	self	unrolled	300011051	
mechanical tone	material	(unrolled)	self	self	unrolled	300056173	
mechlin bobbin guipure lace	material	(unrolled)	self	self	unrolled	300132861	
mechlin bobbin lace	material	(unrolled)	self	self	unrolled	300390933	
mechlin lace	material	(unrolled)	self	self	unrolled	300132861	
mechlin or buckinghamshire bobbin lace	material	(unrolled)	self	self	unrolled	300132861	
mechlin or imitaton	material	(unrolled)	self	self	unrolled		
mechlin or summer lace	material	(unrolled)	self	self	unrolled	300132861	
medal	material	(unrolled)	self	self	unrolled		
melton cloth	material	(unrolled)	self	self	unrolled	300162391	
mercury-gilded glas	material	(unrolled)	self	self	unrolled		
mesh	material	(unrolled)	self	self	unrolled	300014654	
mesotint	material	(unrolled)	self	self	unrolled		
metal & glas	material	(unrolled)	self	self	unrolled		
metal - iron aloy	material	(unrolled)	self	self	unrolled		
metal - irony alloy wire	material	(unrolled)	self	self	unrolled	300011063	
metal ?	material	(unrolled)	self	self	unrolled		
metal armature	material	(unrolled)	self	self	unrolled		
metal armature base	material	(unrolled)	self	self	unrolled	300237910	
metal ball	material	(unrolled)	self	self	unrolled		
metal bead	material	(unrolled)	self	self	unrolled	300261776	
metal beads & cotton twine	material	(unrolled)	self	self	unrolled	300014251	
metal blade	material	(unrolled)	self	self	unrolled		
metal boning	material	(unrolled)	self	self	unrolled		
metal box	material	(unrolled)	self	self	unrolled		
metal bracelet	material	(unrolled)	self	self	unrolled		
metal brad	material	(unrolled)	self	self	unrolled		
metal braid	material	(unrolled)	self	self	unrolled	300232186	
metal buckle	material	(unrolled)	self	self	unrolled		
metal button	material	(unrolled)	self	self	unrolled		
metal buttons.	material	(unrolled)	self	self	unrolled		
metal coil	material	(unrolled)	self	self	unrolled		
metal coin	material	(unrolled)	self	self	unrolled		
metal cord	material	(unrolled)	self	self	unrolled	300014247	
metal cufflink	material	(unrolled)	self	self	unrolled		
metal enamel	material	(unrolled)	self	self	unrolled	300014910	
metal eye	material	(unrolled)	self	self	unrolled		
metal fastener	material	(unrolled)	self	self	unrolled		
metal fob	material	(unrolled)	self	self	unrolled		
metal foil braid	material	(unrolled)	self	self	unrolled	300232186	
metal foil lampasette	material	(unrolled)	self	self	unrolled		
metal foil plain weave	material	(unrolled)	self	self	unrolled		
metal foil supplementary weft patterning	material	(unrolled)	self	self	unrolled	300248891	
metal foil thread	material	(unrolled)	self	self	unrolled	300014250	
metal foil velvet	material	(unrolled)	self	self	unrolled	300133711	
metal foil–wrapped paper tassel	material	(unrolled)	self	self	unrolled	300232185	
metal foil–wrapped silk double weave	material	(unrolled)	self	self	unrolled		
metal foil–wrapped silk lace appliqué	material	(unrolled)	self	self	unrolled		
metal fringe	material	(unrolled)	self	self	unrolled	300227830	
metal galloon	material	(unrolled)	self	self	unrolled	300231784	
metal gauze ribbon	material	(unrolled)	self	self	unrolled	300014668	
metal guard	material	(unrolled)	self	self	unrolled		
metal hoop	material	(unrolled)	self	self	unrolled		
metal key	material	(unrolled)	self	self	unrolled		
metal lace	material	(unrolled)	self	self	unrolled	300132861	
metal lace.	material	(unrolled)	self	self	unrolled		
metal link handle	material	(unrolled)	self	self	unrolled		
metal meridian	material	(unrolled)	self	self	unrolled		
metal nail	material	(unrolled)	self	self	unrolled		
metal ornament	material	(unrolled)	self	self	unrolled		
metal photo	material	(unrolled)	self	self	unrolled		
metal pin	material	(unrolled)	self	self	unrolled		
metal polyester strip weft twill weave	material	(unrolled)	self	self	unrolled		
metal powder pigment	material	(unrolled)	self	self	unrolled		
metal rack	material	(unrolled)	self	self	unrolled		
metal rod	material	(unrolled)	self	self	unrolled		
metal rosary	material	(unrolled)	self	self	unrolled		
metal sequin	material	(unrolled)	self	self	unrolled		
metal shell-shaped button	material	(unrolled)	self	self	unrolled		
metal silk tafetta	material	(unrolled)	self	self	unrolled		
metal snap	material	(unrolled)	self	self	unrolled		
metal spring	material	(unrolled)	self	self	unrolled	300133097	
metal stand	material	(unrolled)	self	self	unrolled		
metal strip	material	(unrolled)	self	self	unrolled		
metal strip damask	material	(unrolled)	self	self	unrolled	300163295	
metal tape	material	(unrolled)	self	self	unrolled	300014685	
metal tassel	material	(unrolled)	self	self	unrolled	300232185	
metal thread brocade	material	(unrolled)	self	self	unrolled	300227779	
metal thread complex weave	material	(unrolled)	self	self	unrolled		
metal thread crochet trim	material	(unrolled)	self	self	unrolled		
metal thread galoon	material	(unrolled)	self	self	unrolled		
metal thread tassel	material	(unrolled)	self	self	unrolled	300232185	
metal tip	material	(unrolled)	self	self	unrolled		
metal washer	material	(unrolled)	self	self	unrolled		
metal weight	material	(unrolled)	self	self	unrolled	300056240	
metal winding	material	(unrolled)	self	self	unrolled		
metal wire	material	(unrolled)	self	self	unrolled	300011063	
metal yarn	material	(unrolled)	self	self	unrolled	300014252	
metal zipper	material	(unrolled)	self	self	unrolled		
metal zipper blouse: silk charmeuse	material	(unrolled)	self	self	unrolled	300417872	
metal zippers skirt: pieced silk satin weave	material	(unrolled)	self	self	unrolled		
metal- bras	material	(unrolled)	self	self	unrolled		
metal-wrapped silk cannelé sash	material	(unrolled)	self	self	unrolled		
metal-wrapped silk filet lace	material	(unrolled)	self	self	unrolled	300132861	
metal-wrapped silk gros de tour	material	(unrolled)	self	self	unrolled		
metal-wrapped silk satin weave	material	(unrolled)	self	self	unrolled		
metal-wrapped silk supplementary weft	material	(unrolled)	self	self	unrolled	300227934	
metal-wrapped silk thread	material	(unrolled)	self	self	unrolled	300014250	
metal-wrapped silk thread braid	material	(unrolled)	self	self	unrolled	300232186	
metal-wrapped silk thread satin weave appliqué	material	(unrolled)	self	self	unrolled		
metal-wrapped silk trim	material	(unrolled)	self	self	unrolled		
metal-wrapped thread warp	material	(unrolled)	self	self	unrolled	300227930	
metal/rhinestone button	material	(unrolled)	self	self	unrolled		
metal?	material	(unrolled)	self	self	unrolled		
metalic gold powder	material	(unrolled)	self	self	unrolled	300014647	
metalic pigment	material	(unrolled)	self	self	unrolled		
metalic powder	material	(unrolled)	self	self	unrolled	300014647	
metallic	material	(unrolled)	self	self	unrolled	300107565	
metallic appliqué	material	(unrolled)	self	self	unrolled		
metallic bead	material	(unrolled)	self	self	unrolled	300261776	
metallic braid	material	(unrolled)	self	self	unrolled	300232186	
metallic brocade lining	material	(unrolled)	self	self	unrolled	300162124	
metallic brocaded damask	material	(unrolled)	self	self	unrolled	300163295	
metallic brocaded satin	material	(unrolled)	self	self	unrolled	300132902	
metallic cloque	material	(unrolled)	self	self	unrolled		
metallic color	material	(unrolled)	self	self	unrolled	300131647	
metallic cording	material	(unrolled)	self	self	unrolled		
metallic dust	material	(unrolled)	self	self	unrolled	300014646	
metallic fabric	material	(unrolled)	self	self	unrolled		
metallic fiber	material	(unrolled)	self	self	unrolled		
metallic figment	material	(unrolled)	self	self	unrolled		
metallic foil complex weave	material	(unrolled)	self	self	unrolled		
metallic fringe	material	(unrolled)	self	self	unrolled	300227830	
metallic fringe & brocade	material	(unrolled)	self	self	unrolled	300227779	
metallic galloon	material	(unrolled)	self	self	unrolled	300231784	
metallic galloon?	material	(unrolled)	self	self	unrolled		
metallic glitter	material	(unrolled)	self	self	unrolled	300183800	
metallic gold powder	material	(unrolled)	self	self	unrolled	300014647	
metallic jersey	material	(unrolled)	self	self	unrolled	300417884	
metallic lace	material	(unrolled)	self	self	unrolled	300132861	
metallic lace edging	material	(unrolled)	self	self	unrolled		
metallic leaf addition	material	(unrolled)	self	self	unrolled		
metallic net	material	(unrolled)	self	self	unrolled	300249438	
metallic pencil	material	(unrolled)	self	self	unrolled	300410335	
metallic powder	material	(unrolled)	self	self	unrolled	300014647	
metallic ribbon	material	(unrolled)	self	self	unrolled	300014668	
metallic sequin	material	(unrolled)	self	self	unrolled		
metallic silver thread	material	(unrolled)	self	self	unrolled	300014250	
metallic supplementary-weft thread	material	(unrolled)	self	self	unrolled	300014250	
metallic thread braid	material	(unrolled)	self	self	unrolled	300232186	
metallic thread complex weave	material	(unrolled)	self	self	unrolled		
metallic thread crochet	material	(unrolled)	self	self	unrolled	300264038	
metallic thread fringe	material	(unrolled)	self	self	unrolled	300227830	
metallic thread lace	material	(unrolled)	self	self	unrolled	300132861	
metallic thread tassel	material	(unrolled)	self	self	unrolled	300232185	
metallic tread	material	(unrolled)	self	self	unrolled		
metallic trim	material	(unrolled)	self	self	unrolled		
metallic tweed	material	(unrolled)	self	self	unrolled	300132867	
metallic wrapped yarn	material	(unrolled)	self	self	unrolled	300014252	
metallic yarn	material	(unrolled)	self	self	unrolled	300014252	
metallic-coated leather piping	material	(unrolled)	self	self	unrolled	300052572	
metallic-thread twill	material	(unrolled)	self	self	unrolled	300227915	
metallic-wrapped silk thread	material	(unrolled)	self	self	unrolled	300014250	
metalltic-thread	material	(unrolled)	self	self	unrolled		
metalshell	material	(unrolled)	self	self	unrolled		
metalwork	material	(unrolled)	self	self	unrolled	300015336	
mezzo punto bobbin lace	material	(unrolled)	self	self	unrolled	300132861	
mezzo punto lace	material	(unrolled)	self	self	unrolled	300132861	
mezzo punto or veneziano rococo lace	material	(unrolled)	self	self	unrolled	300132861	
mezzoting	material	(unrolled)	self	self	unrolled		
mica background	material	(unrolled)	self	self	unrolled	300056369	
mica flecked	material	(unrolled)	self	self	unrolled		
mica ground	material	(unrolled)	self	self	unrolled	300015297	
mica inlay	material	(unrolled)	self	self	unrolled	300053850	
mica shade	material	(unrolled)	self	self	unrolled	300056035	
micaceous earthenware	material	(unrolled)	self	self	unrolled	300140803	
midnight blue silk velvet	material	(unrolled)	self	self	unrolled	300133711	
mikro 35	material	(unrolled)	self	self	unrolled		
milanese	material	(unrolled)	self	self	unrolled	300386415	
milanese bobbin guipure lace	material	(unrolled)	self	self	unrolled	300132861	
milanese bobbin lace	material	(unrolled)	self	self	unrolled	300132861	
milanese bobbin tape guipure	material	(unrolled)	self	self	unrolled		
milanese bobbin tape guipure lace	material	(unrolled)	self	self	unrolled	300132861	
milanese bobbin tape guipurelace	material	(unrolled)	self	self	unrolled		
milanese lace	material	(unrolled)	self	self	unrolled	300132861	
milanese tape lace	material	(unrolled)	self	self	unrolled	300132861	
milk glas	material	(unrolled)	self	self	unrolled		
milk glass bead	material	(unrolled)	self	self	unrolled	300261776	
millefiori design in clear glas	material	(unrolled)	self	self	unrolled		
milleflori design clear glas	material	(unrolled)	self	self	unrolled		
mineral pigment	material	(unrolled)	self	self	unrolled	300375550	
miniature household cleaning container	material	(unrolled)	self	self	unrolled		
miniature mirror	material	(unrolled)	self	self	unrolled	300037690	
miniature shingle	material	(unrolled)	self	self	unrolled	300014898	
miniature window curtain	material	(unrolled)	self	self	unrolled		
mink	material	(unrolled)	self	self	unrolled		
mink trim	material	(unrolled)	self	self	unrolled		
mink?	material	(unrolled)	self	self	unrolled		
mint green silk crepe	material	(unrolled)	self	self	unrolled	300183741	
mint green silk satin-back crepe	material	(unrolled)	self	self	unrolled	300183741	
mint green synthetic linen	material	(unrolled)	self	self	unrolled	300014069	
mirror	material	(unrolled)	self	self	unrolled	300037690	
mirror glas	material	(unrolled)	self	self	unrolled		
mirror glass or mica insert	material	(unrolled)	self	self	unrolled		
mirror work	material	(unrolled)	self	self	unrolled		
mirrored beading	material	(unrolled)	self	self	unrolled	300054013	
mirrored blown glas	material	(unrolled)	self	self	unrolled		
mirrored float glas	material	(unrolled)	self	self	unrolled		
mirrored sequin	material	(unrolled)	self	self	unrolled		
mirrors?	material	(unrolled)	self	self	unrolled		
misc.	material	(unrolled)	self	self	unrolled		
miwok stone weight	material	(unrolled)	self	self	unrolled	300056240	
mixed bobbin	material	(unrolled)	self	self	unrolled		
mixed brussels applique lace	material	(unrolled)	self	self	unrolled	300132861	
mixed color method	material	(unrolled)	self	self	unrolled		
mixed fiber	material	(unrolled)	self	self	unrolled		
mixed guipure bobbin-made lace	material	(unrolled)	self	self	unrolled	300132861	
mixed intaglio media	material	(unrolled)	self	self	unrolled	300163343	
mixed lace	material	(unrolled)	self	self	unrolled	300400715	
mixed media assemblage	material	(unrolled)	self	self	unrolled	300138696	
mixed media classroom installation	material	(unrolled)	self	self	unrolled		
mixed media color intaglio	material	(unrolled)	self	self	unrolled	300186231	
mixed media color relief	material	(unrolled)	self	self	unrolled	300053622	
mixed media in color	material	(unrolled)	self	self	unrolled	300131647	
mixed media including flower petal juice	material	(unrolled)	self	self	unrolled		
mixed media including sound	material	(unrolled)	self	self	unrolled	300056060	
mixed media intaglio	material	(unrolled)	self	self	unrolled	300186231	
mixed media painting	material	(unrolled)	self	self	unrolled	300054216	
mixed media relief	material	(unrolled)	self	self	unrolled	300053622	
mixed media stain	material	(unrolled)	self	self	unrolled	300014968	
mixed media: graphite	material	(unrolled)	self	self	unrolled	300011098	
mixed tape lace	material	(unrolled)	self	self	unrolled	300132861	
mized media	material	(unrolled)	self	self	unrolled	300163343	
modano or lacis lace	material	(unrolled)	self	self	unrolled	300132861	
modern art	material	(unrolled)	self	self	unrolled	300054138	
modern cotton lining	material	(unrolled)	self	self	unrolled	300162124	
modern cotton twill embroidered	material	(unrolled)	self	self	unrolled		
modern silk damask upholstery	material	(unrolled)	self	self	unrolled	300204905	
modern venetian lace	material	(unrolled)	self	self	unrolled	300132861	
modified pink pastry box	material	(unrolled)	self	self	unrolled		
mohair crochet	material	(unrolled)	self	self	unrolled	300264038	
mohair jersey	material	(unrolled)	self	self	unrolled	300417884	
mohair spandex	material	(unrolled)	self	self	unrolled	300310125	
moire	material	(unrolled)	self	self	unrolled	300400593	
moire patterning	material	(unrolled)	self	self	unrolled	300248891	
moire ribbon	material	(unrolled)	self	self	unrolled	300014668	
moire silk lining	material	(unrolled)	self	self	unrolled	300162124	
moire silk ribbon	material	(unrolled)	self	self	unrolled	300014668	
moire taffeta	material	(unrolled)	self	self	unrolled	300249434	
moiré	material	(unrolled)	self	self	unrolled		
moiré ribbon	material	(unrolled)	self	self	unrolled	300014668	
moiré trim	material	(unrolled)	self	self	unrolled		
mold blown glas	material	(unrolled)	self	self	unrolled		
mold formed glas	material	(unrolled)	self	self	unrolled		
mold- blown non- lead glas	material	(unrolled)	self	self	unrolled		
mold-blown	material	(unrolled)	self	self	unrolled		
mold-blown expanded diamond glas	material	(unrolled)	self	self	unrolled		
mold-blown glas	material	(unrolled)	self	self	unrolled		
mold-blown lead glas	material	(unrolled)	self	self	unrolled		
mold-blown non-lead glas	material	(unrolled)	self	self	unrolled		
molded	material	(unrolled)	self	self	unrolled		
molded aluminum	material	(unrolled)	self	self	unrolled		
molded base	material	(unrolled)	self	self	unrolled	300237910	
molded compost	material	(unrolled)	self	self	unrolled	300254452	
molded drafting tissue	material	(unrolled)	self	self	unrolled		
molded glas	material	(unrolled)	self	self	unrolled		
molded glass bead	material	(unrolled)	self	self	unrolled	300261776	
molded lead glas	material	(unrolled)	self	self	unrolled		
molded plastic	material	(unrolled)	self	self	unrolled	300014570	
molded plastic bead	material	(unrolled)	self	self	unrolled	300261776	
molded plastic seed bead	material	(unrolled)	self	self	unrolled	300261776	
molded plastic stick	material	(unrolled)	self	self	unrolled		
molded thermoplastic front	material	(unrolled)	self	self	unrolled	300078767	
moleskin	material	(unrolled)	self	self	unrolled		
mollusk pigment	material	(unrolled)	self	self	unrolled		
molted underglaze color	material	(unrolled)	self	self	unrolled	300131647	
mon	material	(unrolled)	self	self	unrolled	300019089	
monkey skull	material	(unrolled)	self	self	unrolled		
monkey's skull	material	(unrolled)	self	self	unrolled		
mono-type by mackenzie-harris type. cloth binding. leather label .	material	(unrolled)	self	self	unrolled		
mordant	material	(unrolled)	self	self	unrolled	300015299	
mordant painting	material	(unrolled)	self	self	unrolled	300054216	
mordant-	material	(unrolled)	self	self	unrolled		
morocco leather trim	material	(unrolled)	self	self	unrolled		
morocco lettering-piece	material	(unrolled)	self	self	unrolled		
morocco spine	material	(unrolled)	self	self	unrolled		
mosaic	material	(unrolled)	self	self	unrolled	300138684	
mosaic glas	material	(unrolled)	self	self	unrolled		
mosiac	material	(unrolled)	self	self	unrolled		
mother-of-pearl backing	material	(unrolled)	self	self	unrolled	300227764	
mother-of-pearl button	material	(unrolled)	self	self	unrolled		
mother-of-pearl buttons pants: silk velvet	material	(unrolled)	self	self	unrolled	300133711	
mother-of-pearl embellishment	material	(unrolled)	self	self	unrolled		
mother-of-pearl inlay	material	(unrolled)	self	self	unrolled	300053850	
mother-of-pearl insertion	material	(unrolled)	self	self	unrolled		
mother-of-pearl key	material	(unrolled)	self	self	unrolled		
mother-of-pearl rivet	material	(unrolled)	self	self	unrolled		
mother-of-pearl shell	material	(unrolled)	self	self	unrolled	300011829	
mother-of-pearl underlay	material	(unrolled)	self	self	unrolled		
mounted as a hanging scroll in silk border	material	(unrolled)	self	self	unrolled		
mounted as a hanging scroll in silk borders.	material	(unrolled)	self	self	unrolled		
mounted china	material	(unrolled)	self	self	unrolled		
mounted in acrylic box	material	(unrolled)	self	self	unrolled		
mounted to an album sheet	material	(unrolled)	self	self	unrolled		
mousseline de soie	material	(unrolled)	self	self	unrolled		
mud	material	(unrolled)	self	self	unrolled	300014337	
muffle-kiln enamels in red	material	(unrolled)	self	self	unrolled	300126225	
mulberry	material	(unrolled)	self	self	unrolled		
mull	material	(unrolled)	self	self	unrolled		
mull/linen	material	(unrolled)	self	self	unrolled		
mulle	material	(unrolled)	self	self	unrolled		
multi-colored glas	material	(unrolled)	self	self	unrolled		
multi-media	material	(unrolled)	self	self	unrolled		
multiple interlinking through bead	material	(unrolled)	self	self	unrolled	300261776	
multiple support	material	(unrolled)	self	self	unrolled		
murano glass bead	material	(unrolled)	self	self	unrolled	300261776	
murre breast	material	(unrolled)	self	self	unrolled		
museum button	material	(unrolled)	self	self	unrolled		
music cd	material	(unrolled)	self	self	unrolled		
musk ox skull	material	(unrolled)	self	self	unrolled		
muskrat	material	(unrolled)	self	self	unrolled		
muslin fabric	material	(unrolled)	self	self	unrolled		
mycelium fungu	material	(unrolled)	self	self	unrolled		
mylar	material	(unrolled)	self	self	unrolled	300014480	
mylar covering	material	(unrolled)	self	self	unrolled		
mylar image	material	(unrolled)	self	self	unrolled		
nanduti lace	material	(unrolled)	self	self	unrolled	300132861	
napkin	material	(unrolled)	self	self	unrolled		
napped fabric	material	(unrolled)	self	self	unrolled		
nassa shell	material	(unrolled)	self	self	unrolled	300011829	
native dye	material	(unrolled)	self	self	unrolled	300013029	
natural brown	material	(unrolled)	self	self	unrolled	300127490	
natural cotton cord	material	(unrolled)	self	self	unrolled	300014247	
natural fiber	material	(unrolled)	self	self	unrolled		
natural linen	material	(unrolled)	self	self	unrolled	300014069	
natural pigment	material	(unrolled)	self	self	unrolled		
navy	material	(unrolled)	self	self	unrolled		
navy linen	material	(unrolled)	self	self	unrolled	300014069	
navy plastic	material	(unrolled)	self	self	unrolled	300014570	
navy polyester	material	(unrolled)	self	self	unrolled	300014546	
navy satin	material	(unrolled)	self	self	unrolled	300132902	
navy silk crepe	material	(unrolled)	self	self	unrolled	300183741	
navy silk mousseline	material	(unrolled)	self	self	unrolled		
needle lace	material	(unrolled)	self	self	unrolled	300132861	
needle lace made to resemble bobbin lace	material	(unrolled)	self	self	unrolled	300132861	
needlepoint	material	(unrolled)	self	self	unrolled	300264031	
needlepoint lace	material	(unrolled)	self	self	unrolled	300132861	
needlepoint lace applique	material	(unrolled)	self	self	unrolled		
needlepoint mode	material	(unrolled)	self	self	unrolled		
needlepoint? lace	material	(unrolled)	self	self	unrolled	300132861	
needs a media description?	material	(unrolled)	self	self	unrolled		
neon	material	(unrolled)	self	self	unrolled	300180393	
neon light boxe	material	(unrolled)	self	self	unrolled		
neoprene	material	(unrolled)	self	self	unrolled	300014387	
neoprene rubber	material	(unrolled)	self	self	unrolled	300012941	
net ground	material	(unrolled)	self	self	unrolled	300015297	
net lace	material	(unrolled)	self	self	unrolled	300132861	
netting	material	(unrolled)	self	self	unrolled	300053637	
nettle fiber	material	(unrolled)	self	self	unrolled		
nickel-plated aluminum	material	(unrolled)	self	self	unrolled		
non-adhesive structure	material	(unrolled)	self	self	unrolled	300191463	
non-flint glas	material	(unrolled)	self	self	unrolled		
non-interlocked plant fiber	material	(unrolled)	self	self	unrolled		
non-lead	material	(unrolled)	self	self	unrolled		
non-lead glas	material	(unrolled)	self	self	unrolled		
non-lead mold-blown glas	material	(unrolled)	self	self	unrolled		
non-lead pressed glas	material	(unrolled)	self	self	unrolled		
nonlead	material	(unrolled)	self	self	unrolled		
north italian tape guipure lace	material	(unrolled)	self	self	unrolled	300132861	
note card	material	(unrolled)	self	self	unrolled		
now covered by the mat- not typical for this kind	material	(unrolled)	self	self	unrolled		
numbered in ink 'n. 77 carle marat.'	material	(unrolled)	self	self	unrolled		
nupastel	material	(unrolled)	self	self	unrolled		
nut	material	(unrolled)	self	self	unrolled		
nyc.	material	(unrolled)	self	self	unrolled		
nylon blend	material	(unrolled)	self	self	unrolled		
nylon blend lace	material	(unrolled)	self	self	unrolled	300132861	
nylon chenille	material	(unrolled)	self	self	unrolled	300227801	
nylon fabric	material	(unrolled)	self	self	unrolled		
nylon lining	material	(unrolled)	self	self	unrolled	300162124	
nylon mesh	material	(unrolled)	self	self	unrolled	300014654	
nylon net	material	(unrolled)	self	self	unrolled	300249438	
nylon netting	material	(unrolled)	self	self	unrolled	300053637	
nylon or spandex	material	(unrolled)	self	self	unrolled	300310125	
nylon or taffeta?	material	(unrolled)	self	self	unrolled		
nylon thread	material	(unrolled)	self	self	unrolled	300014250	
nylon wrapped elastic cord	material	(unrolled)	self	self	unrolled	300014247	
nylong	material	(unrolled)	self	self	unrolled		
oak carcas	material	(unrolled)	self	self	unrolled		
oak carcase	material	(unrolled)	self	self	unrolled		
oak stand	material	(unrolled)	self	self	unrolled		
oak wood base	material	(unrolled)	self	self	unrolled	300237910	
oatmeal wove	material	(unrolled)	self	self	unrolled		
oban	material	(unrolled)	self	self	unrolled	300041290	
oblique interlaced dyed plant fiber	material	(unrolled)	self	self	unrolled		
oblique interlacing cord	material	(unrolled)	self	self	unrolled	300014247	
obsidian	material	(unrolled)	self	self	unrolled	300011254	
ocher	material	(unrolled)	self	self	unrolled	300152219	
ochre	material	(unrolled)	self	self	unrolled		
ochre opaque watercolor	material	(unrolled)	self	self	unrolled		
ochre or clay pigment	material	(unrolled)	self	self	unrolled		
ochre pigment	material	(unrolled)	self	self	unrolled		
ochre washe	material	(unrolled)	self	self	unrolled		
off white silk linen	material	(unrolled)	self	self	unrolled	300014069	
off-white	material	(unrolled)	self	self	unrolled		
off-white cotton lace	material	(unrolled)	self	self	unrolled	300132861	
off-white tulle	material	(unrolled)	self	self	unrolled	300256611	
off-white wool/mohair twill	material	(unrolled)	self	self	unrolled	300227915	
off-white wove paper v: colored chalk	material	(unrolled)	self	self	unrolled	300011727	
ohre watercolor in the upper corner	material	(unrolled)	self	self	unrolled	300010275	
oil addition	material	(unrolled)	self	self	unrolled		
oil base enamel	material	(unrolled)	self	self	unrolled	300014910	
oil based pencil	material	(unrolled)	self	self	unrolled	300410335	
oil crayon	material	(unrolled)	self	self	unrolled		
oil enamel	material	(unrolled)	self	self	unrolled	300014910	
oil paint additions by the artist	material	(unrolled)	self	self	unrolled		
oil paint stick	material	(unrolled)	self	self	unrolled		
oil paint wash	material	(unrolled)	self	self	unrolled	300011051	
oil painted	material	(unrolled)	self	self	unrolled		
oil painting	material	(unrolled)	self	self	unrolled	300178684	
oil pastel	material	(unrolled)	self	self	unrolled	300311039	
oil pencil	material	(unrolled)	self	self	unrolled	300410335	
oil pencil?	material	(unrolled)	self	self	unrolled		
oil stick	material	(unrolled)	self	self	unrolled		
oil wash	material	(unrolled)	self	self	unrolled	300011051	
oil wood panel later transferred to canva	material	(unrolled)	self	self	unrolled		
oil-based enamel	material	(unrolled)	self	self	unrolled	300014910	
oil?	material	(unrolled)	self	self	unrolled		
oilstick	material	(unrolled)	self	self	unrolled		
old red	material	(unrolled)	self	self	unrolled	300126225	
olive green chemise	material	(unrolled)	self	self	unrolled		
olive green cotton twill	material	(unrolled)	self	self	unrolled	300227915	
olive green glas	material	(unrolled)	self	self	unrolled		
olive green silk border	material	(unrolled)	self	self	unrolled		
olive green stained wooden beads strun	material	(unrolled)	self	self	unrolled		
olive silk satin	material	(unrolled)	self	self	unrolled	300132902	
olive suede cord	material	(unrolled)	self	self	unrolled	300014247	
olivella shell disc bead	material	(unrolled)	self	self	unrolled	300261776	
ombre silk velvet	material	(unrolled)	self	self	unrolled	300133711	
ombré plush felt	material	(unrolled)	self	self	unrolled	300014107	
on spine	material	(unrolled)	self	self	unrolled		
one-of-a-kind rust painting	material	(unrolled)	self	self	unrolled	300054216	
onlay design consisting	material	(unrolled)	self	self	unrolled		
onyx base	material	(unrolled)	self	self	unrolled	300237910	
onyx plinth	material	(unrolled)	self	self	unrolled		
op-art card	material	(unrolled)	self	self	unrolled		
opal or mother-of-pearl back	material	(unrolled)	self	self	unrolled		
opaque	material	(unrolled)	self	self	unrolled		
opaque color	material	(unrolled)	self	self	unrolled	300131647	
opaque glas	material	(unrolled)	self	self	unrolled		
opaque red watercolor	material	(unrolled)	self	self	unrolled		
opaque water	material	(unrolled)	self	self	unrolled	300011772	
opaque watercolor addition	material	(unrolled)	self	self	unrolled		
opaque watercolor assembled	material	(unrolled)	self	self	unrolled		
opaque watercolor touche	material	(unrolled)	self	self	unrolled		
opaque white	material	(unrolled)	self	self	unrolled	300107678	
opaque white watercolor	material	(unrolled)	self	self	unrolled		
opchre chalk	material	(unrolled)	self	self	unrolled	300011727	
open	material	(unrolled)	self	self	unrolled	300404665	
open diagonal weave	material	(unrolled)	self	self	unrolled		
open weave	material	(unrolled)	self	self	unrolled		
open weave linen	material	(unrolled)	self	self	unrolled	300014069	
open weave linen burlap	material	(unrolled)	self	self	unrolled	300014076	
openwork	material	(unrolled)	self	self	unrolled	300253899	
openwork trim	material	(unrolled)	self	self	unrolled		
opposite page	material	(unrolled)	self	self	unrolled		
opque watercolor	material	(unrolled)	self	self	unrolled		
optical glas	material	(unrolled)	self	self	unrolled		
or clay?	material	(unrolled)	self	self	unrolled		
orange	material	(unrolled)	self	self	unrolled	300126734	
orange bakelite frame	material	(unrolled)	self	self	unrolled		
orange band	material	(unrolled)	self	self	unrolled		
orange blossom	material	(unrolled)	self	self	unrolled		
orange buckram	material	(unrolled)	self	self	unrolled	300253474	
orange clay	material	(unrolled)	self	self	unrolled	300010439	
orange cotton thread	material	(unrolled)	self	self	unrolled	300014250	
orange dust jacket	material	(unrolled)	self	self	unrolled		
orange enamel interior	material	(unrolled)	self	self	unrolled	300010279	
orange knitted cotton or acrylic	material	(unrolled)	self	self	unrolled	300014426	
orange organza	material	(unrolled)	self	self	unrolled	300310123	
orange pencil	material	(unrolled)	self	self	unrolled	300410335	
orange pictorial wrapper	material	(unrolled)	self	self	unrolled		
orange velvet	material	(unrolled)	self	self	unrolled	300133711	
orange watercolor	material	(unrolled)	self	self	unrolled		
orange-red	material	(unrolled)	self	self	unrolled		
orange-white-yellow embroidered lace	material	(unrolled)	self	self	unrolled	300132861	
orchid fiber	material	(unrolled)	self	self	unrolled		
organic debri	material	(unrolled)	self	self	unrolled		
organza	material	(unrolled)	self	self	unrolled	300310123	
original box	material	(unrolled)	self	self	unrolled		
original decorated front wrapper bound in.	material	(unrolled)	self	self	unrolled		
original foil collage	material	(unrolled)	self	self	unrolled	300138699	
original marbled wraper	material	(unrolled)	self	self	unrolled		
original opaque watercolor	material	(unrolled)	self	self	unrolled		
original pen	material	(unrolled)	self	self	unrolled		
original pieces in various media	material	(unrolled)	self	self	unrolled	300163343	
original watercolor	material	(unrolled)	self	self	unrolled		
original woodblock image	material	(unrolled)	self	self	unrolled		
original wrapper	material	(unrolled)	self	self	unrolled		
original wrappers bound in	material	(unrolled)	self	self	unrolled		
original wrappers bound in.	material	(unrolled)	self	self	unrolled		
ormolu mount	material	(unrolled)	self	self	unrolled		
ormulu	material	(unrolled)	self	self	unrolled		
ormulu mount	material	(unrolled)	self	self	unrolled		
ornamental letter	material	(unrolled)	self	self	unrolled		
ostrich	material	(unrolled)	self	self	unrolled		
ostrich shell bead	material	(unrolled)	self	self	unrolled	300261776	
other component	material	(unrolled)	self	self	unrolled		
other fiber	material	(unrolled)	self	self	unrolled		
other media	material	(unrolled)	self	self	unrolled	300163343	
other weave structure	material	(unrolled)	self	self	unrolled	300191463	
others fiber	material	(unrolled)	self	self	unrolled		
outside: natuurlinnen	material	(unrolled)	self	self	unrolled		
over brown wash	material	(unrolled)	self	self	unrolled	300011051	
over brown-gray ink wash	material	(unrolled)	self	self	unrolled	300011051	
over gray ink wash	material	(unrolled)	self	self	unrolled	300011051	
over gray wash	material	(unrolled)	self	self	unrolled	300011051	
over pen	material	(unrolled)	self	self	unrolled		
over sanguine wash	material	(unrolled)	self	self	unrolled	300011051	
over soft graphite	material	(unrolled)	self	self	unrolled	300011098	
over watercolor	material	(unrolled)	self	self	unrolled		
overglaze	material	(unrolled)	self	self	unrolled	300252619	
overglaze enamel	material	(unrolled)	self	self	unrolled	300014910	
overglaze enamel painting	material	(unrolled)	self	self	unrolled	300054216	
overglaze petit feu enamel	material	(unrolled)	self	self	unrolled	300014910	
overglazed transfer	material	(unrolled)	self	self	unrolled	300417644	
overpainting	material	(unrolled)	self	self	unrolled		
oxide	material	(unrolled)	self	self	unrolled		
oxide pigment	material	(unrolled)	self	self	unrolled		
oxidized aluminum	material	(unrolled)	self	self	unrolled		
oxidized earthenware	material	(unrolled)	self	self	unrolled	300140803	
padded chintz	material	(unrolled)	self	self	unrolled	300132876	
padded cotton twill	material	(unrolled)	self	self	unrolled	300227915	
paer in black	material	(unrolled)	self	self	unrolled	300130920	
page	material	(unrolled)	self	self	unrolled		
page hand painted	material	(unrolled)	self	self	unrolled		
page in color photomechanical process opposite text page	material	(unrolled)	self	self	unrolled		
page ornament	material	(unrolled)	self	self	unrolled		
pages unopened	material	(unrolled)	self	self	unrolled	300263770	
pages unopened.	material	(unrolled)	self	self	unrolled		
paillette	material	(unrolled)	self	self	unrolled	300014655	
paint - black	material	(unrolled)	self	self	unrolled	300130920	
paint from the artist's fingertip	material	(unrolled)	self	self	unrolled		
paint or enamel	material	(unrolled)	self	self	unrolled	300014910	
paint stick	material	(unrolled)	self	self	unrolled		
paint trace	material	(unrolled)	self	self	unrolled		
paint tube	material	(unrolled)	self	self	unrolled		
paint?	material	(unrolled)	self	self	unrolled		
painted 1929 from life by robert brackman for carmene dalesio'	material	(unrolled)	self	self	unrolled		
painted aluminum	material	(unrolled)	self	self	unrolled		
painted beads & button	material	(unrolled)	self	self	unrolled		
painted beechwood	material	(unrolled)	self	self	unrolled		
painted beige velvet	material	(unrolled)	self	self	unrolled	300133711	
painted birchbark stick	material	(unrolled)	self	self	unrolled		
painted black	material	(unrolled)	self	self	unrolled	300130920	
painted brown	material	(unrolled)	self	self	unrolled	300127490	
painted button	material	(unrolled)	self	self	unrolled		
painted car hood	material	(unrolled)	self	self	unrolled		
painted cloth	material	(unrolled)	self	self	unrolled	300162391	
painted composite	material	(unrolled)	self	self	unrolled	300020109	
painted concrete base	material	(unrolled)	self	self	unrolled	300237910	
painted earthenware	material	(unrolled)	self	self	unrolled	300140803	
painted enamel	material	(unrolled)	self	self	unrolled	300014910	
painted faience	material	(unrolled)	self	self	unrolled	300010668	
painted glas	material	(unrolled)	self	self	unrolled		
painted gourd	material	(unrolled)	self	self	unrolled		
painted horn stick	material	(unrolled)	self	self	unrolled		
painted imitation pearl	material	(unrolled)	self	self	unrolled	300011827	
painted in underglaze gray-blue	material	(unrolled)	self	self	unrolled		
painted ivory in union case	material	(unrolled)	self	self	unrolled		
painted ivory stick	material	(unrolled)	self	self	unrolled		
painted linen	material	(unrolled)	self	self	unrolled	300014069	
painted masonite	material	(unrolled)	self	self	unrolled	300014205	
painted metal bead	material	(unrolled)	self	self	unrolled	300261776	
painted metal sequin	material	(unrolled)	self	self	unrolled		
painted metal zipper	material	(unrolled)	self	self	unrolled		
painted miniature	material	(unrolled)	self	self	unrolled	300121995	
painted mother-of-pearl stick	material	(unrolled)	self	self	unrolled		
painted paper mounted	material	(unrolled)	self	self	unrolled		
painted papier-mâché	material	(unrolled)	self	self	unrolled		
painted photograph	material	(unrolled)	self	self	unrolled		
painted plaster	material	(unrolled)	self	self	unrolled	300014922	
painted plastic	material	(unrolled)	self	self	unrolled	300014570	
painted plastic bead	material	(unrolled)	self	self	unrolled	300261776	
painted plastic sequin	material	(unrolled)	self	self	unrolled		
painted satin ribbon	material	(unrolled)	self	self	unrolled	300014668	
painted silk organza	material	(unrolled)	self	self	unrolled	300310123	
painted silk ribbon	material	(unrolled)	self	self	unrolled	300014668	
painted statue	material	(unrolled)	self	self	unrolled		
painted stick	material	(unrolled)	self	self	unrolled		
painted stripe	material	(unrolled)	self	self	unrolled		
painted stucco	material	(unrolled)	self	self	unrolled	300014966	
painted surface	material	(unrolled)	self	self	unrolled		
painted trim	material	(unrolled)	self	self	unrolled		
painted warp	material	(unrolled)	self	self	unrolled	300227930	
painted white	material	(unrolled)	self	self	unrolled	300107678	
painted wood buckle	material	(unrolled)	self	self	unrolled		
painted wood guard	material	(unrolled)	self	self	unrolled		
painted wood stick	material	(unrolled)	self	self	unrolled		
painted-glass pearl	material	(unrolled)	self	self	unrolled	300011827	
painted-glass seed bead	material	(unrolled)	self	self	unrolled	300261776	
painting	material	(unrolled)	self	self	unrolled	300054216	
painting by the artist	material	(unrolled)	self	self	unrolled		
painting: acrylic	material	(unrolled)	self	self	unrolled	300014426	
painting?	material	(unrolled)	self	self	unrolled		
paintings or watercolors plus uncounted page ornament	material	(unrolled)	self	self	unrolled		
paired silk warp plain weave	material	(unrolled)	self	self	unrolled		
paired synthetic warp thread	material	(unrolled)	self	self	unrolled	300014250	
paired warp predominated plain weave	material	(unrolled)	self	self	unrolled		
pale beige silk crepe	material	(unrolled)	self	self	unrolled	300183741	
pale blue	material	(unrolled)	self	self	unrolled	300129645	
pale blue-green tint affixed to paper mount	material	(unrolled)	self	self	unrolled		
pale brown wash to right	material	(unrolled)	self	self	unrolled	300078823	
pale gold silk taffeta	material	(unrolled)	self	self	unrolled	300249434	
pale gray satin case	material	(unrolled)	self	self	unrolled		
pale green	material	(unrolled)	self	self	unrolled	300128523	
pale green taffeta	material	(unrolled)	self	self	unrolled	300249434	
pale pink chiffon	material	(unrolled)	self	self	unrolled	300249449	
pale pink silk gros de tours or taffeta	material	(unrolled)	self	self	unrolled	300249434	
palin weave	material	(unrolled)	self	self	unrolled		
palm fiber	material	(unrolled)	self	self	unrolled		
palm leaf soyate	material	(unrolled)	self	self	unrolled		
palm leave	material	(unrolled)	self	self	unrolled		
palm oil	material	(unrolled)	self	self	unrolled	300390962	
pandandu	material	(unrolled)	self	self	unrolled		
pandandus fiber	material	(unrolled)	self	self	unrolled		
pandanu	material	(unrolled)	self	self	unrolled		
pandanus leave	material	(unrolled)	self	self	unrolled		
panne velvet	material	(unrolled)	self	self	unrolled	300133711	
panne velvet appliqué	material	(unrolled)	self	self	unrolled		
panné velvet	material	(unrolled)	self	self	unrolled	300133711	
pants: wool crêpe	material	(unrolled)	self	self	unrolled		
paper affixed to wooden mount	material	(unrolled)	self	self	unrolled		
paper b) black ink text	material	(unrolled)	self	self	unrolled	300250810	
paper b) graphite	material	(unrolled)	self	self	unrolled	300011098	
paper in a bound leather photographic album	material	(unrolled)	self	self	unrolled		
paper in square wood frame	material	(unrolled)	self	self	unrolled		
paper made from cotton fiber by curtis paper company	material	(unrolled)	self	self	unrolled	300018959	
paper mounted as a hanging scroll in silk border	material	(unrolled)	self	self	unrolled		
paper mounted in wood frame	material	(unrolled)	self	self	unrolled		
paper mounted to linen	material	(unrolled)	self	self	unrolled	300014069	
paper possibly soaked in turpentine	material	(unrolled)	self	self	unrolled	300015288	
paper silhouettes painted black	material	(unrolled)	self	self	unrolled	300130920	
paper spine label	material	(unrolled)	self	self	unrolled		
paper v: graphite	material	(unrolled)	self	self	unrolled	300011098	
paper watercolor	material	(unrolled)	self	self	unrolled		
paper-backed wood veneer	material	(unrolled)	self	self	unrolled	300012855	
paper. #.c graphite	material	(unrolled)	self	self	unrolled	300011098	
paper/charcoal	material	(unrolled)	self	self	unrolled		
paperv: graphite	material	(unrolled)	self	self	unrolled	300011098	
papewr	material	(unrolled)	self	self	unrolled		
papier de boucher	material	(unrolled)	self	self	unrolled		
papier mache	material	(unrolled)	self	self	unrolled		
papier-mache	material	(unrolled)	self	self	unrolled		
papier-mâché	material	(unrolled)	self	self	unrolled		
paque watercolor	material	(unrolled)	self	self	unrolled		
parachute nylon	material	(unrolled)	self	self	unrolled	300014462	
parchemin rustique	material	(unrolled)	self	self	unrolled		
parchment affixed to ragboard mount	material	(unrolled)	self	self	unrolled		
parchment backing	material	(unrolled)	self	self	unrolled	300227764	
parchment board	material	(unrolled)	self	self	unrolled		
parchment chemise	material	(unrolled)	self	self	unrolled		
parchment cover)	material	(unrolled)	self	self	unrolled		
parchment covered slipcase	material	(unrolled)	self	self	unrolled		
parchment cream colored hand made paper from barcham green	material	(unrolled)	self	self	unrolled	300128438	
parchment for the	material	(unrolled)	self	self	unrolled		
parchment lined	material	(unrolled)	self	self	unrolled		
parchment mounted to modern support	material	(unrolled)	self	self	unrolled		
parchment prepared	material	(unrolled)	self	self	unrolled		
parchment spine	material	(unrolled)	self	self	unrolled		
parchment textblock	material	(unrolled)	self	self	unrolled		
parchment title	material	(unrolled)	self	self	unrolled	300055726	
parchment trim	material	(unrolled)	self	self	unrolled		
parchment wrapper	material	(unrolled)	self	self	unrolled		
parchment wrappers bound in	material	(unrolled)	self	self	unrolled		
pari	material	(unrolled)	self	self	unrolled	300261000	
parian body	material	(unrolled)	self	self	unrolled		
parian decoration	material	(unrolled)	self	self	unrolled	300056257	
parian ware	material	(unrolled)	self	self	unrolled	300244578	
parrot	material	(unrolled)	self	self	unrolled		
parsimmon juice	material	(unrolled)	self	self	unrolled		
partially glazed	material	(unrolled)	self	self	unrolled		
partially hand-colored from the back in blue	material	(unrolled)	self	self	unrolled	300129361	
partially legible trefoil.	material	(unrolled)	self	self	unrolled		
partially painted in tow tone	material	(unrolled)	self	self	unrolled	300056173	
passementerie	material	(unrolled)	self	self	unrolled	300232151	
paste jewel	material	(unrolled)	self	self	unrolled		
paste resist	material	(unrolled)	self	self	unrolled	300015308	
pastel addition	material	(unrolled)	self	self	unrolled		
pastel additions by the artist	material	(unrolled)	self	self	unrolled		
pastel colored photographic enlargement	material	(unrolled)	self	self	unrolled		
pastel or chalk	material	(unrolled)	self	self	unrolled	300011727	
pastel or colored chalk	material	(unrolled)	self	self	unrolled	300011727	
pastel pencil	material	(unrolled)	self	self	unrolled	300410335	
pastel under watercolor	material	(unrolled)	self	self	unrolled		
pastel.	material	(unrolled)	self	self	unrolled		
patchwork velvet	material	(unrolled)	self	self	unrolled	300133711	
pate de verre glas	material	(unrolled)	self	self	unrolled		
patina	material	(unrolled)	self	self	unrolled	300065245	
patinated	material	(unrolled)	self	self	unrolled		
patinated copper alloy jump ring	material	(unrolled)	self	self	unrolled		
patinated plaster	material	(unrolled)	self	self	unrolled	300014922	
patterened cotton twill	material	(unrolled)	self	self	unrolled	300227915	
pattern twill weave	material	(unrolled)	self	self	unrolled		
pattern-molded lead glas	material	(unrolled)	self	self	unrolled		
pattern-molded non-lead glas	material	(unrolled)	self	self	unrolled		
patterned gold lame	material	(unrolled)	self	self	unrolled		
patterned satin	material	(unrolled)	self	self	unrolled	300132902	
patterned silk ribbon	material	(unrolled)	self	self	unrolled	300014668	
peach chiffon	material	(unrolled)	self	self	unrolled	300249449	
peach peau de soie	material	(unrolled)	self	self	unrolled		
peach silk jersey	material	(unrolled)	self	self	unrolled	300417884	
peafowl	material	(unrolled)	self	self	unrolled		
pearl bead	material	(unrolled)	self	self	unrolled	300261776	
pearl beading	material	(unrolled)	self	self	unrolled	300054013	
pearl button	material	(unrolled)	self	self	unrolled		
pearl dust	material	(unrolled)	self	self	unrolled	300014646	
pearl oyster shell	material	(unrolled)	self	self	unrolled	300011829	
pearl shell	material	(unrolled)	self	self	unrolled	300011829	
pearlescent dusting powder	material	(unrolled)	self	self	unrolled	300014647	
pearwood	material	(unrolled)	self	self	unrolled		
pearwood ground	material	(unrolled)	self	self	unrolled	300015297	
peau de soie	material	(unrolled)	self	self	unrolled		
pebble	material	(unrolled)	self	self	unrolled	300011691	
pemn	material	(unrolled)	self	self	unrolled		
pen brown	material	(unrolled)	self	self	unrolled	300127490	
pen or brush	material	(unrolled)	self	self	unrolled		
pen two tones brown	material	(unrolled)	self	self	unrolled	300127490	
pencil addition	material	(unrolled)	self	self	unrolled		
pencil additions by the artist	material	(unrolled)	self	self	unrolled		
pencil and	material	(unrolled)	self	self	unrolled		
pencil collage	material	(unrolled)	self	self	unrolled	300138699	
pencil remarque	material	(unrolled)	self	self	unrolled		
pencil sketch	material	(unrolled)	self	self	unrolled		
penciled blue	material	(unrolled)	self	self	unrolled	300129361	
penciled yellow	material	(unrolled)	self	self	unrolled	300127794	
pendant	material	(unrolled)	self	self	unrolled		
penm	material	(unrolled)	self	self	unrolled		
perforated plastic chine collé	material	(unrolled)	self	self	unrolled		
persian blue crackle glaze stoneware	material	(unrolled)	self	self	unrolled	300010672	
persian border	material	(unrolled)	self	self	unrolled		
persian lamb	material	(unrolled)	self	self	unrolled		
persimmon juice	material	(unrolled)	self	self	unrolled		
persimmon wool doubleknit	material	(unrolled)	self	self	unrolled		
petit point	material	(unrolled)	self	self	unrolled	300264032	
pewter fitting	material	(unrolled)	self	self	unrolled		
pewter lid	material	(unrolled)	self	self	unrolled		
pewter mount	material	(unrolled)	self	self	unrolled		
pewter pin	material	(unrolled)	self	self	unrolled		
pewter top	material	(unrolled)	self	self	unrolled	300121968	
pgraphite under pen	material	(unrolled)	self	self	unrolled		
pheasant wing	material	(unrolled)	self	self	unrolled		
photo collage	material	(unrolled)	self	self	unrolled	300138699	
photochrome	material	(unrolled)	self	self	unrolled		
photographers stamp	material	(unrolled)	self	self	unrolled		
photographic images in plastic slipcase	material	(unrolled)	self	self	unrolled		
photographic images including 1 double page	material	(unrolled)	self	self	unrolled		
photographic media	material	(unrolled)	self	self	unrolled	300163343	
photographic transparency	material	(unrolled)	self	self	unrolled	300056220	
photographs in a black clamshell box	material	(unrolled)	self	self	unrolled		
photographs in leather bound album	material	(unrolled)	self	self	unrolled		
photographs in postcard format	material	(unrolled)	self	self	unrolled	300266038	
photopolymer	material	(unrolled)	self	self	unrolled		
photosensitive dye	material	(unrolled)	self	self	unrolled	300013029	
picasso manuscript	material	(unrolled)	self	self	unrolled		
pieced from men's wool suit material	material	(unrolled)	self	self	unrolled		
pieced silk plain weave	material	(unrolled)	self	self	unrolled		
pieced together by the artist.	material	(unrolled)	self	self	unrolled		
pieced velvet trim	material	(unrolled)	self	self	unrolled		
pieced wool jersey	material	(unrolled)	self	self	unrolled	300417884	
pierced black leather tab	material	(unrolled)	self	self	unrolled		
pierced pink	material	(unrolled)	self	self	unrolled	300124707	
pierced plastic stick	material	(unrolled)	self	self	unrolled		
pig bone	material	(unrolled)	self	self	unrolled	300011798	
pig teeth	material	(unrolled)	self	self	unrolled	300400467	
pig tusk	material	(unrolled)	self	self	unrolled	300011856	
pigment - black	material	(unrolled)	self	self	unrolled	300130920	
pigment - blue	material	(unrolled)	self	self	unrolled	300129361	
pigment - red	material	(unrolled)	self	self	unrolled	300126225	
pigment - red ochre	material	(unrolled)	self	self	unrolled		
pigment - white	material	(unrolled)	self	self	unrolled	300107678	
pigment - white lime	material	(unrolled)	self	self	unrolled	300311385	
pigment - white possible commercial pigment	material	(unrolled)	self	self	unrolled		
pigment - white.	material	(unrolled)	self	self	unrolled		
pigment linseed oil acrylic medium	material	(unrolled)	self	self	unrolled	300265461	
pigment marker	material	(unrolled)	self	self	unrolled		
pigment painted	material	(unrolled)	self	self	unrolled		
pigment rope	material	(unrolled)	self	self	unrolled	300014248	
pigment trace	material	(unrolled)	self	self	unrolled		
pigment/paint	material	(unrolled)	self	self	unrolled		
pigmented	material	(unrolled)	self	self	unrolled		
pigmented abaca	material	(unrolled)	self	self	unrolled		
pigmented inkjet	material	(unrolled)	self	self	unrolled		
pigmented stoneware	material	(unrolled)	self	self	unrolled	300010672	
pillow	material	(unrolled)	self	self	unrolled		
pina cloth	material	(unrolled)	self	self	unrolled	300162391	
pina fiber	material	(unrolled)	self	self	unrolled		
pine needles?	material	(unrolled)	self	self	unrolled		
pine seat	material	(unrolled)	self	self	unrolled		
pine wood boxe	material	(unrolled)	self	self	unrolled		
pineapple fiber	material	(unrolled)	self	self	unrolled		
pineapple leaf fiber	material	(unrolled)	self	self	unrolled		
pinecone shaped plastic button	material	(unrolled)	self	self	unrolled		
pinewood block	material	(unrolled)	self	self	unrolled		
pink	material	(unrolled)	self	self	unrolled	300124707	
pink & green silk brocade	material	(unrolled)	self	self	unrolled	300227779	
pink a-b) pinstripe wool tweed c)pink silk linen	material	(unrolled)	self	self	unrolled	300014069	
pink brocaded satin	material	(unrolled)	self	self	unrolled	300132902	
pink chalk	material	(unrolled)	self	self	unrolled	300011727	
pink chiffon	material	(unrolled)	self	self	unrolled	300249449	
pink color added by hand	material	(unrolled)	self	self	unrolled	300221683	
pink coral	material	(unrolled)	self	self	unrolled	300011800	
pink enamel	material	(unrolled)	self	self	unrolled	300014910	
pink figured satin	material	(unrolled)	self	self	unrolled	300132902	
pink gami paper chine collé	material	(unrolled)	self	self	unrolled		
pink gampi paper chine colle	material	(unrolled)	self	self	unrolled		
pink gouache highlighting	material	(unrolled)	self	self	unrolled	300389864	
pink ground.	material	(unrolled)	self	self	unrolled		
pink lame	material	(unrolled)	self	self	unrolled		
pink linen	material	(unrolled)	self	self	unrolled	300014069	
pink pastel	material	(unrolled)	self	self	unrolled	300311039	
pink ribbon	material	(unrolled)	self	self	unrolled	300014668	
pink satin	material	(unrolled)	self	self	unrolled	300132902	
pink satin ribbon threaded through 2 drilled hole	material	(unrolled)	self	self	unrolled		
pink silk brocade	material	(unrolled)	self	self	unrolled	300227779	
pink silk chiffon	material	(unrolled)	self	self	unrolled	300249449	
pink silk crepe	material	(unrolled)	self	self	unrolled	300183741	
pink stripe satin	material	(unrolled)	self	self	unrolled	300132902	
pink taffeta lining	material	(unrolled)	self	self	unrolled	300162124	
pink tissue	material	(unrolled)	self	self	unrolled		
pink wash	material	(unrolled)	self	self	unrolled	300011051	
pink watercolor	material	(unrolled)	self	self	unrolled		
pinned fabric swatche	material	(unrolled)	self	self	unrolled		
pipe clay	material	(unrolled)	self	self	unrolled	300180681	
pique	material	(unrolled)	self	self	unrolled		
piqué inlaid	material	(unrolled)	self	self	unrolled		
pitch	material	(unrolled)	self	self	unrolled	300012949	
plain compound twill	material	(unrolled)	self	self	unrolled	300227915	
plain weave cellulose gauze	material	(unrolled)	self	self	unrolled	300014083	
plain weave double cloth	material	(unrolled)	self	self	unrolled	300162391	
plain weave ground	material	(unrolled)	self	self	unrolled	300015297	
plain weave lining	material	(unrolled)	self	self	unrolled	300162124	
plain weave ribbon	material	(unrolled)	self	self	unrolled	300014668	
plain weave silk ground	material	(unrolled)	self	self	unrolled	300015297	
plain weave weave wih supplementary weft patterning	material	(unrolled)	self	self	unrolled	300248891	
plain weave wih supplementary weft patterning	material	(unrolled)	self	self	unrolled	300248891	
plain weave woven in strip	material	(unrolled)	self	self	unrolled		
plain weaver interlining	material	(unrolled)	self	self	unrolled	300227843	
plain-weave binding	material	(unrolled)	self	self	unrolled	300421867	
plain-weave cotton embroidered	material	(unrolled)	self	self	unrolled		
plain-weave cotton foundation	material	(unrolled)	self	self	unrolled	300393213	
plain-weave cotton grond	material	(unrolled)	self	self	unrolled		
plain-weave foundation	material	(unrolled)	self	self	unrolled	300393213	
plain-weave lining	material	(unrolled)	self	self	unrolled	300162124	
plain-weave plant fiber textile	material	(unrolled)	self	self	unrolled		
plaited dyed cotton webbing	material	(unrolled)	self	self	unrolled	300204912	
plaited lace	material	(unrolled)	self	self	unrolled	300132861	
plaited polyester tassel	material	(unrolled)	self	self	unrolled	300232185	
plaited ribbon	material	(unrolled)	self	self	unrolled	300014668	
plant fiber	material	(unrolled)	self	self	unrolled		
plant fiber cord	material	(unrolled)	self	self	unrolled	300014247	
plant fiber string	material	(unrolled)	self	self	unrolled	300014249	
plant leave	material	(unrolled)	self	self	unrolled		
plant leaves possibly banana	material	(unrolled)	self	self	unrolled		
plant part	material	(unrolled)	self	self	unrolled		
plaster base	material	(unrolled)	self	self	unrolled	300237910	
plaster painted to imitate terracotta	material	(unrolled)	self	self	unrolled	300010669	
plaster/paper module	material	(unrolled)	self	self	unrolled		
plastic - commercial strapping	material	(unrolled)	self	self	unrolled		
plastic arrow pin	material	(unrolled)	self	self	unrolled		
plastic baby doll	material	(unrolled)	self	self	unrolled		
plastic bag	material	(unrolled)	self	self	unrolled		
plastic bead	material	(unrolled)	self	self	unrolled	300261776	
plastic buttno	material	(unrolled)	self	self	unrolled		
plastic button	material	(unrolled)	self	self	unrolled		
plastic cabochon	material	(unrolled)	self	self	unrolled		
plastic cabochons in copper metal alloy prong setting	material	(unrolled)	self	self	unrolled	300387699	
plastic cap	material	(unrolled)	self	self	unrolled		
plastic clothes pin	material	(unrolled)	self	self	unrolled		
plastic color chips in a brown leather briefcase	material	(unrolled)	self	self	unrolled		
plastic comb	material	(unrolled)	self	self	unrolled		
plastic composite button	material	(unrolled)	self	self	unrolled		
plastic cover encapsulating brownish-red soil	material	(unrolled)	self	self	unrolled	300014330	
plastic edging	material	(unrolled)	self	self	unrolled		
plastic faceted bead	material	(unrolled)	self	self	unrolled	300261776	
plastic foil-wrapped silk thread	material	(unrolled)	self	self	unrolled	300014250	
plastic frame	material	(unrolled)	self	self	unrolled		
plastic head	material	(unrolled)	self	self	unrolled		
plastic net	material	(unrolled)	self	self	unrolled	300249438	
plastic or bakelite	material	(unrolled)	self	self	unrolled	300014544	
plastic part	material	(unrolled)	self	self	unrolled		
plastic pearl	material	(unrolled)	self	self	unrolled	300011827	
plastic pearls set in white metal alloy setting	material	(unrolled)	self	self	unrolled	300387699	
plastic record	material	(unrolled)	self	self	unrolled		
plastic rod	material	(unrolled)	self	self	unrolled		
plastic scrub pad	material	(unrolled)	self	self	unrolled		
plastic seed bead	material	(unrolled)	self	self	unrolled	300261776	
plastic sequin	material	(unrolled)	self	self	unrolled		
plastic spacer	material	(unrolled)	self	self	unrolled		
plastic stick	material	(unrolled)	self	self	unrolled		
plastic tubular bead	material	(unrolled)	self	self	unrolled	300261776	
plastic window	material	(unrolled)	self	self	unrolled		
plastic?	material	(unrolled)	self	self	unrolled		
plasticized metal thread plain weave	material	(unrolled)	self	self	unrolled		
plate glas	material	(unrolled)	self	self	unrolled		
plate glass mirror	material	(unrolled)	self	self	unrolled	300037690	
plated glas	material	(unrolled)	self	self	unrolled		
plated metal button	material	(unrolled)	self	self	unrolled		
plated metal setting button	material	(unrolled)	self	self	unrolled		
pleated complex weave	material	(unrolled)	self	self	unrolled		
pleated silk satin weave	material	(unrolled)	self	self	unrolled		
pleated silk twill weave	material	(unrolled)	self	self	unrolled		
plexi	material	(unrolled)	self	self	unrolled		
plexigla	material	(unrolled)	self	self	unrolled		
plexiglas	material	(unrolled)	self	self	unrolled	300014436	
plexiglas top	material	(unrolled)	self	self	unrolled	300121968	
plexiglass box	material	(unrolled)	self	self	unrolled		
plexiglass case	material	(unrolled)	self	self	unrolled		
plexiglass frame	material	(unrolled)	self	self	unrolled		
plexiglass slipcase	material	(unrolled)	self	self	unrolled		
plied	material	(unrolled)	self	self	unrolled		
plum metallic nylon lace	material	(unrolled)	self	self	unrolled	300132861	
plum silk taffeta	material	(unrolled)	self	self	unrolled	300249434	
plum silk velvet	material	(unrolled)	self	self	unrolled	300133711	
plus an acrylic	material	(unrolled)	self	self	unrolled	300014426	
plush	material	(unrolled)	self	self	unrolled	300227875	
point d' angleterre bobbin lace	material	(unrolled)	self	self	unrolled	300132861	
point d'alencon lace	material	(unrolled)	self	self	unrolled	300132861	
point d'alencon lace a reseau	material	(unrolled)	self	self	unrolled		
point d'alencon laceon point de gaze ground	material	(unrolled)	self	self	unrolled	300015297	
point d'alencon needle lace	material	(unrolled)	self	self	unrolled	300132861	
point d'alencon needlepoint lace	material	(unrolled)	self	self	unrolled	300132861	
point d'angleterre	material	(unrolled)	self	self	unrolled		
point d'angleterre lace	material	(unrolled)	self	self	unrolled	300132861	
point d'argentan lace	material	(unrolled)	self	self	unrolled	300132861	
point d'argentan needle lace	material	(unrolled)	self	self	unrolled	300132861	
point d'argentan or point de france lace	material	(unrolled)	self	self	unrolled	300132861	
point d'argentan style	material	(unrolled)	self	self	unrolled	300055835	
point d'esprit	material	(unrolled)	self	self	unrolled		
point d'france needle lace	material	(unrolled)	self	self	unrolled	300132861	
point de france lace	material	(unrolled)	self	self	unrolled	300132861	
point de france needlepoint lace	material	(unrolled)	self	self	unrolled	300132861	
point de gaze ground	material	(unrolled)	self	self	unrolled	300015297	
point de gaze lace cuff	material	(unrolled)	self	self	unrolled		
point de gaze linen lace	material	(unrolled)	self	self	unrolled	300132861	
point de gaze needle lace	material	(unrolled)	self	self	unrolled	300132861	
point de gaze or veneziana lace	material	(unrolled)	self	self	unrolled	300132861	
point de neige lace	material	(unrolled)	self	self	unrolled	300132861	
point de niege lace	material	(unrolled)	self	self	unrolled	300132861	
point de pari	material	(unrolled)	self	self	unrolled	300261000	
point de paris lace	material	(unrolled)	self	self	unrolled	300132861	
point de sedan	material	(unrolled)	self	self	unrolled		
point de sedan lace	material	(unrolled)	self	self	unrolled	300132861	
point de venise	material	(unrolled)	self	self	unrolled		
point de venise a rose point lace	material	(unrolled)	self	self	unrolled	300132861	
point de venise gros point au lacet lace	material	(unrolled)	self	self	unrolled	300132861	
point de venise lace	material	(unrolled)	self	self	unrolled	300132861	
point lace	material	(unrolled)	self	self	unrolled	300132861	
point plat de venise lace	material	(unrolled)	self	self	unrolled	300132861	
polaroid photos in clear plastic slip	material	(unrolled)	self	self	unrolled	300010459	
polish laser-cut aluminum	material	(unrolled)	self	self	unrolled		
polished clay	material	(unrolled)	self	self	unrolled	300010439	
polished red stoneware	material	(unrolled)	self	self	unrolled	300010672	
polished stainless steel hardware	material	(unrolled)	self	self	unrolled	300033260	
poly boning	material	(unrolled)	self	self	unrolled		
polyamide	material	(unrolled)	self	self	unrolled	300014469	
polyamide blend	material	(unrolled)	self	self	unrolled		
polychrome canes in clear glas	material	(unrolled)	self	self	unrolled		
polychrome earthenware	material	(unrolled)	self	self	unrolled	300140803	
polychrome enamel	material	(unrolled)	self	self	unrolled	300014910	
polychrome flocked vinyl	material	(unrolled)	self	self	unrolled	300014502	
polychrome glaze	material	(unrolled)	self	self	unrolled	300015091	
polychrome saltglazed stoneware	material	(unrolled)	self	self	unrolled	300010672	
polychrome satin	material	(unrolled)	self	self	unrolled	300132902	
polychrome satin trim	material	(unrolled)	self	self	unrolled		
polychrome silk brocade	material	(unrolled)	self	self	unrolled	300227779	
polychrome silk gold metal thread	material	(unrolled)	self	self	unrolled	300014250	
polychrome silk gros de tour	material	(unrolled)	self	self	unrolled		
polychrome silk lace	material	(unrolled)	self	self	unrolled	300132861	
polychrome silk thread	material	(unrolled)	self	self	unrolled	300014250	
polychrome tin - glazed earthenware	material	(unrolled)	self	self	unrolled	300140803	
polychrome velvet	material	(unrolled)	self	self	unrolled	300133711	
polychromed enamel	material	(unrolled)	self	self	unrolled	300014910	
polychromed limestone	material	(unrolled)	self	self	unrolled	300011286	
polychrone	material	(unrolled)	self	self	unrolled		
polyester batting	material	(unrolled)	self	self	unrolled		
polyester blend boucle	material	(unrolled)	self	self	unrolled		
polyester cloth	material	(unrolled)	self	self	unrolled	300162391	
polyester crepe	material	(unrolled)	self	self	unrolled	300183741	
polyester fiber	material	(unrolled)	self	self	unrolled		
polyester fiberfill	material	(unrolled)	self	self	unrolled	300380517	
polyester film	material	(unrolled)	self	self	unrolled	300417287	
polyester lining	material	(unrolled)	self	self	unrolled	300162124	
polyester mesh	material	(unrolled)	self	self	unrolled	300014654	
polyester plain weave	material	(unrolled)	self	self	unrolled		
polyester resin	material	(unrolled)	self	self	unrolled	300012882	
polyester sheet	material	(unrolled)	self	self	unrolled		
polyester trim	material	(unrolled)	self	self	unrolled		
polyester ultrasuede	material	(unrolled)	self	self	unrolled		
polyethylene	material	(unrolled)	self	self	unrolled		
polyeurethane rigid foam	material	(unrolled)	self	self	unrolled	300014639	
polyfil	material	(unrolled)	self	self	unrolled		
polymer	material	(unrolled)	self	self	unrolled		
polypropylene	material	(unrolled)	self	self	unrolled	300014489	
polystyrene boxe	material	(unrolled)	self	self	unrolled		
polystyrene foam	material	(unrolled)	self	self	unrolled	300014639	
polyurethane	material	(unrolled)	self	self	unrolled	300014495	
polyurethane enamel	material	(unrolled)	self	self	unrolled	300014910	
polyurethane resin	material	(unrolled)	self	self	unrolled	300012882	
pongee ribbon	material	(unrolled)	self	self	unrolled	300014668	
poplar carcase	material	(unrolled)	self	self	unrolled		
poplin	material	(unrolled)	self	self	unrolled	300417855	
porcelain eye	material	(unrolled)	self	self	unrolled		
porcelain figure	material	(unrolled)	self	self	unrolled		
porcelain glazed	material	(unrolled)	self	self	unrolled		
porcelain handle	material	(unrolled)	self	self	unrolled		
porcupine	material	(unrolled)	self	self	unrolled		
porous point pen	material	(unrolled)	self	self	unrolled		
porous pointed pen	material	(unrolled)	self	self	unrolled		
porphyry	material	(unrolled)	self	self	unrolled	300011232	
porpoise teeth	material	(unrolled)	self	self	unrolled	300400467	
possible black wash	material	(unrolled)	self	self	unrolled	300011051	
possible hand-applied black color in the sash	material	(unrolled)	self	self	unrolled		
possibly linen	material	(unrolled)	self	self	unrolled	300014069	
possibly papier-mache	material	(unrolled)	self	self	unrolled		
post card	material	(unrolled)	self	self	unrolled		
post-fire pigment	material	(unrolled)	self	self	unrolled		
postcard	material	(unrolled)	self	self	unrolled		
poster reproduction	material	(unrolled)	self	self	unrolled	300404313	
potash	material	(unrolled)	self	self	unrolled	300183873	
potfolio	material	(unrolled)	self	self	unrolled		
poured concrete base	material	(unrolled)	self	self	unrolled	300237910	
powder blue ground	material	(unrolled)	self	self	unrolled	300015297	
powder coated zinc-plated steel chain	material	(unrolled)	self	self	unrolled		
powder coating	material	(unrolled)	self	self	unrolled	300133167	
powder-coated stainless steel hardware	material	(unrolled)	self	self	unrolled	300033260	
powdered clay	material	(unrolled)	self	self	unrolled	300010439	
powdered gold between gold band	material	(unrolled)	self	self	unrolled		
powdered graphite	material	(unrolled)	self	self	unrolled	300011098	
predded lead glas	material	(unrolled)	self	self	unrolled		
preparatory materials used to make train windows including graphite	material	(unrolled)	self	self	unrolled	300011098	
prepared ground mounted	material	(unrolled)	self	self	unrolled		
prepared paper v: black ink wash	material	(unrolled)	self	self	unrolled	300011051	
presented in wove wrapper	material	(unrolled)	self	self	unrolled		
press mold glas	material	(unrolled)	self	self	unrolled		
press molded	material	(unrolled)	self	self	unrolled		
press molded clay	material	(unrolled)	self	self	unrolled	300010439	
pressed glas	material	(unrolled)	self	self	unrolled		
pressed lead lacy glas	material	(unrolled)	self	self	unrolled		
pressed non-lead glas	material	(unrolled)	self	self	unrolled		
pressed or stamped silk velvet	material	(unrolled)	self	self	unrolled	300133711	
pressed soda-lime glas	material	(unrolled)	self	self	unrolled		
pressed vegetable fiber stick	material	(unrolled)	self	self	unrolled		
pressed velvet	material	(unrolled)	self	self	unrolled	300133711	
presssed lead glas	material	(unrolled)	self	self	unrolled		
pri	material	(unrolled)	self	self	unrolled		
prisma colored pencil	material	(unrolled)	self	self	unrolled	300410335	
prismacolor	material	(unrolled)	self	self	unrolled		
prismacolor pencil	material	(unrolled)	self	self	unrolled	300410335	
protective boards covered in beige linen	material	(unrolled)	self	self	unrolled	300014069	
protective boards quarter bound in rust colored linen	material	(unrolled)	self	self	unrolled	300014069	
protective film	material	(unrolled)	self	self	unrolled	300014637	
protective transparent mylar	material	(unrolled)	self	self	unrolled	300014480	
prunus decoration	material	(unrolled)	self	self	unrolled	300056257	
publication	material	(unrolled)	self	self	unrolled		
publisher's	material	(unrolled)	self	self	unrolled		
publisher's black linen binding	material	(unrolled)	self	self	unrolled	300421867	
publisher's black linen solander box	material	(unrolled)	self	self	unrolled		
publisher's full black morocco leather binding	material	(unrolled)	self	self	unrolled	300421867	
publisher's yellow linen binding	material	(unrolled)	self	self	unrolled	300421867	
pulled warp	material	(unrolled)	self	self	unrolled	300227930	
pulp painting	material	(unrolled)	self	self	unrolled	300054216	
punto en aria edging	material	(unrolled)	self	self	unrolled		
purple	material	(unrolled)	self	self	unrolled	300130257	
purple border	material	(unrolled)	self	self	unrolled		
purple chalk	material	(unrolled)	self	self	unrolled	300011727	
purple cloth binding	material	(unrolled)	self	self	unrolled	300421867	
purple cotton canva	material	(unrolled)	self	self	unrolled		
purple felt tip penverso: graphite	material	(unrolled)	self	self	unrolled	300011098	
purple glitter	material	(unrolled)	self	self	unrolled	300183800	
purple green gray tweed	material	(unrolled)	self	self	unrolled	300132867	
purple linen covered spine/red paper covered board	material	(unrolled)	self	self	unrolled		
purple nk	material	(unrolled)	self	self	unrolled		
purple pen	material	(unrolled)	self	self	unrolled		
purple silk charmeuse	material	(unrolled)	self	self	unrolled	300417872	
purple silk crepe	material	(unrolled)	self	self	unrolled	300183741	
purple silk gazar	material	(unrolled)	self	self	unrolled		
purple silk linen	material	(unrolled)	self	self	unrolled	300014069	
purple silk lining	material	(unrolled)	self	self	unrolled	300162124	
purple silk satin	material	(unrolled)	self	self	unrolled	300132902	
purple silk tissue taffeta	material	(unrolled)	self	self	unrolled	300249434	
purple velvet	material	(unrolled)	self	self	unrolled	300133711	
purple watercolor	material	(unrolled)	self	self	unrolled		
purple-red crayon	material	(unrolled)	self	self	unrolled		
putty	material	(unrolled)	self	self	unrolled	300015207	
pvc	material	(unrolled)	self	self	unrolled		
pvc vinyl	material	(unrolled)	self	self	unrolled	300014502	
quarter bound black calf leather spine	material	(unrolled)	self	self	unrolled		
quarter cloth	material	(unrolled)	self	self	unrolled	300162391	
quartz cabochon	material	(unrolled)	self	self	unrolled		
quartzite	material	(unrolled)	self	self	unrolled	300011623	
quilted lambskin	material	(unrolled)	self	self	unrolled		
quilted satin	material	(unrolled)	self	self	unrolled	300132902	
quilted shot silk plain weave dress: wool houndstooth	material	(unrolled)	self	self	unrolled	300266442	
quilted silk satin	material	(unrolled)	self	self	unrolled	300132902	
quilted silk shantung	material	(unrolled)	self	self	unrolled		
r.a.	material	(unrolled)	self	self	unrolled		
r: black	material	(unrolled)	self	self	unrolled	300130920	
r: black chalk	material	(unrolled)	self	self	unrolled	300011727	
r: black ink wash	material	(unrolled)	self	self	unrolled	300011051	
r: graphite	material	(unrolled)	self	self	unrolled	300011098	
r: opaque watercolor	material	(unrolled)	self	self	unrolled		
r: pen	material	(unrolled)	self	self	unrolled		
r: red	material	(unrolled)	self	self	unrolled	300126225	
r: red chalk	material	(unrolled)	self	self	unrolled	300011727	
r: watercolor	material	(unrolled)	self	self	unrolled		
r:graphite	material	(unrolled)	self	self	unrolled		
r:pen	material	(unrolled)	self	self	unrolled		
rabbit felt	material	(unrolled)	self	self	unrolled	300014107	
raffia or related fiber	material	(unrolled)	self	self	unrolled		
raffia palm	material	(unrolled)	self	self	unrolled		
rag	material	(unrolled)	self	self	unrolled	300011359	
rag board	material	(unrolled)	self	self	unrolled		
raku fired earthenware	material	(unrolled)	self	self	unrolled	300140803	
raku-fired glazed earthenware	material	(unrolled)	self	self	unrolled	300140803	
ramie?	material	(unrolled)	self	self	unrolled		
raspberry silk rep	material	(unrolled)	self	self	unrolled		
rattan frame	material	(unrolled)	self	self	unrolled		
rattan nad bark fiber	material	(unrolled)	self	self	unrolled		
rattan repair to reattach the male figure	material	(unrolled)	self	self	unrolled		
rattan?	material	(unrolled)	self	self	unrolled		
raw pigment	material	(unrolled)	self	self	unrolled		
raw silk	material	(unrolled)	self	self	unrolled	300400827	
raw silk poplin	material	(unrolled)	self	self	unrolled	300417855	
raw silk voile	material	(unrolled)	self	self	unrolled	300417858	
rawhide leather heel	material	(unrolled)	self	self	unrolled		
raylon	material	(unrolled)	self	self	unrolled		
rayon crepe	material	(unrolled)	self	self	unrolled	300183741	
rayon grosgrain ribbon	material	(unrolled)	self	self	unrolled	300014668	
rayon japanese bookcloth	material	(unrolled)	self	self	unrolled		
rayon jersey	material	(unrolled)	self	self	unrolled	300417884	
rayon lining	material	(unrolled)	self	self	unrolled	300162124	
rayon or acetate	material	(unrolled)	self	self	unrolled		
rayon plain weave	material	(unrolled)	self	self	unrolled		
rayon ribbon	material	(unrolled)	self	self	unrolled	300014668	
rayon taffeta	material	(unrolled)	self	self	unrolled	300249434	
rayon tassel	material	(unrolled)	self	self	unrolled	300232185	
rayon twill tie	material	(unrolled)	self	self	unrolled	300391271	
rayon velvet	material	(unrolled)	self	self	unrolled	300133711	
rayon viscose blend	material	(unrolled)	self	self	unrolled		
rayon/silk top	material	(unrolled)	self	self	unrolled	300121968	
rayon?	material	(unrolled)	self	self	unrolled		
rayonne	material	(unrolled)	self	self	unrolled		
razor cut	material	(unrolled)	self	self	unrolled		
real leave	material	(unrolled)	self	self	unrolled		
recipe	material	(unrolled)	self	self	unrolled		
reclaimed object	material	(unrolled)	self	self	unrolled		
reconstituted amber	material	(unrolled)	self	self	unrolled	300012934	
reconstructed amber stick	material	(unrolled)	self	self	unrolled		
record album	material	(unrolled)	self	self	unrolled		
rectangular bronze medallion	material	(unrolled)	self	self	unrolled		
rectangular bronze relief	material	(unrolled)	self	self	unrolled	300053622	
rectangular bronze relief plaque	material	(unrolled)	self	self	unrolled		
rectangular silver relief	material	(unrolled)	self	self	unrolled	300053622	
rectangular silver? copper relief	material	(unrolled)	self	self	unrolled	300053622	
rectangular tonal areas by rubber pad offset	material	(unrolled)	self	self	unrolled		
recycled denim remnant	material	(unrolled)	self	self	unrolled		
red	material	(unrolled)	self	self	unrolled	300126225	
red & white wool doubleknit	material	(unrolled)	self	self	unrolled		
red & yellow plaid plush	material	(unrolled)	self	self	unrolled	300227875	
red abalone pendant	material	(unrolled)	self	self	unrolled		
red acetate film	material	(unrolled)	self	self	unrolled	300014637	
red artist's seal	material	(unrolled)	self	self	unrolled		
red bead	material	(unrolled)	self	self	unrolled	300261776	
red border	material	(unrolled)	self	self	unrolled		
red bud	material	(unrolled)	self	self	unrolled		
red chalk counterproof	material	(unrolled)	self	self	unrolled		
red chalk heightened	material	(unrolled)	self	self	unrolled		
red chalk highlight	material	(unrolled)	self	self	unrolled		
red chalk lines under pen	material	(unrolled)	self	self	unrolled		
red chalk squaring	material	(unrolled)	self	self	unrolled	300053431	
red chalk under black chalk	material	(unrolled)	self	self	unrolled	300011727	
red chalk under black chalk highlighted	material	(unrolled)	self	self	unrolled		
red chalk under brush	material	(unrolled)	self	self	unrolled		
red chalk under pen	material	(unrolled)	self	self	unrolled		
red chalk wash	material	(unrolled)	self	self	unrolled	300011051	
red chalks heightened	material	(unrolled)	self	self	unrolled		
red chlk	material	(unrolled)	self	self	unrolled		
red cinnabar	material	(unrolled)	self	self	unrolled	300311452	
red clay	material	(unrolled)	self	self	unrolled	300010439	
red cloth	material	(unrolled)	self	self	unrolled	300162391	
red cloth covered box	material	(unrolled)	self	self	unrolled		
red color	material	(unrolled)	self	self	unrolled	300131647	
red colored pencil	material	(unrolled)	self	self	unrolled	300410335	
red crayon	material	(unrolled)	self	self	unrolled		
red crayon under pen	material	(unrolled)	self	self	unrolled		
red damask	material	(unrolled)	self	self	unrolled	300163295	
red deckle edge	material	(unrolled)	self	self	unrolled		
red dot	material	(unrolled)	self	self	unrolled		
red fabric interior	material	(unrolled)	self	self	unrolled	300010279	
red facsimile handwriting	material	(unrolled)	self	self	unrolled	300252927	
red felt marker	material	(unrolled)	self	self	unrolled		
red felt tip pen	material	(unrolled)	self	self	unrolled		
red gazar	material	(unrolled)	self	self	unrolled		
red glas	material	(unrolled)	self	self	unrolled		
red granite base	material	(unrolled)	self	self	unrolled	300237910	
red ink inscription	material	(unrolled)	self	self	unrolled		
red ink notation	material	(unrolled)	self	self	unrolled		
red ink score line	material	(unrolled)	self	self	unrolled		
red ink stamp	material	(unrolled)	self	self	unrolled		
red lace	material	(unrolled)	self	self	unrolled	300132861	
red lacquer	material	(unrolled)	self	self	unrolled	300410508	
red lead	material	(unrolled)	self	self	unrolled	300013647	
red leather adhered to spine	material	(unrolled)	self	self	unrolled		
red leather spine	material	(unrolled)	self	self	unrolled		
red leather trimmed	material	(unrolled)	self	self	unrolled		
red linen	material	(unrolled)	self	self	unrolled	300014069	
red mink	material	(unrolled)	self	self	unrolled		
red morocco	material	(unrolled)	self	self	unrolled		
red morocco lettering piece	material	(unrolled)	self	self	unrolled		
red morocco spine	material	(unrolled)	self	self	unrolled		
red natural pigment	material	(unrolled)	self	self	unrolled		
red ochre	material	(unrolled)	self	self	unrolled		
red ochre pigment	material	(unrolled)	self	self	unrolled		
red orange velvet	material	(unrolled)	self	self	unrolled	300133711	
red pastel	material	(unrolled)	self	self	unrolled	300311039	
red pencil	material	(unrolled)	self	self	unrolled	300410335	
red pencil addition	material	(unrolled)	self	self	unrolled		
red pigment	material	(unrolled)	self	self	unrolled	300013533	
red plaid fabric inside a hinged plywood box	material	(unrolled)	self	self	unrolled		
red porous pen	material	(unrolled)	self	self	unrolled		
red rayon	material	(unrolled)	self	self	unrolled	300014059	
red rep	material	(unrolled)	self	self	unrolled		
red satin lining	material	(unrolled)	self	self	unrolled	300162124	
red silk crepe	material	(unrolled)	self	self	unrolled	300183741	
red silk damask	material	(unrolled)	self	self	unrolled	300163295	
red silk gros de tour	material	(unrolled)	self	self	unrolled		
red silk tassel	material	(unrolled)	self	self	unrolled	300232185	
red silk tissue taffeta	material	(unrolled)	self	self	unrolled	300249434	
red silk velvet	material	(unrolled)	self	self	unrolled	300133711	
red stoneware	material	(unrolled)	self	self	unrolled	300010672	
red taffeta trim	material	(unrolled)	self	self	unrolled		
red velvet	material	(unrolled)	self	self	unrolled	300133711	
red velvet brocade	material	(unrolled)	self	self	unrolled	300227779	
red velvet cream brocade in floral design	material	(unrolled)	self	self	unrolled	300054171	
red velvet mount	material	(unrolled)	self	self	unrolled		
red vestee	material	(unrolled)	self	self	unrolled		
red vinyl bonded to cotton tricot	material	(unrolled)	self	self	unrolled		
red ware	material	(unrolled)	self	self	unrolled	300244578	
red wash	material	(unrolled)	self	self	unrolled	300107668	
red washe	material	(unrolled)	self	self	unrolled		
red watercolor	material	(unrolled)	self	self	unrolled		
red watercolor addition	material	(unrolled)	self	self	unrolled		
red wool knit	material	(unrolled)	self	self	unrolled		
red-brown	material	(unrolled)	self	self	unrolled		
red-brown -	material	(unrolled)	self	self	unrolled		
red-brown crayon	material	(unrolled)	self	self	unrolled		
red-brown pen	material	(unrolled)	self	self	unrolled		
red-brown wash	material	(unrolled)	self	self	unrolled	300011051	
red-brown watercolor	material	(unrolled)	self	self	unrolled		
red-clay body	material	(unrolled)	self	self	unrolled		
red-cloth lining	material	(unrolled)	self	self	unrolled	300162124	
red-on-red	material	(unrolled)	self	self	unrolled		
red-overlay glas	material	(unrolled)	self	self	unrolled		
red/blue changeable silk taffeta	material	(unrolled)	self	self	unrolled	300249434	
red/navy white striped silk crepe	material	(unrolled)	self	self	unrolled	300183741	
red/white	material	(unrolled)	self	self	unrolled		
redcrayon	material	(unrolled)	self	self	unrolled		
redware	material	(unrolled)	self	self	unrolled	300107374	
reed pen	material	(unrolled)	self	self	unrolled		
reed?	material	(unrolled)	self	self	unrolled		
refactory cement. species-specific pine bough	material	(unrolled)	self	self	unrolled		
remain	material	(unrolled)	self	self	unrolled		
remnant	material	(unrolled)	self	self	unrolled		
repair weave	material	(unrolled)	self	self	unrolled		
repeating border	material	(unrolled)	self	self	unrolled		
replacement selvedge	material	(unrolled)	self	self	unrolled		
reproduction covers by various artist	material	(unrolled)	self	self	unrolled		
reproduction cut out mounted against pen	material	(unrolled)	self	self	unrolled		
reproduction poster	material	(unrolled)	self	self	unrolled		
resin	material	(unrolled)	self	self	unrolled	300012882	
resin artist frame	material	(unrolled)	self	self	unrolled		
resin coating	material	(unrolled)	self	self	unrolled	300014907	
resin?	material	(unrolled)	self	self	unrolled		
resist	material	(unrolled)	self	self	unrolled	300015308	
resist dyed plain weave	material	(unrolled)	self	self	unrolled		
resist-	material	(unrolled)	self	self	unrolled		
resist-dyed cotton corduroy	material	(unrolled)	self	self	unrolled	300014080	
resist-dyed cotton plain weave	material	(unrolled)	self	self	unrolled		
resist-dyed silk plain weave	material	(unrolled)	self	self	unrolled		
reticella or geno tape guipure lace	material	(unrolled)	self	self	unrolled	300132861	
reticello lace	material	(unrolled)	self	self	unrolled	300132861	
reticello or genoese round collar bobbin lace	material	(unrolled)	self	self	unrolled	300132861	
reverse diagonal twill weave	material	(unrolled)	self	self	unrolled		
reverse painting	material	(unrolled)	self	self	unrolled	300054216	
reverse twill	material	(unrolled)	self	self	unrolled	300227915	
reverse-appliquéd plain weave	material	(unrolled)	self	self	unrolled		
reworked red-chalk counterproof	material	(unrolled)	self	self	unrolled		
rhinestone button	material	(unrolled)	self	self	unrolled		
rhinestone rivet	material	(unrolled)	self	self	unrolled		
rhinestone tassel	material	(unrolled)	self	self	unrolled	300232185	
rhinstone	material	(unrolled)	self	self	unrolled		
rhodium plated bras	material	(unrolled)	self	self	unrolled		
rhodonite	material	(unrolled)	self	self	unrolled	300387077	
rib molded lead glas	material	(unrolled)	self	self	unrolled		
rib-molded	material	(unrolled)	self	self	unrolled		
ribbed	material	(unrolled)	self	self	unrolled		
ribbing	material	(unrolled)	self	self	unrolled		
ribbn	material	(unrolled)	self	self	unrolled		
ribbon fringe	material	(unrolled)	self	self	unrolled	300227830	
ribbon trim	material	(unrolled)	self	self	unrolled		
ribemont-dessaigne	material	(unrolled)	self	self	unrolled		
ribon	material	(unrolled)	self	self	unrolled		
right hand part	material	(unrolled)	self	self	unrolled		
rives bfk paper in ash wood frame	material	(unrolled)	self	self	unrolled		
rock	material	(unrolled)	self	self	unrolled	300011692	
rock base	material	(unrolled)	self	self	unrolled	300237910	
rock crystal base	material	(unrolled)	self	self	unrolled	300237910	
rope	material	(unrolled)	self	self	unrolled	300014248	
rosalin linen lace	material	(unrolled)	self	self	unrolled	300132861	
rosaline a perlee bobbin lace	material	(unrolled)	self	self	unrolled	300132861	
rosaline bobbin lace	material	(unrolled)	self	self	unrolled	300132861	
rosaline lace	material	(unrolled)	self	self	unrolled	300400710	
rosaline perlee bobbin lace	material	(unrolled)	self	self	unrolled	300132861	
rosaline perlee lace	material	(unrolled)	self	self	unrolled	300132861	
rose glas	material	(unrolled)	self	self	unrolled		
rose point	material	(unrolled)	self	self	unrolled	300264611	
rose point lace	material	(unrolled)	self	self	unrolled	300132861	
rose silk satin	material	(unrolled)	self	self	unrolled	300132902	
rose velvet	material	(unrolled)	self	self	unrolled	300133711	
rose-point	material	(unrolled)	self	self	unrolled		
rosewood inlaid	material	(unrolled)	self	self	unrolled		
rosewood stick	material	(unrolled)	self	self	unrolled		
rotating plexiglass disk	material	(unrolled)	self	self	unrolled		
roul.	material	(unrolled)	self	self	unrolled		
royal blue silk gros de tour	material	(unrolled)	self	self	unrolled		
royal blue silk satin	material	(unrolled)	self	self	unrolled	300132902	
royal blue velvet	material	(unrolled)	self	self	unrolled	300133711	
rubber	material	(unrolled)	self	self	unrolled	300012941	
rubber sole	material	(unrolled)	self	self	unrolled		
rubber stamp	material	(unrolled)	self	self	unrolled		
rubie	material	(unrolled)	self	self	unrolled		
rubrication	material	(unrolled)	self	self	unrolled		
ruby eye	material	(unrolled)	self	self	unrolled		
ruby glas	material	(unrolled)	self	self	unrolled		
ruled black ink line along edge	material	(unrolled)	self	self	unrolled		
rush seat	material	(unrolled)	self	self	unrolled		
russian	material	(unrolled)	self	self	unrolled	300111276	
russian cotton trade cloth lining	material	(unrolled)	self	self	unrolled	300162124	
rust colored gouache prepared ground	material	(unrolled)	self	self	unrolled	300015297	
rye gras	material	(unrolled)	self	self	unrolled		
sacrificial material	material	(unrolled)	self	self	unrolled		
saffron pasta	material	(unrolled)	self	self	unrolled	300265413	
sage colored book cloth	material	(unrolled)	self	self	unrolled	300162391	
sago fiber	material	(unrolled)	self	self	unrolled		
sago fiber tassel	material	(unrolled)	self	self	unrolled	300232185	
sago leaf fiber	material	(unrolled)	self	self	unrolled		
sago palm pangal	material	(unrolled)	self	self	unrolled		
sago palm petiole	material	(unrolled)	self	self	unrolled		
salmon striped acetate	material	(unrolled)	self	self	unrolled		
salmon-pink silk damask	material	(unrolled)	self	self	unrolled	300163295	
salt	material	(unrolled)	self	self	unrolled	300183627	
salt glazed stoneware	material	(unrolled)	self	self	unrolled	300010672	
salt-glazed earthenware	material	(unrolled)	self	self	unrolled	300140803	
salt-glazed stoneware	material	(unrolled)	self	self	unrolled	300010672	
saltglazed stoneware	material	(unrolled)	self	self	unrolled	300010672	
saltwater clam	material	(unrolled)	self	self	unrolled		
samit	material	(unrolled)	self	self	unrolled		
san blas island cotton mola	material	(unrolled)	self	self	unrolled		
sand	material	(unrolled)	self	self	unrolled	300014341	
sand ground	material	(unrolled)	self	self	unrolled	300015297	
sand-grain ground	material	(unrolled)	self	self	unrolled	300015297	
sandalwood stick	material	(unrolled)	self	self	unrolled		
sandbar willow shoot	material	(unrolled)	self	self	unrolled		
sandblasted	material	(unrolled)	self	self	unrolled		
sandblasted incised glazed stoneware	material	(unrolled)	self	self	unrolled	300010672	
sanding	material	(unrolled)	self	self	unrolled	300053080	
sandstone	material	(unrolled)	self	self	unrolled	300011376	
sanguine	material	(unrolled)	self	self	unrolled		
sanguine crayon	material	(unrolled)	self	self	unrolled		
sanguine under	material	(unrolled)	self	self	unrolled		
sanguine under pen	material	(unrolled)	self	self	unrolled		
santa barbara sedge rhizome	material	(unrolled)	self	self	unrolled		
sateen	material	(unrolled)	self	self	unrolled	300417857	
sateen lining	material	(unrolled)	self	self	unrolled	300162124	
satin applique	material	(unrolled)	self	self	unrolled		
satin brocade	material	(unrolled)	self	self	unrolled	300227779	
satin brocatelle	material	(unrolled)	self	self	unrolled	300133076	
satin complex weave	material	(unrolled)	self	self	unrolled		
satin damask	material	(unrolled)	self	self	unrolled	300163295	
satin damask cloth	material	(unrolled)	self	self	unrolled	300162391	
satin damask embroidered	material	(unrolled)	self	self	unrolled		
satin damask weave	material	(unrolled)	self	self	unrolled		
satin hat	material	(unrolled)	self	self	unrolled		
satin lampa	material	(unrolled)	self	self	unrolled		
satin lining	material	(unrolled)	self	self	unrolled	300162124	
satin matelasse	material	(unrolled)	self	self	unrolled		
satin piping	material	(unrolled)	self	self	unrolled	300052572	
satin polyester	material	(unrolled)	self	self	unrolled	300014546	
satin ribbon	material	(unrolled)	self	self	unrolled	300014668	
satin ribbon bookmark	material	(unrolled)	self	self	unrolled		
satin stitch	material	(unrolled)	self	self	unrolled		
satin stripe silk organza	material	(unrolled)	self	self	unrolled	300310123	
satin trim	material	(unrolled)	self	self	unrolled		
satin twill	material	(unrolled)	self	self	unrolled	300227915	
satin weave	material	(unrolled)	self	self	unrolled		
satin weave ground	material	(unrolled)	self	self	unrolled	300015297	
satin weave lining	material	(unrolled)	self	self	unrolled	300162124	
satin weave ribbon	material	(unrolled)	self	self	unrolled	300014668	
satin weave wih supplementary weft patterning	material	(unrolled)	self	self	unrolled	300248891	
satin-silk	material	(unrolled)	self	self	unrolled		
satin. grosgrain	material	(unrolled)	self	self	unrolled		
scallop shell	material	(unrolled)	self	self	unrolled	300167875	
scalloped lace	material	(unrolled)	self	self	unrolled	300132861	
schist	material	(unrolled)	self	self	unrolled	300011626	
schist or diorite	material	(unrolled)	self	self	unrolled	300011214	
scorch mark	material	(unrolled)	self	self	unrolled		
scorper	material	(unrolled)	self	self	unrolled		
scratchwork	material	(unrolled)	self	self	unrolled		
sea mammal intestine	material	(unrolled)	self	self	unrolled		
sea mammal tooth	material	(unrolled)	self	self	unrolled	300011855	
sea shell	material	(unrolled)	self	self	unrolled	300011829	
sea shell disk	material	(unrolled)	self	self	unrolled		
sea snail shell	material	(unrolled)	self	self	unrolled	300011829	
sea turtle shell	material	(unrolled)	self	self	unrolled	300011829	
seahorse	material	(unrolled)	self	self	unrolled		
seal	material	(unrolled)	self	self	unrolled		
seal claw	material	(unrolled)	self	self	unrolled		
seal intestine	material	(unrolled)	self	self	unrolled		
seal intestine?	material	(unrolled)	self	self	unrolled		
seal skin or intestine?	material	(unrolled)	self	self	unrolled		
seal teeth	material	(unrolled)	self	self	unrolled	300400467	
seal tusk	material	(unrolled)	self	self	unrolled	300011856	
seaweed	material	(unrolled)	self	self	unrolled	300380064	
sedge	material	(unrolled)	self	self	unrolled		
seed bead	material	(unrolled)	self	self	unrolled	300261776	
seed pearl	material	(unrolled)	self	self	unrolled	300011827	
seedpods - kwada - boto bota	material	(unrolled)	self	self	unrolled		
selective inking	material	(unrolled)	self	self	unrolled		
selectively applied glaze	material	(unrolled)	self	self	unrolled	300015091	
selenium toning	material	(unrolled)	self	self	unrolled	300053423	
self adhesive vinyl	material	(unrolled)	self	self	unrolled	300014502	
self fringe	material	(unrolled)	self	self	unrolled	300227830	
self-plied accessory loop	material	(unrolled)	self	self	unrolled		
selvedge cord	material	(unrolled)	self	self	unrolled	300014247	
semi-precious stone bead	material	(unrolled)	self	self	unrolled	300261776	
semi-precious stones?	material	(unrolled)	self	self	unrolled		
senka-shi	material	(unrolled)	self	self	unrolled		
sennet	material	(unrolled)	self	self	unrolled		
sennit	material	(unrolled)	self	self	unrolled	300379318	
sennit cord	material	(unrolled)	self	self	unrolled	300014247	
sennit string	material	(unrolled)	self	self	unrolled	300014249	
senufo	material	(unrolled)	self	self	unrolled	300015867	
sepia image	material	(unrolled)	self	self	unrolled		
sequin flower appliqués	material	(unrolled)	self	self	unrolled		
sequined net	material	(unrolled)	self	self	unrolled	300249438	
sequins silk crepe	material	(unrolled)	self	self	unrolled	300183741	
serpentinite	material	(unrolled)	self	self	unrolled	300210275	
set	material	(unrolled)	self	self	unrolled		
several trace	material	(unrolled)	self	self	unrolled		
sevres ware	material	(unrolled)	self	self	unrolled	300244578	
sewn coiling	material	(unrolled)	self	self	unrolled	300053903	
sewn cotton strip	material	(unrolled)	self	self	unrolled		
sewn cowrie shell	material	(unrolled)	self	self	unrolled	300011829	
sget	material	(unrolled)	self	self	unrolled		
shades gray	material	(unrolled)	self	self	unrolled		
shale	material	(unrolled)	self	self	unrolled	300011281	
shalk	material	(unrolled)	self	self	unrolled		
shaped handmade	material	(unrolled)	self	self	unrolled		
shaped wood strip	material	(unrolled)	self	self	unrolled		
shark teeth	material	(unrolled)	self	self	unrolled	300379302	
shark's teeth	material	(unrolled)	self	self	unrolled	300400467	
shark's tooth	material	(unrolled)	self	self	unrolled	300011855	
sharks teeth	material	(unrolled)	self	self	unrolled	300400467	
sharpie permanent marker	material	(unrolled)	self	self	unrolled		
shaved velvet	material	(unrolled)	self	self	unrolled	300133711	
shearling lambswool	material	(unrolled)	self	self	unrolled		
sheep shearling	material	(unrolled)	self	self	unrolled		
sheep's wool felt	material	(unrolled)	self	self	unrolled	300014107	
sheep's wool or camelid	material	(unrolled)	self	self	unrolled		
sheep's wool or camelid fiber	material	(unrolled)	self	self	unrolled		
sheepskin covered box	material	(unrolled)	self	self	unrolled		
sheepswool or camelid	material	(unrolled)	self	self	unrolled		
sheer black polyester	material	(unrolled)	self	self	unrolled	300014546	
sheer nylon	material	(unrolled)	self	self	unrolled	300014462	
sheer red nylon	material	(unrolled)	self	self	unrolled	300014462	
sheet bras	material	(unrolled)	self	self	unrolled		
sheet music	material	(unrolled)	self	self	unrolled	300026430	
sheet-lead relief	material	(unrolled)	self	self	unrolled	300053622	
sheet.	material	(unrolled)	self	self	unrolled		
shell & glas	material	(unrolled)	self	self	unrolled		
shell - cam	material	(unrolled)	self	self	unrolled		
shell - clam	material	(unrolled)	self	self	unrolled		
shell - sequin	material	(unrolled)	self	self	unrolled		
shell bead	material	(unrolled)	self	self	unrolled	300261776	
shell button	material	(unrolled)	self	self	unrolled		
shell cameo	material	(unrolled)	self	self	unrolled		
shell clam	material	(unrolled)	self	self	unrolled		
shell disc	material	(unrolled)	self	self	unrolled		
shell fringe	material	(unrolled)	self	self	unrolled	300227830	
shell from a large sea turtle	material	(unrolled)	self	self	unrolled		
shell ornamentation	material	(unrolled)	self	self	unrolled		
shell plaque from a large sea turtle	material	(unrolled)	self	self	unrolled		
shell plaque from large sea turtle	material	(unrolled)	self	self	unrolled		
shell sequin	material	(unrolled)	self	self	unrolled		
shell- baler - melo	material	(unrolled)	self	self	unrolled		
shellac	material	(unrolled)	self	self	unrolled	300014918	
shellac application	material	(unrolled)	self	self	unrolled	300312189	
shells - gold lip pearl shell - pinctada maxima	material	(unrolled)	self	self	unrolled		
shiffon	material	(unrolled)	self	self	unrolled		
shodoshima granite	material	(unrolled)	self	self	unrolled	300011183	
shoelace trim	material	(unrolled)	self	self	unrolled		
shot silk jersey	material	(unrolled)	self	self	unrolled	300417884	
shot silk plain weave	material	(unrolled)	self	self	unrolled		
shot silk plain weave ribbon	material	(unrolled)	self	self	unrolled	300014668	
shot silk ribbon	material	(unrolled)	self	self	unrolled	300014668	
shredded nylon	material	(unrolled)	self	self	unrolled	300014462	
sign cloth	material	(unrolled)	self	self	unrolled	300162391	
signed 'futurballa'	material	(unrolled)	self	self	unrolled		
signed in black chalk 'gb'	material	(unrolled)	self	self	unrolled		
signed in charcoal 'j.d.'	material	(unrolled)	self	self	unrolled		
silicone	material	(unrolled)	self	self	unrolled	300014558	
silk & gold lace	material	(unrolled)	self	self	unrolled	300132861	
silk amd lace	material	(unrolled)	self	self	unrolled	300132861	
silk and..	material	(unrolled)	self	self	unrolled		
silk and/or llama fiber	material	(unrolled)	self	self	unrolled		
silk applique	material	(unrolled)	self	self	unrolled		
silk appliqué	material	(unrolled)	self	self	unrolled		
silk appliquė	material	(unrolled)	self	self	unrolled		
silk aubusson tapestry upholstery	material	(unrolled)	self	self	unrolled	300204905	
silk backed	material	(unrolled)	self	self	unrolled		
silk backing	material	(unrolled)	self	self	unrolled	300227764	
silk basket weave	material	(unrolled)	self	self	unrolled		
silk blend	material	(unrolled)	self	self	unrolled		
silk bobbin lace: fond de mariage or maglia de spagna lace	material	(unrolled)	self	self	unrolled	300132861	
silk bobbin net	material	(unrolled)	self	self	unrolled	300249438	
silk bobbin-made chantilly lace	material	(unrolled)	self	self	unrolled	300132861	
silk bobbin: fond de mariage or maglia de spagna lace	material	(unrolled)	self	self	unrolled	300132861	
silk bobbinet	material	(unrolled)	self	self	unrolled		
silk bobble crochet	material	(unrolled)	self	self	unrolled	300264038	
silk braid	material	(unrolled)	self	self	unrolled	300232186	
silk braid trim	material	(unrolled)	self	self	unrolled		
silk braid–covered button	material	(unrolled)	self	self	unrolled		
silk brocade?	material	(unrolled)	self	self	unrolled		
silk brocaded	material	(unrolled)	self	self	unrolled		
silk brocaded chiffon	material	(unrolled)	self	self	unrolled	300249449	
silk brocaded satin	material	(unrolled)	self	self	unrolled	300132902	
silk brocatelle	material	(unrolled)	self	self	unrolled	300133076	
silk broche	material	(unrolled)	self	self	unrolled		
silk changeant	material	(unrolled)	self	self	unrolled		
silk chantilly lace	material	(unrolled)	self	self	unrolled	300132861	
silk charmeuse	material	(unrolled)	self	self	unrolled	300417872	
silk chiffon lining	material	(unrolled)	self	self	unrolled	300162124	
silk chiffon underlay	material	(unrolled)	self	self	unrolled		
silk chine ribbon	material	(unrolled)	self	self	unrolled	300014668	
silk cloqué	material	(unrolled)	self	self	unrolled		
silk cloth	material	(unrolled)	self	self	unrolled	300162391	
silk complex weave	material	(unrolled)	self	self	unrolled		
silk cord	material	(unrolled)	self	self	unrolled	300014247	
silk cording	material	(unrolled)	self	self	unrolled		
silk crepe border	material	(unrolled)	self	self	unrolled		
silk crepe de chine	material	(unrolled)	self	self	unrolled		
silk crochet	material	(unrolled)	self	self	unrolled	300264038	
silk crêpe	material	(unrolled)	self	self	unrolled		
silk crêpe georgette	material	(unrolled)	self	self	unrolled		
silk crȇpe	material	(unrolled)	self	self	unrolled		
silk cut velvet	material	(unrolled)	self	self	unrolled	300133711	
silk damask	material	(unrolled)	self	self	unrolled	300163295	
silk damask & brocade	material	(unrolled)	self	self	unrolled	300227779	
silk damask brocade	material	(unrolled)	self	self	unrolled	300227779	
silk damask brocade lined	material	(unrolled)	self	self	unrolled		
silk damask upholstery	material	(unrolled)	self	self	unrolled	300204905	
silk damask?	material	(unrolled)	self	self	unrolled		
silk devoré	material	(unrolled)	self	self	unrolled		
silk doubleknit	material	(unrolled)	self	self	unrolled		
silk doublure	material	(unrolled)	self	self	unrolled		
silk embellishment	material	(unrolled)	self	self	unrolled		
silk embroidered linen	material	(unrolled)	self	self	unrolled	300014069	
silk endpaper	material	(unrolled)	self	self	unrolled		
silk fabric	material	(unrolled)	self	self	unrolled		
silk faille	material	(unrolled)	self	self	unrolled	300249448	
silk flos	material	(unrolled)	self	self	unrolled		
silk floss–wrapped wire	material	(unrolled)	self	self	unrolled	300011063	
"silk flowers in grecian style. worn by mitzi gaynor in 'my blue heaven."""	material	(unrolled)	self	self	unrolled		
silk fly fringe	material	(unrolled)	self	self	unrolled	300227830	
silk fringe	material	(unrolled)	self	self	unrolled	300227830	
silk gauze	material	(unrolled)	self	self	unrolled	300014083	
silk gauze weave	material	(unrolled)	self	self	unrolled		
silk gazar	material	(unrolled)	self	self	unrolled		
silk georgette	material	(unrolled)	self	self	unrolled		
silk gros de tours lining	material	(unrolled)	self	self	unrolled	300162124	
silk gros de tours ribbon	material	(unrolled)	self	self	unrolled	300014668	
silk grosgrain	material	(unrolled)	self	self	unrolled		
silk grosgrain band	material	(unrolled)	self	self	unrolled		
silk grosgrain ribbon	material	(unrolled)	self	self	unrolled	300014668	
silk hand-dyed tulle	material	(unrolled)	self	self	unrolled	300256611	
silk ikat	material	(unrolled)	self	self	unrolled	300249861	
silk jersey	material	(unrolled)	self	self	unrolled	300417884	
silk jersey & shantung	material	(unrolled)	self	self	unrolled		
silk jersey top	material	(unrolled)	self	self	unrolled	300121968	
silk knit	material	(unrolled)	self	self	unrolled		
silk knit bead	material	(unrolled)	self	self	unrolled	300261776	
silk lace	material	(unrolled)	self	self	unrolled	300132861	
silk lacing	material	(unrolled)	self	self	unrolled		
silk lame	material	(unrolled)	self	self	unrolled		
silk leavers lace	material	(unrolled)	self	self	unrolled	300132861	
silk lined	material	(unrolled)	self	self	unrolled		
silk linen	material	(unrolled)	self	self	unrolled	300014069	
silk lining.	material	(unrolled)	self	self	unrolled		
silk machine lace	material	(unrolled)	self	self	unrolled	300132861	
silk maline	material	(unrolled)	self	self	unrolled		
silk matelasse	material	(unrolled)	self	self	unrolled		
silk mesh	material	(unrolled)	self	self	unrolled	300014654	
silk moire	material	(unrolled)	self	self	unrolled	300400593	
silk moire lining	material	(unrolled)	self	self	unrolled	300162124	
silk moire ribbon	material	(unrolled)	self	self	unrolled	300014668	
silk moiré	material	(unrolled)	self	self	unrolled		
silk moiré fabric	material	(unrolled)	self	self	unrolled		
silk moiré ribbon	material	(unrolled)	self	self	unrolled	300014668	
silk mounted	material	(unrolled)	self	self	unrolled		
silk mounted to gilded paper covering cardboad mount	material	(unrolled)	self	self	unrolled		
silk mounted to paper support	material	(unrolled)	self	self	unrolled		
silk mousseline	material	(unrolled)	self	self	unrolled		
silk needlelace	material	(unrolled)	self	self	unrolled		
silk ombré ribbon	material	(unrolled)	self	self	unrolled	300014668	
silk open-weave plain weave	material	(unrolled)	self	self	unrolled		
silk or chiffon?	material	(unrolled)	self	self	unrolled		
silk or pina	material	(unrolled)	self	self	unrolled		
silk or rayon	material	(unrolled)	self	self	unrolled	300014059	
silk or rayon jersey	material	(unrolled)	self	self	unrolled	300417884	
silk or synthetic	material	(unrolled)	self	self	unrolled	300218678	
silk organza	material	(unrolled)	self	self	unrolled	300310123	
silk organza collar	material	(unrolled)	self	self	unrolled		
silk organza lining	material	(unrolled)	self	self	unrolled	300162124	
silk paisley	material	(unrolled)	self	self	unrolled	300261181	
silk pannė velvet	material	(unrolled)	self	self	unrolled	300133711	
silk peau de soie	material	(unrolled)	self	self	unrolled		
silk petit point	material	(unrolled)	self	self	unrolled		
silk petticoat	material	(unrolled)	self	self	unrolled		
silk pile yarn	material	(unrolled)	self	self	unrolled	300014252	
silk pillow lace	material	(unrolled)	self	self	unrolled	300132861	
silk plain weave	material	(unrolled)	self	self	unrolled		
silk plain weave lining	material	(unrolled)	self	self	unrolled	300162124	
silk plain weave ribbon	material	(unrolled)	self	self	unrolled	300014668	
silk plush	material	(unrolled)	self	self	unrolled	300227875	
silk pongee	material	(unrolled)	self	self	unrolled	300417854	
silk poplin	material	(unrolled)	self	self	unrolled	300417855	
silk rep	material	(unrolled)	self	self	unrolled		
silk ribbon binding	material	(unrolled)	self	self	unrolled	300421867	
silk ribbon tassel	material	(unrolled)	self	self	unrolled	300232185	
silk rose	material	(unrolled)	self	self	unrolled	300266244	
silk rosette	material	(unrolled)	self	self	unrolled	300009972	
silk ruching	material	(unrolled)	self	self	unrolled		
silk satin brocade	material	(unrolled)	self	self	unrolled	300227779	
silk satin damask	material	(unrolled)	self	self	unrolled	300163295	
silk satin damask crepe	material	(unrolled)	self	self	unrolled	300183741	
silk satin lining	material	(unrolled)	self	self	unrolled	300162124	
silk satin organza	material	(unrolled)	self	self	unrolled	300310123	
silk satin ribbon	material	(unrolled)	self	self	unrolled	300014668	
silk satin trim	material	(unrolled)	self	self	unrolled		
silk satin weave	material	(unrolled)	self	self	unrolled		
silk satin weave backing	material	(unrolled)	self	self	unrolled	300227764	
silk satin weave camellia	material	(unrolled)	self	self	unrolled	300400499	
silk satin weave cuff	material	(unrolled)	self	self	unrolled		
silk satin weave ribbon	material	(unrolled)	self	self	unrolled	300014668	
silk satin weave ribbon trim pant lining: synthetic plain weave	material	(unrolled)	self	self	unrolled		
silk satin weave rosette	material	(unrolled)	self	self	unrolled	300009972	
silk satin weave sash	material	(unrolled)	self	self	unrolled		
silk satin weave tape trim	material	(unrolled)	self	self	unrolled		
silk satin weave tie	material	(unrolled)	self	self	unrolled	300391271	
silk satin weave–covered metal snap	material	(unrolled)	self	self	unrolled		
silk satin/habatai	material	(unrolled)	self	self	unrolled		
silk screen	material	(unrolled)	self	self	unrolled	300023393	
silk screen photo transfer	material	(unrolled)	self	self	unrolled	300417644	
silk screening	material	(unrolled)	self	self	unrolled		
silk shantung	material	(unrolled)	self	self	unrolled		
silk slipper satin	material	(unrolled)	self	self	unrolled	300132902	
silk spanish blond lace	material	(unrolled)	self	self	unrolled	300132861	
silk supplementary weft-patterning	material	(unrolled)	self	self	unrolled		
silk surah	material	(unrolled)	self	self	unrolled		
silk surah lining	material	(unrolled)	self	self	unrolled	300162124	
silk surrah	material	(unrolled)	self	self	unrolled		
silk tabby	material	(unrolled)	self	self	unrolled	300010423	
silk tafetta	material	(unrolled)	self	self	unrolled		
silk taffeta changeant	material	(unrolled)	self	self	unrolled		
silk taffeta lining	material	(unrolled)	self	self	unrolled	300162124	
silk taffeta ribbon	material	(unrolled)	self	self	unrolled	300014668	
silk taffeta trim	material	(unrolled)	self	self	unrolled		
silk tape appliqué	material	(unrolled)	self	self	unrolled		
silk tapestry	material	(unrolled)	self	self	unrolled	300061981	
silk tassel fringe	material	(unrolled)	self	self	unrolled	300227830	
silk thread	material	(unrolled)	self	self	unrolled	300014250	
silk thread braid	material	(unrolled)	self	self	unrolled	300232186	
silk thread covered button	material	(unrolled)	self	self	unrolled		
silk thread net	material	(unrolled)	self	self	unrolled	300249438	
silk thread tie	material	(unrolled)	self	self	unrolled	300391271	
silk tie	material	(unrolled)	self	self	unrolled	300391271	
silk tissue	material	(unrolled)	self	self	unrolled		
silk tissue taffeta	material	(unrolled)	self	self	unrolled	300249434	
silk twill	material	(unrolled)	self	self	unrolled	300227915	
silk twill changeant	material	(unrolled)	self	self	unrolled		
silk twill lining	material	(unrolled)	self	self	unrolled	300162124	
silk twill weave	material	(unrolled)	self	self	unrolled		
silk twill weave–covered button	material	(unrolled)	self	self	unrolled		
silk upholstery	material	(unrolled)	self	self	unrolled	300204905	
silk velvet ribbon	material	(unrolled)	self	self	unrolled	300014668	
silk velvet ribbon trim	material	(unrolled)	self	self	unrolled		
silk velvet ribbon trim skirt: silk satin weave	material	(unrolled)	self	self	unrolled		
silk velvet trim	material	(unrolled)	self	self	unrolled		
silk violet	material	(unrolled)	self	self	unrolled	300130602	
silk voided velvet	material	(unrolled)	self	self	unrolled	300133711	
silk voile	material	(unrolled)	self	self	unrolled	300417858	
silk warp-faced twill	material	(unrolled)	self	self	unrolled	300227915	
silk warp-resist dyeing	material	(unrolled)	self	self	unrolled	300053049	
silk wax	material	(unrolled)	self	self	unrolled	300014585	
silk weft	material	(unrolled)	self	self	unrolled	300227934	
silk weft indigo-dyed ikat	material	(unrolled)	self	self	unrolled	300249861	
silk weft twill weave	material	(unrolled)	self	self	unrolled		
silk weft: warp-faced plain weave	material	(unrolled)	self	self	unrolled		
silk woven	material	(unrolled)	self	self	unrolled		
silk-covered bead	material	(unrolled)	self	self	unrolled	300261776	
silk-satin	material	(unrolled)	self	self	unrolled		
silk-wrapped gimp	material	(unrolled)	self	self	unrolled	300232154	
silk-wrapped plastic disc	material	(unrolled)	self	self	unrolled		
silk.	material	(unrolled)	self	self	unrolled		
silk/metallic brocade	material	(unrolled)	self	self	unrolled	300227779	
silk/rayon knit	material	(unrolled)	self	self	unrolled		
silk/satin	material	(unrolled)	self	self	unrolled		
silk: brocade	material	(unrolled)	self	self	unrolled	300227779	
silk?	material	(unrolled)	self	self	unrolled		
silk[?] plain weave	material	(unrolled)	self	self	unrolled		
silkcscreen	material	(unrolled)	self	self	unrolled		
silksceen	material	(unrolled)	self	self	unrolled		
silkscreen varnish	material	(unrolled)	self	self	unrolled	300014974	
silkscren	material	(unrolled)	self	self	unrolled		
silver & gilt	material	(unrolled)	self	self	unrolled		
silver & glas	material	(unrolled)	self	self	unrolled		
silver alloy metal-wrapped silk cord	material	(unrolled)	self	self	unrolled	300014247	
silver austrian florin	material	(unrolled)	self	self	unrolled		
silver bead	material	(unrolled)	self	self	unrolled	300261776	
silver bobbin lace	material	(unrolled)	self	self	unrolled	300132861	
silver braid	material	(unrolled)	self	self	unrolled	300232186	
silver button	material	(unrolled)	self	self	unrolled		
silver case	material	(unrolled)	self	self	unrolled		
silver chain link belt	material	(unrolled)	self	self	unrolled		
silver coin	material	(unrolled)	self	self	unrolled		
silver coin button	material	(unrolled)	self	self	unrolled		
silver cone	material	(unrolled)	self	self	unrolled		
silver dollar	material	(unrolled)	self	self	unrolled		
silver embossed silk velvet	material	(unrolled)	self	self	unrolled	300133711	
silver filigree	material	(unrolled)	self	self	unrolled	300220293	
silver filigree stick	material	(unrolled)	self	self	unrolled		
silver fillet	material	(unrolled)	self	self	unrolled		
silver fired gilt	material	(unrolled)	self	self	unrolled		
silver frame	material	(unrolled)	self	self	unrolled		
silver fringe	material	(unrolled)	self	self	unrolled	300227830	
silver galloon	material	(unrolled)	self	self	unrolled	300231784	
silver galloon?	material	(unrolled)	self	self	unrolled		
silver geometric shape	material	(unrolled)	self	self	unrolled	300056273	
silver gild	material	(unrolled)	self	self	unrolled		
silver gilt & ivory or bone	material	(unrolled)	self	self	unrolled	300011798	
silver gilt dresden mount	material	(unrolled)	self	self	unrolled		
silver gilt mount	material	(unrolled)	self	self	unrolled		
silver glas	material	(unrolled)	self	self	unrolled		
silver glass bead	material	(unrolled)	self	self	unrolled	300261776	
silver gray silk gros de tour	material	(unrolled)	self	self	unrolled		
silver gros point	material	(unrolled)	self	self	unrolled		
silver halide black-and-white film	material	(unrolled)	self	self	unrolled	300014637	
silver inlay	material	(unrolled)	self	self	unrolled	300053850	
silver lace	material	(unrolled)	self	self	unrolled	300132861	
silver lame	material	(unrolled)	self	self	unrolled		
silver lamé panné velvet	material	(unrolled)	self	self	unrolled	300133711	
silver leavers lace	material	(unrolled)	self	self	unrolled	300132861	
silver lettering	material	(unrolled)	self	self	unrolled	300053342	
silver lid	material	(unrolled)	self	self	unrolled		
silver lusterware	material	(unrolled)	self	self	unrolled		
silver lustre	material	(unrolled)	self	self	unrolled		
silver matelasse	material	(unrolled)	self	self	unrolled		
silver mesh	material	(unrolled)	self	self	unrolled	300014654	
silver metal mesh	material	(unrolled)	self	self	unrolled	300014654	
silver metallic lace	material	(unrolled)	self	self	unrolled	300132861	
silver metallic thread	material	(unrolled)	self	self	unrolled	300014250	
silver mount	material	(unrolled)	self	self	unrolled		
silver mounting	material	(unrolled)	self	self	unrolled	300081370	
silver or nickel ? medal	material	(unrolled)	self	self	unrolled		
silver or pewter?	material	(unrolled)	self	self	unrolled		
silver overlay	material	(unrolled)	self	self	unrolled		
silver paper mounted to a sheet	material	(unrolled)	self	self	unrolled		
silver pencil	material	(unrolled)	self	self	unrolled	300410335	
silver pendant	material	(unrolled)	self	self	unrolled		
silver pique	material	(unrolled)	self	self	unrolled		
silver plate?	material	(unrolled)	self	self	unrolled		
silver point	material	(unrolled)	self	self	unrolled		
silver polyamide/polyester/ lame mix	material	(unrolled)	self	self	unrolled		
silver possibly ?	material	(unrolled)	self	self	unrolled		
silver pusher lace	material	(unrolled)	self	self	unrolled	300132861	
silver ric-rac	material	(unrolled)	self	self	unrolled		
silver rim	material	(unrolled)	self	self	unrolled		
silver satin	material	(unrolled)	self	self	unrolled	300132902	
silver set	material	(unrolled)	self	self	unrolled		
silver spangle	material	(unrolled)	self	self	unrolled		
silver spider web	material	(unrolled)	self	self	unrolled		
silver supplementary weft	material	(unrolled)	self	self	unrolled	300227934	
silver tambour work	material	(unrolled)	self	self	unrolled		
silver tape	material	(unrolled)	self	self	unrolled	300014685	
silver thread	material	(unrolled)	self	self	unrolled	300395639	
silver thread galloon	material	(unrolled)	self	self	unrolled	300231784	
silver tinsel	material	(unrolled)	self	self	unrolled	300183933	
silver wire	material	(unrolled)	self	self	unrolled	300011063	
silver-gilt	material	(unrolled)	self	self	unrolled		
silver-gilt mount	material	(unrolled)	self	self	unrolled		
silver-plated bronze relief medallion	material	(unrolled)	self	self	unrolled		
silver-wrapped	material	(unrolled)	self	self	unrolled		
silvered acetate	material	(unrolled)	self	self	unrolled		
silvered bras	material	(unrolled)	self	self	unrolled		
silvered dial	material	(unrolled)	self	self	unrolled		
silvered finial	material	(unrolled)	self	self	unrolled		
silvered mother-of-pearl stick	material	(unrolled)	self	self	unrolled		
silvered paper weft patterning	material	(unrolled)	self	self	unrolled	300248891	
silvered wood stick	material	(unrolled)	self	self	unrolled		
silverplate?	material	(unrolled)	self	self	unrolled		
silverpoint	material	(unrolled)	self	self	unrolled	300404634	
silverpoint? black ink?	material	(unrolled)	self	self	unrolled		
simulated horn stick	material	(unrolled)	self	self	unrolled		
simulated mother-of-pearl	material	(unrolled)	self	self	unrolled		
sinew - whale	material	(unrolled)	self	self	unrolled		
sinew thread	material	(unrolled)	self	self	unrolled	300014250	
single raised band	material	(unrolled)	self	self	unrolled		
sintra	material	(unrolled)	self	self	unrolled		
sixth plate daguerrotype in leather case lined	material	(unrolled)	self	self	unrolled		
skin - lizard	material	(unrolled)	self	self	unrolled		
skull	material	(unrolled)	self	self	unrolled		
skyblue silk satin charmeuse	material	(unrolled)	self	self	unrolled	300417872	
slate	material	(unrolled)	self	self	unrolled	300011646	
slate gray silk taffeta	material	(unrolled)	self	self	unrolled	300249434	
slavic bobbin lace	material	(unrolled)	self	self	unrolled	300132861	
slip	material	(unrolled)	self	self	unrolled	300010459	
slip case covered in blue cloth	material	(unrolled)	self	self	unrolled	300162391	
slip painted earthenware	material	(unrolled)	self	self	unrolled	300140803	
slipcase covered in blue linen	material	(unrolled)	self	self	unrolled	300014069	
slipcase covered in matching wood veneer	material	(unrolled)	self	self	unrolled	300012855	
slipcase in book cloth	material	(unrolled)	self	self	unrolled	300162391	
slipcase in imitation cloth	material	(unrolled)	self	self	unrolled	300162391	
slipcase is covered in matching black book cloth	material	(unrolled)	self	self	unrolled	300162391	
slipcase is wood veneer	material	(unrolled)	self	self	unrolled	300012855	
slub silk?	material	(unrolled)	self	self	unrolled		
smoke	material	(unrolled)	self	self	unrolled	300073252	
smoked	material	(unrolled)	self	self	unrolled		
smoked glas	material	(unrolled)	self	self	unrolled		
snail shell	material	(unrolled)	self	self	unrolled	300011829	
snake vertebrae	material	(unrolled)	self	self	unrolled		
snakeskin	material	(unrolled)	self	self	unrolled		
snakeskin top	material	(unrolled)	self	self	unrolled	300121968	
snap	material	(unrolled)	self	self	unrolled		
snow	material	(unrolled)	self	self	unrolled	300055381	
soap ground aqautint	material	(unrolled)	self	self	unrolled		
soap ground reversal	material	(unrolled)	self	self	unrolled		
soap-ground	material	(unrolled)	self	self	unrolled		
soapground	material	(unrolled)	self	self	unrolled		
soapground softground	material	(unrolled)	self	self	unrolled		
soapstone	material	(unrolled)	self	self	unrolled	300011665	
soda lime glas	material	(unrolled)	self	self	unrolled		
soft graphite	material	(unrolled)	self	self	unrolled	300011098	
soft ground etchiing	material	(unrolled)	self	self	unrolled		
soft leather bound book	material	(unrolled)	self	self	unrolled		
soft pastel	material	(unrolled)	self	self	unrolled	300311039	
soft porous wood to facilitate the attachment	material	(unrolled)	self	self	unrolled		
soft white	material	(unrolled)	self	self	unrolled	300107678	
soft-paste orcelain	material	(unrolled)	self	self	unrolled		
soft-porcelain	material	(unrolled)	self	self	unrolled		
softground #1	material	(unrolled)	self	self	unrolled		
soil	material	(unrolled)	self	self	unrolled	300014330	
soil from palo	material	(unrolled)	self	self	unrolled		
soilk closure	material	(unrolled)	self	self	unrolled		
some collage element	material	(unrolled)	self	self	unrolled		
some false biting	material	(unrolled)	self	self	unrolled	300053310	
some graphite	material	(unrolled)	self	self	unrolled	300011098	
some hand colored	material	(unrolled)	self	self	unrolled		
somerset satin	material	(unrolled)	self	self	unrolled	300132902	
somerset satin heavyweight paper in 42 leaves.	material	(unrolled)	self	self	unrolled		
somerset satin paper glued	material	(unrolled)	self	self	unrolled		
somerset satin roll	material	(unrolled)	self	self	unrolled		
somerset satin soft white	material	(unrolled)	self	self	unrolled	300107678	
somerset satin white paper.	material	(unrolled)	self	self	unrolled		
somerset velvet	material	(unrolled)	self	self	unrolled	300133711	
somerset white	material	(unrolled)	self	self	unrolled	300107678	
soutache	material	(unrolled)	self	self	unrolled		
spaced plain weave	material	(unrolled)	self	self	unrolled		
spaced warp	material	(unrolled)	self	self	unrolled	300227930	
spain	material	(unrolled)	self	self	unrolled		
spande	material	(unrolled)	self	self	unrolled		
spandex	material	(unrolled)	self	self	unrolled	300310125	
spandex blend ribbed knit	material	(unrolled)	self	self	unrolled		
spanex	material	(unrolled)	self	self	unrolled		
spangle	material	(unrolled)	self	self	unrolled		
spanish blond lace	material	(unrolled)	self	self	unrolled	300132861	
spanish blonde lace	material	(unrolled)	self	self	unrolled	300132861	
spanish blonde silk lace	material	(unrolled)	self	self	unrolled	300132861	
spanish gros point de venise	material	(unrolled)	self	self	unrolled		
spanish lace	material	(unrolled)	self	self	unrolled	300132861	
spanish raised point? lace	material	(unrolled)	self	self	unrolled	300132861	
spanish silk bobbin lace	material	(unrolled)	self	self	unrolled	300132861	
spatter color zincograph	material	(unrolled)	self	self	unrolled		
sperm whale tooth	material	(unrolled)	self	self	unrolled	300011855	
sperm-whale tooth	material	(unrolled)	self	self	unrolled	300011855	
spider decending	material	(unrolled)	self	self	unrolled		
spider web	material	(unrolled)	self	self	unrolled		
spine blind stamped	material	(unrolled)	self	self	unrolled		
spine decorated	material	(unrolled)	self	self	unrolled		
spine in gilt	material	(unrolled)	self	self	unrolled		
spine is lettered	material	(unrolled)	self	self	unrolled		
spine label	material	(unrolled)	self	self	unrolled		
spine lettered	material	(unrolled)	self	self	unrolled		
spine stamped:	material	(unrolled)	self	self	unrolled		
spine.	material	(unrolled)	self	self	unrolled		
spine. laid paper-covered slipcase.	material	(unrolled)	self	self	unrolled		
spine. plastic dust jacket. rose laid paper-covered protective board	material	(unrolled)	self	self	unrolled		
spiral binding	material	(unrolled)	self	self	unrolled	300421867	
spiral bound notebook	material	(unrolled)	self	self	unrolled		
spiral notebook	material	(unrolled)	self	self	unrolled		
spiral-bound book	material	(unrolled)	self	self	unrolled		
spiral-bound sketchbook	material	(unrolled)	self	self	unrolled		
spirit ground	material	(unrolled)	self	self	unrolled	300178726	
spit bite auqatint	material	(unrolled)	self	self	unrolled		
spitbite acquatint	material	(unrolled)	self	self	unrolled		
spitbite auqatint	material	(unrolled)	self	self	unrolled		
splattered transparent	material	(unrolled)	self	self	unrolled		
split shell	material	(unrolled)	self	self	unrolled	300011829	
spondylus shell	material	(unrolled)	self	self	unrolled	300011829	
sponge cloth	material	(unrolled)	self	self	unrolled	300162391	
sponged or stamped transparent	material	(unrolled)	self	self	unrolled		
spout	material	(unrolled)	self	self	unrolled		
spray adhesive	material	(unrolled)	self	self	unrolled	300014801	
spray can top	material	(unrolled)	self	self	unrolled	300121968	
spray enamel	material	(unrolled)	self	self	unrolled	300014910	
spray painted glas	material	(unrolled)	self	self	unrolled		
sprayed glitter	material	(unrolled)	self	self	unrolled	300183800	
spraypaint	material	(unrolled)	self	self	unrolled		
spruceroot	material	(unrolled)	self	self	unrolled		
spun celluloid fiber	material	(unrolled)	self	self	unrolled		
spun cotton yarn	material	(unrolled)	self	self	unrolled	300014252	
spun glas	material	(unrolled)	self	self	unrolled		
squared in black chalk	material	(unrolled)	self	self	unrolled	300011727	
squared in black chalk for enlargement	material	(unrolled)	self	self	unrolled		
squared in black chalk for transfer	material	(unrolled)	self	self	unrolled	300417644	
squaw gras	material	(unrolled)	self	self	unrolled		
sraping	material	(unrolled)	self	self	unrolled		
stabilio pencil	material	(unrolled)	self	self	unrolled	300410335	
stacked leather heel	material	(unrolled)	self	self	unrolled		
stain	material	(unrolled)	self	self	unrolled	300014968	
stained glas	material	(unrolled)	self	self	unrolled		
stained glass star	material	(unrolled)	self	self	unrolled		
stained glass window	material	(unrolled)	self	self	unrolled		
stained wood composite button	material	(unrolled)	self	self	unrolled		
stainless steel chain	material	(unrolled)	self	self	unrolled		
stainless steel cloth	material	(unrolled)	self	self	unrolled	300162391	
stainless steel mesh	material	(unrolled)	self	self	unrolled	300014654	
stainless steel wire	material	(unrolled)	self	self	unrolled	300011063	
stalachite	material	(unrolled)	self	self	unrolled		
stamped foil leave	material	(unrolled)	self	self	unrolled		
stamped mordant	material	(unrolled)	self	self	unrolled	300015299	
stamped silk velvet	material	(unrolled)	self	self	unrolled	300133711	
stand	material	(unrolled)	self	self	unrolled		
starched cotton looping	material	(unrolled)	self	self	unrolled		
starched cotton/synthetic pile weave	material	(unrolled)	self	self	unrolled		
steam-bent beech plywood cylinder	material	(unrolled)	self	self	unrolled		
steatite	material	(unrolled)	self	self	unrolled		
steel base	material	(unrolled)	self	self	unrolled	300237910	
steel bead	material	(unrolled)	self	self	unrolled	300261776	
steel blade	material	(unrolled)	self	self	unrolled		
steel button	material	(unrolled)	self	self	unrolled		
steel cut bead	material	(unrolled)	self	self	unrolled	300261776	
steel hoop	material	(unrolled)	self	self	unrolled		
steel mount	material	(unrolled)	self	self	unrolled		
steel ornamented button	material	(unrolled)	self	self	unrolled		
steel pen	material	(unrolled)	self	self	unrolled		
steel pin	material	(unrolled)	self	self	unrolled		
steel saddle	material	(unrolled)	self	self	unrolled		
steel sequin	material	(unrolled)	self	self	unrolled		
steel staple	material	(unrolled)	self	self	unrolled		
steel tube	material	(unrolled)	self	self	unrolled		
steel wire	material	(unrolled)	self	self	unrolled	300011063	
sterling	material	(unrolled)	self	self	unrolled		
sterling silver gilt	material	(unrolled)	self	self	unrolled		
sterling silver mesh	material	(unrolled)	self	self	unrolled	300014654	
stick	material	(unrolled)	self	self	unrolled		
stiff green silk woven	material	(unrolled)	self	self	unrolled		
stiff parchment four- flap envelope containing an impression	material	(unrolled)	self	self	unrolled		
sting ray's tail	material	(unrolled)	self	self	unrolled		
sting-ray tail	material	(unrolled)	self	self	unrolled		
stingray spine	material	(unrolled)	self	self	unrolled		
stipple pen	material	(unrolled)	self	self	unrolled		
stmping	material	(unrolled)	self	self	unrolled		
stone - basalt	material	(unrolled)	self	self	unrolled	300011222	
stone - faded green color	material	(unrolled)	self	self	unrolled	300131647	
stone - grano diorite	material	(unrolled)	self	self	unrolled	300011214	
stone - obsidian	material	(unrolled)	self	self	unrolled	300011254	
stone - shale - argellite	material	(unrolled)	self	self	unrolled		
stone - slate	material	(unrolled)	self	self	unrolled	300011646	
stone - steatite	material	(unrolled)	self	self	unrolled		
stone - volcanic - pink	material	(unrolled)	self	self	unrolled	300124707	
stone - volcanic tuff	material	(unrolled)	self	self	unrolled	300011264	
stone -basalt	material	(unrolled)	self	self	unrolled		
stone base	material	(unrolled)	self	self	unrolled	300237910	
stone fragment	material	(unrolled)	self	self	unrolled		
stone or petrified bone	material	(unrolled)	self	self	unrolled	300011798	
stone pedestal	material	(unrolled)	self	self	unrolled		
stone- basalt	material	(unrolled)	self	self	unrolled	300011222	
stone?	material	(unrolled)	self	self	unrolled		
stone? leather?	material	(unrolled)	self	self	unrolled		
stonecut	material	(unrolled)	self	self	unrolled		
stonepaste	material	(unrolled)	self	self	unrolled	300391321	
stoneware	material	(unrolled)	self	self	unrolled	300010672	
storyboard w/gouache	material	(unrolled)	self	self	unrolled		
strathmore die-cut paper overlay mounted in white lacquered aluminum frame	material	(unrolled)	self	self	unrolled		
straw lace	material	(unrolled)	self	self	unrolled	300132861	
straw ribbon	material	(unrolled)	self	self	unrolled	300014668	
straw?	material	(unrolled)	self	self	unrolled		
strawberry brocaded satin	material	(unrolled)	self	self	unrolled	300132902	
string construction	material	(unrolled)	self	self	unrolled	300054608	
strip weave	material	(unrolled)	self	self	unrolled		
stripe taffeta brocade	material	(unrolled)	self	self	unrolled	300227779	
striped black & white worsted wool flannel	material	(unrolled)	self	self	unrolled	300132886	
striped jersey	material	(unrolled)	self	self	unrolled	300417884	
striped silk taffeta	material	(unrolled)	self	self	unrolled	300249434	
striped viscose jersey	material	(unrolled)	self	self	unrolled	300417884	
stud	material	(unrolled)	self	self	unrolled		
stumped black chalk under graphite	material	(unrolled)	self	self	unrolled	300011098	
stumped white chalk	material	(unrolled)	self	self	unrolled	300011727	
stumping under pastel	material	(unrolled)	self	self	unrolled	300311039	
stumping under watercolor	material	(unrolled)	self	self	unrolled		
styrene	material	(unrolled)	self	self	unrolled	300015283	
suede belt	material	(unrolled)	self	self	unrolled		
suede fringe	material	(unrolled)	self	self	unrolled	300227830	
suede lined	material	(unrolled)	self	self	unrolled		
sugar lift aqutint	material	(unrolled)	self	self	unrolled		
sugartint	material	(unrolled)	self	self	unrolled		
sulphur tint	material	(unrolled)	self	self	unrolled	300056172	
supplementary warp weave	material	(unrolled)	self	self	unrolled		
supplementary weft pile	material	(unrolled)	self	self	unrolled	300227868	
supplementary weft thread	material	(unrolled)	self	self	unrolled	300014250	
supplementary weft weave	material	(unrolled)	self	self	unrolled		
supplementary weft-faced compound twill	material	(unrolled)	self	self	unrolled	300227915	
supplementary-weft patterning in twill weave	material	(unrolled)	self	self	unrolled		
supplementary-weft pile	material	(unrolled)	self	self	unrolled	300227868	
supplementary-weft weave	material	(unrolled)	self	self	unrolled		
support media including broken glass window	material	(unrolled)	self	self	unrolled		
surface inking in blue	material	(unrolled)	self	self	unrolled	300129361	
surface inking in yellow	material	(unrolled)	self	self	unrolled	300127794	
surface oxide	material	(unrolled)	self	self	unrolled		
swamp grasse	material	(unrolled)	self	self	unrolled		
sweet gras	material	(unrolled)	self	self	unrolled		
synethetic	material	(unrolled)	self	self	unrolled		
syntehtic velvet	material	(unrolled)	self	self	unrolled	300133711	
synthetic blend plain weave	material	(unrolled)	self	self	unrolled		
synthetic cloth	material	(unrolled)	self	self	unrolled	300162391	
synthetic commericial panné velvet	material	(unrolled)	self	self	unrolled	300133711	
synthetic cord	material	(unrolled)	self	self	unrolled	300014247	
synthetic corduroy	material	(unrolled)	self	self	unrolled	300014080	
synthetic damask	material	(unrolled)	self	self	unrolled	300163295	
synthetic fabric	material	(unrolled)	self	self	unrolled		
synthetic faille	material	(unrolled)	self	self	unrolled	300249448	
synthetic fiber	material	(unrolled)	self	self	unrolled		
synthetic gauze	material	(unrolled)	self	self	unrolled	300014083	
synthetic knit in blue/pink/orange/yellow flame pattern	material	(unrolled)	self	self	unrolled		
synthetic lace	material	(unrolled)	self	self	unrolled	300132861	
synthetic lining	material	(unrolled)	self	self	unrolled	300162124	
synthetic matelasse	material	(unrolled)	self	self	unrolled		
synthetic matelassé	material	(unrolled)	self	self	unrolled		
synthetic material	material	(unrolled)	self	self	unrolled		
synthetic metal foil supplementary weft-patterning	material	(unrolled)	self	self	unrolled		
synthetic metal plain weave	material	(unrolled)	self	self	unrolled		
synthetic metal thread double knit	material	(unrolled)	self	self	unrolled		
synthetic metal thread plain weave	material	(unrolled)	self	self	unrolled		
synthetic metallic cord	material	(unrolled)	self	self	unrolled	300014247	
synthetic net	material	(unrolled)	self	self	unrolled	300249438	
synthetic net lace	material	(unrolled)	self	self	unrolled	300132861	
synthetic pearl	material	(unrolled)	self	self	unrolled	300011827	
synthetic plain weave	material	(unrolled)	self	self	unrolled		
synthetic plain weave lining	material	(unrolled)	self	self	unrolled	300162124	
synthetic plain weave overlay	material	(unrolled)	self	self	unrolled		
synthetic plain weave supplementary weft-patterning	material	(unrolled)	self	self	unrolled		
synthetic plush	material	(unrolled)	self	self	unrolled	300227875	
synthetic resin	material	(unrolled)	self	self	unrolled	300378967	
synthetic satin	material	(unrolled)	self	self	unrolled	300132902	
synthetic thread	material	(unrolled)	self	self	unrolled	300014250	
synthetic tulle	material	(unrolled)	self	self	unrolled	300256611	
synthetic twill	material	(unrolled)	self	self	unrolled	300227915	
synthetic velvet	material	(unrolled)	self	self	unrolled	300133711	
synthetic velvet ribbon strap	material	(unrolled)	self	self	unrolled		
synthetic voile	material	(unrolled)	self	self	unrolled	300417858	
synthetic yarn	material	(unrolled)	self	self	unrolled	300014252	
synthetic yarn velvet	material	(unrolled)	self	self	unrolled	300133711	
synthetic-wrapped silk thread plain weave	material	(unrolled)	self	self	unrolled		
synthetic? jersey	material	(unrolled)	self	self	unrolled	300417884	
tabby	material	(unrolled)	self	self	unrolled	300010423	
table	material	(unrolled)	self	self	unrolled		
taffeta lining	material	(unrolled)	self	self	unrolled	300162124	
taffeta logo lining	material	(unrolled)	self	self	unrolled	300162124	
taffeta ribbon	material	(unrolled)	self	self	unrolled	300014668	
tail piece	material	(unrolled)	self	self	unrolled		
takula powder	material	(unrolled)	self	self	unrolled	300014647	
tambour combination lace	material	(unrolled)	self	self	unrolled	300132861	
tambour embroidered net	material	(unrolled)	self	self	unrolled	300249438	
tambour lace	material	(unrolled)	self	self	unrolled	300132861	
tan calfskin	material	(unrolled)	self	self	unrolled		
tan cotton twill	material	(unrolled)	self	self	unrolled	300227915	
tan crayon	material	(unrolled)	self	self	unrolled		
tan leather spine	material	(unrolled)	self	self	unrolled		
tan linen	material	(unrolled)	self	self	unrolled	300014069	
tan wash.	material	(unrolled)	self	self	unrolled		
tan wool/mohair	material	(unrolled)	self	self	unrolled		
tanned leather strip	material	(unrolled)	self	self	unrolled		
tapa	material	(unrolled)	self	self	unrolled	300072237	
tape	material	(unrolled)	self	self	unrolled	300014685	
tape collage	material	(unrolled)	self	self	unrolled	300138699	
tape damage.	material	(unrolled)	self	self	unrolled		
tape guipure bobbin lace	material	(unrolled)	self	self	unrolled	300132861	
tape guipure lace	material	(unrolled)	self	self	unrolled	300132861	
tape lace	material	(unrolled)	self	self	unrolled	300312139	
tape lace bobbin	material	(unrolled)	self	self	unrolled		
tape lace trim	material	(unrolled)	self	self	unrolled		
taped to mylar	material	(unrolled)	self	self	unrolled	300014480	
tapelace bobbin	material	(unrolled)	self	self	unrolled		
tar	material	(unrolled)	self	self	unrolled	300012991	
tarot card	material	(unrolled)	self	self	unrolled		
tassels skirt: silk chiffon	material	(unrolled)	self	self	unrolled	300249449	
tatting	material	(unrolled)	self	self	unrolled	300053641	
taupe	material	(unrolled)	self	self	unrolled	300266275	
taupe chiffon	material	(unrolled)	self	self	unrolled	300249449	
teal lining	material	(unrolled)	self	self	unrolled	300162124	
teal wool gabardine	material	(unrolled)	self	self	unrolled	300403912	
teeth	material	(unrolled)	self	self	unrolled	300400467	
teeth - dog	material	(unrolled)	self	self	unrolled		
telephone wire	material	(unrolled)	self	self	unrolled	300011063	
tempera pigment	material	(unrolled)	self	self	unrolled		
terra cotta	material	(unrolled)	self	self	unrolled		
terra sigillata	material	(unrolled)	self	self	unrolled	300107376	
terracota	material	(unrolled)	self	self	unrolled		
terracotta clay	material	(unrolled)	self	self	unrolled	300010439	
terracotta ground by ernst	material	(unrolled)	self	self	unrolled		
terracotta mounted	material	(unrolled)	self	self	unrolled		
terracottta	material	(unrolled)	self	self	unrolled		
tessellated helmet shell	material	(unrolled)	self	self	unrolled	300011829	
testors enamel	material	(unrolled)	self	self	unrolled	300014910	
textile	material	(unrolled)	self	self	unrolled		
textile - hessian	material	(unrolled)	self	self	unrolled	300386140	
textile costume	material	(unrolled)	self	self	unrolled	300178802	
thick cream laid flecked	material	(unrolled)	self	self	unrolled		
thick encrusted pigment	material	(unrolled)	self	self	unrolled		
thimble	material	(unrolled)	self	self	unrolled		
thin	material	(unrolled)	self	self	unrolled	300379389	
thin oil	material	(unrolled)	self	self	unrolled	300014254	
thin silver wash	material	(unrolled)	self	self	unrolled	300011051	
thinned oil paint additions by the artist	material	(unrolled)	self	self	unrolled		
three-color complementary warp weave	material	(unrolled)	self	self	unrolled		
tied nylon wrapped wire	material	(unrolled)	self	self	unrolled	300011063	
tight diagonal weave	material	(unrolled)	self	self	unrolled		
tin - glazed earthenware	material	(unrolled)	self	self	unrolled	300140803	
tin enamelled earthenware	material	(unrolled)	self	self	unrolled	300140803	
tin glazed earthenware	material	(unrolled)	self	self	unrolled	300140803	
tin-enamelled earthenware	material	(unrolled)	self	self	unrolled	300140803	
tinsel	material	(unrolled)	self	self	unrolled	300183933	
tint block	material	(unrolled)	self	self	unrolled		
tinted plaster	material	(unrolled)	self	self	unrolled	300014922	
tiny paper bound book	material	(unrolled)	self	self	unrolled		
tissue	material	(unrolled)	self	self	unrolled		
title card	material	(unrolled)	self	self	unrolled		
title in red	material	(unrolled)	self	self	unrolled	300126225	
title panel pasted to the spine	material	(unrolled)	self	self	unrolled		
tobacco twist	material	(unrolled)	self	self	unrolled		
tone	material	(unrolled)	self	self	unrolled	300056173	
tooled leather seat	material	(unrolled)	self	self	unrolled		
tooth	material	(unrolled)	self	self	unrolled	300011855	
tortoise	material	(unrolled)	self	self	unrolled		
tortoise or celluloid	material	(unrolled)	self	self	unrolled	300014447	
tortoise or celluloid shell	material	(unrolled)	self	self	unrolled	300011829	
tortoise shell frame	material	(unrolled)	self	self	unrolled		
tortoise shell?	material	(unrolled)	self	self	unrolled		
tortoiseshell	material	(unrolled)	self	self	unrolled		
tortoiseshell ring	material	(unrolled)	self	self	unrolled		
tortoiseshell stick	material	(unrolled)	self	self	unrolled		
trace	material	(unrolled)	self	self	unrolled		
traces ofpaint	material	(unrolled)	self	self	unrolled		
tracing paper in graphite	material	(unrolled)	self	self	unrolled	300011098	
tracing paper in pencil	material	(unrolled)	self	self	unrolled	300410335	
tracing pencil	material	(unrolled)	self	self	unrolled	300410335	
trade cloth	material	(unrolled)	self	self	unrolled	300162391	
trade glass ring	material	(unrolled)	self	self	unrolled		
tradecloth	material	(unrolled)	self	self	unrolled		
trailed thread	material	(unrolled)	self	self	unrolled	300014250	
trailed thread decoration	material	(unrolled)	self	self	unrolled	300056257	
translucent yellow pvc plastic	material	(unrolled)	self	self	unrolled	300014570	
transparency film	material	(unrolled)	self	self	unrolled	300014637	
transparent brown gray	material	(unrolled)	self	self	unrolled		
transparent flat gray	material	(unrolled)	self	self	unrolled		
transparent gray	material	(unrolled)	self	self	unrolled		
transparent plexiglas	material	(unrolled)	self	self	unrolled	300014436	
transparent rubber	material	(unrolled)	self	self	unrolled	300012941	
transparent sheet	material	(unrolled)	self	self	unrolled		
tree resin	material	(unrolled)	self	self	unrolled	300012882	
triacetate	material	(unrolled)	self	self	unrolled		
tricetate	material	(unrolled)	self	self	unrolled		
tridacna	material	(unrolled)	self	self	unrolled		
trim–synthetic plain weave	material	(unrolled)	self	self	unrolled		
triple-cloth	material	(unrolled)	self	self	unrolled		
triptych	material	(unrolled)	self	self	unrolled		
trois crayons: black chalk	material	(unrolled)	self	self	unrolled	300011727	
trois crayons: red	material	(unrolled)	self	self	unrolled	300126225	
trois crayons: red under black heightened	material	(unrolled)	self	self	unrolled		
tubular weave	material	(unrolled)	self	self	unrolled		
tufting	material	(unrolled)	self	self	unrolled	300231157	
tukula	material	(unrolled)	self	self	unrolled	300262509	
tulip bead	material	(unrolled)	self	self	unrolled	300261776	
tulipwood veneer	material	(unrolled)	self	self	unrolled	300012855	
tulle lace	material	(unrolled)	self	self	unrolled	300132861	
tulle netting	material	(unrolled)	self	self	unrolled	300053637	
turban shell	material	(unrolled)	self	self	unrolled	300011829	
turkey bone	material	(unrolled)	self	self	unrolled	300011798	
turned walnut handle	material	(unrolled)	self	self	unrolled		
turpentine	material	(unrolled)	self	self	unrolled	300015288	
turpentine wash	material	(unrolled)	self	self	unrolled	300011051	
turquoise crackle glaze	material	(unrolled)	self	self	unrolled	300015091	
turquoise glaze	material	(unrolled)	self	self	unrolled	300015091	
turquoise lettering	material	(unrolled)	self	self	unrolled	300053342	
turquoise overglaze	material	(unrolled)	self	self	unrolled	300252619	
turquoise silk satin	material	(unrolled)	self	self	unrolled	300132902	
turquoise wooden bead	material	(unrolled)	self	self	unrolled	300261776	
turtle	material	(unrolled)	self	self	unrolled		
turtle bone	material	(unrolled)	self	self	unrolled	300011798	
turtle bone blade	material	(unrolled)	self	self	unrolled		
tusche	material	(unrolled)	self	self	unrolled	300139518	
tusk	material	(unrolled)	self	self	unrolled	300011856	
tuxedo jacket: wool twill weave	material	(unrolled)	self	self	unrolled		
tweed	material	(unrolled)	self	self	unrolled	300132867	
twenty-eight glazed earthenware pebble	material	(unrolled)	self	self	unrolled	300011691	
twig	material	(unrolled)	self	self	unrolled		
twill	material	(unrolled)	self	self	unrolled	300227915	
twill complex weave	material	(unrolled)	self	self	unrolled		
twill piping	material	(unrolled)	self	self	unrolled	300052572	
twill plaiting	material	(unrolled)	self	self	unrolled		
twill tape	material	(unrolled)	self	self	unrolled	300431722	
twill trim	material	(unrolled)	self	self	unrolled		
twill weave	material	(unrolled)	self	self	unrolled		
twill-weave	material	(unrolled)	self	self	unrolled		
twine?	material	(unrolled)	self	self	unrolled		
twined fiber	material	(unrolled)	self	self	unrolled		
twined fringe	material	(unrolled)	self	self	unrolled	300227830	
twinrocker mill	material	(unrolled)	self	self	unrolled		
twisted fringe	material	(unrolled)	self	self	unrolled	300227830	
two-third	material	(unrolled)	self	self	unrolled		
tye-dye	material	(unrolled)	self	self	unrolled		
type in red ink. handset in jessenschrift	material	(unrolled)	self	self	unrolled		
typed manuscript page	material	(unrolled)	self	self	unrolled		
ultrachrome	material	(unrolled)	self	self	unrolled		
ultramarine pigment	material	(unrolled)	self	self	unrolled		
ultrasuede	material	(unrolled)	self	self	unrolled		
umber	material	(unrolled)	self	self	unrolled	300013402	
unbound in parchment wrappers reinforced	material	(unrolled)	self	self	unrolled		
uncounted color wood engraved bandeau	material	(unrolled)	self	self	unrolled		
uncounted decorative page	material	(unrolled)	self	self	unrolled		
uncut cisele velvet	material	(unrolled)	self	self	unrolled	300133711	
uncut pile velvet	material	(unrolled)	self	self	unrolled	300133711	
uncut velvet	material	(unrolled)	self	self	unrolled	300227918	
uncut voided velvet	material	(unrolled)	self	self	unrolled	300133711	
under pen	material	(unrolled)	self	self	unrolled		
underglaze blue	material	(unrolled)	self	self	unrolled	300129361	
underglaze blue decoration	material	(unrolled)	self	self	unrolled	300056257	
underglaze cobalt decoration	material	(unrolled)	self	self	unrolled	300056257	
underglaze enamel	material	(unrolled)	self	self	unrolled	300014910	
underglaze painting	material	(unrolled)	self	self	unrolled	300054216	
underglaze polychrome decoration	material	(unrolled)	self	self	unrolled	300056257	
underglazed blue border	material	(unrolled)	self	self	unrolled		
underglazed powder blue ground	material	(unrolled)	self	self	unrolled	300015297	
unfired clay	material	(unrolled)	self	self	unrolled	300404797	
unframed movie	material	(unrolled)	self	self	unrolled		
unglazed	material	(unrolled)	self	self	unrolled		
unglazed earthenware	material	(unrolled)	self	self	unrolled	300140803	
unique inking	material	(unrolled)	self	self	unrolled		
uniquely painted	material	(unrolled)	self	self	unrolled		
unopened page	material	(unrolled)	self	self	unrolled		
unopened pages.	material	(unrolled)	self	self	unrolled		
unpainted	material	(unrolled)	self	self	unrolled		
urethane	material	(unrolled)	self	self	unrolled		
urethane foam	material	(unrolled)	self	self	unrolled	300014639	
uv acrylic	material	(unrolled)	self	self	unrolled	300014426	
uv cured acrylic	material	(unrolled)	self	self	unrolled	300014426	
uv protected 3-stage catalyzed urethane automotive finish	material	(unrolled)	self	self	unrolled	300155103	
v: graphite	material	(unrolled)	self	self	unrolled	300011098	
vacuum formed plastic	material	(unrolled)	self	self	unrolled	300014570	
valenciennes bobbin lace	material	(unrolled)	self	self	unrolled	300132861	
valenciennes lace border	material	(unrolled)	self	self	unrolled		
valenciennes or binche lace	material	(unrolled)	self	self	unrolled	300132861	
valenciennes type lace	material	(unrolled)	self	self	unrolled	300132861	
vanity mirror	material	(unrolled)	self	self	unrolled	300037690	
vari-coloured gold set	material	(unrolled)	self	self	unrolled		
varigated book cloth	material	(unrolled)	self	self	unrolled	300162391	
various lace	material	(unrolled)	self	self	unrolled	300132861	
various media	material	(unrolled)	self	self	unrolled	300163343	
various other bird feathers - red	material	(unrolled)	self	self	unrolled	300126225	
varnish	material	(unrolled)	self	self	unrolled	300014974	
varnish.	material	(unrolled)	self	self	unrolled		
varnished bone	material	(unrolled)	self	self	unrolled	300011798	
varnished wood dowel	material	(unrolled)	self	self	unrolled		
varnished wooden bead	material	(unrolled)	self	self	unrolled	300261776	
vegetable basketry	material	(unrolled)	self	self	unrolled	300404578	
vegetable fiber	material	(unrolled)	self	self	unrolled		
vegetable material	material	(unrolled)	self	self	unrolled		
vegetable pigment	material	(unrolled)	self	self	unrolled		
vegetable tuber shaft	material	(unrolled)	self	self	unrolled		
vegetal dye	material	(unrolled)	self	self	unrolled	300013029	
vegetal fiber	material	(unrolled)	self	self	unrolled		
vegetale dye	material	(unrolled)	self	self	unrolled	300013029	
veiling	material	(unrolled)	self	self	unrolled		
velin de lana	material	(unrolled)	self	self	unrolled		
vellum binding	material	(unrolled)	self	self	unrolled	300421867	
vellum book	material	(unrolled)	self	self	unrolled		
vellum bound book	material	(unrolled)	self	self	unrolled		
vellum leave	material	(unrolled)	self	self	unrolled		
velvet border	material	(unrolled)	self	self	unrolled		
velvet brocade	material	(unrolled)	self	self	unrolled	300227779	
velvet brocade upholstery	material	(unrolled)	self	self	unrolled	300204905	
velvet chiffon	material	(unrolled)	self	self	unrolled	300249449	
velvet cushion	material	(unrolled)	self	self	unrolled		
velvet grape	material	(unrolled)	self	self	unrolled	300379338	
velvet lining	material	(unrolled)	self	self	unrolled	300162124	
velvet object	material	(unrolled)	self	self	unrolled		
velvet passementerie	material	(unrolled)	self	self	unrolled	300232151	
velvet ribbon	material	(unrolled)	self	self	unrolled	300014668	
velvet trim	material	(unrolled)	self	self	unrolled		
velvet upholstery	material	(unrolled)	self	self	unrolled	300204905	
velvet-stripe brocade	material	(unrolled)	self	self	unrolled	300227779	
velvet.	material	(unrolled)	self	self	unrolled		
velvet?	material	(unrolled)	self	self	unrolled		
velveteen	material	(unrolled)	self	self	unrolled	300227925	
velveteen ribbon	material	(unrolled)	self	self	unrolled	300014668	
veneer mokume	material	(unrolled)	self	self	unrolled	300233407	
veneered marble base	material	(unrolled)	self	self	unrolled	300237910	
venetian bead	material	(unrolled)	self	self	unrolled	300261776	
venetian bobbin lace	material	(unrolled)	self	self	unrolled	300132861	
venetian coraline point lace	material	(unrolled)	self	self	unrolled	300132861	
venetian gros point lace	material	(unrolled)	self	self	unrolled	300132861	
venetian pillow lace	material	(unrolled)	self	self	unrolled	300132861	
venetian point a reseau lace	material	(unrolled)	self	self	unrolled	300132861	
venetian point lace	material	(unrolled)	self	self	unrolled	300132861	
venetian punto in aria	material	(unrolled)	self	self	unrolled		
venetian rose point lace	material	(unrolled)	self	self	unrolled	300132861	
venetian tape guipure lace	material	(unrolled)	self	self	unrolled	300132861	
venetian trade bead	material	(unrolled)	self	self	unrolled	300261776	
verde antico marble top	material	(unrolled)	self	self	unrolled	300121968	
vermiculite	material	(unrolled)	self	self	unrolled	300011128	
vernis mou couleur/ velin	material	(unrolled)	self	self	unrolled		
vertebrae	material	(unrolled)	self	self	unrolled		
vertical oban woodblock diptych	material	(unrolled)	self	self	unrolled		
vertical open warp	material	(unrolled)	self	self	unrolled	300227930	
vertical wrapping	material	(unrolled)	self	self	unrolled	300234992	
verversov: graphite	material	(unrolled)	self	self	unrolled	300011098	
vesicular basalt	material	(unrolled)	self	self	unrolled	300011222	
vicuna	material	(unrolled)	self	self	unrolled		
vieux japon	material	(unrolled)	self	self	unrolled		
vignette	material	(unrolled)	self	self	unrolled		
villon	material	(unrolled)	self	self	unrolled		
vine	material	(unrolled)	self	self	unrolled		
vine motif	material	(unrolled)	self	self	unrolled		
vintage book page	material	(unrolled)	self	self	unrolled		
vinyl	material	(unrolled)	self	self	unrolled	300014502	
vinyl bead	material	(unrolled)	self	self	unrolled	300261776	
vinyl binder	material	(unrolled)	self	self	unrolled	300014720	
vinyl closure	material	(unrolled)	self	self	unrolled		
vinyl decal	material	(unrolled)	self	self	unrolled		
vinyl emulsion	material	(unrolled)	self	self	unrolled	300015003	
vinyl glove	material	(unrolled)	self	self	unrolled		
vinyl grid	material	(unrolled)	self	self	unrolled		
vinyl lettering	material	(unrolled)	self	self	unrolled	300053342	
vinyl sheet	material	(unrolled)	self	self	unrolled		
violet	material	(unrolled)	self	self	unrolled	300130602	
violet wash	material	(unrolled)	self	self	unrolled	300011051	
viscose	material	(unrolled)	self	self	unrolled		
viscose blend net	material	(unrolled)	self	self	unrolled	300249438	
viscose blend taffeta	material	(unrolled)	self	self	unrolled	300249434	
viscose rayon	material	(unrolled)	self	self	unrolled	300014059	
viscose tweed	material	(unrolled)	self	self	unrolled	300132867	
visible scotch tape	material	(unrolled)	self	self	unrolled	300014685	
vodka	material	(unrolled)	self	self	unrolled		
voided	material	(unrolled)	self	self	unrolled		
voided cut pile velvet	material	(unrolled)	self	self	unrolled	300133711	
voided silk velvet	material	(unrolled)	self	self	unrolled	300133711	
voided velvet	material	(unrolled)	self	self	unrolled	300227927	
volcanic rock	material	(unrolled)	self	self	unrolled	300011692	
volumes in plastic sleeve	material	(unrolled)	self	self	unrolled		
vrai droschel lace	material	(unrolled)	self	self	unrolled	300132861	
walnut frame	material	(unrolled)	self	self	unrolled		
walnut lined drawer	material	(unrolled)	self	self	unrolled		
walnut veneer	material	(unrolled)	self	self	unrolled	300012855	
walnut?	material	(unrolled)	self	self	unrolled		
walrus bone	material	(unrolled)	self	self	unrolled	300011798	
walrus bone?	material	(unrolled)	self	self	unrolled		
walrus intestine	material	(unrolled)	self	self	unrolled		
walrus stomach	material	(unrolled)	self	self	unrolled		
walrus tooth	material	(unrolled)	self	self	unrolled	300011855	
warp	material	(unrolled)	self	self	unrolled	300227930	
warp face plain weave	material	(unrolled)	self	self	unrolled		
warp float	material	(unrolled)	self	self	unrolled		
warp float weave	material	(unrolled)	self	self	unrolled		
warp ikat	material	(unrolled)	self	self	unrolled	300249861	
warp plain weave	material	(unrolled)	self	self	unrolled		
warp predominant plain-weave	material	(unrolled)	self	self	unrolled		
warp predominate plain weave	material	(unrolled)	self	self	unrolled		
warp substitution	material	(unrolled)	self	self	unrolled		
warp wrapping	material	(unrolled)	self	self	unrolled	300234992	
warp-	material	(unrolled)	self	self	unrolled		
warp-faced	material	(unrolled)	self	self	unrolled		
warp-faced double cloth	material	(unrolled)	self	self	unrolled	300162391	
warp-faced double weave	material	(unrolled)	self	self	unrolled		
warp-faced plain weave band	material	(unrolled)	self	self	unrolled		
warp-faced twill	material	(unrolled)	self	self	unrolled	300227915	
warp-faced twill weave	material	(unrolled)	self	self	unrolled		
warp-faced weave	material	(unrolled)	self	self	unrolled		
warp-float weave	material	(unrolled)	self	self	unrolled		
warp-predominant plain weave	material	(unrolled)	self	self	unrolled		
warp-predominate plain weave	material	(unrolled)	self	self	unrolled		
warp-predominnant plain weave	material	(unrolled)	self	self	unrolled		
wash by the artist	material	(unrolled)	self	self	unrolled		
wash heightened	material	(unrolled)	self	self	unrolled		
wash heightened by abrading	material	(unrolled)	self	self	unrolled		
wash v: graphite	material	(unrolled)	self	self	unrolled	300011098	
washe	material	(unrolled)	self	self	unrolled		
washed white chalk	material	(unrolled)	self	self	unrolled	300011727	
water	material	(unrolled)	self	self	unrolled	300011772	
water bottle	material	(unrolled)	self	self	unrolled		
water buffalo horn stick	material	(unrolled)	self	self	unrolled		
water color	material	(unrolled)	self	self	unrolled	300131647	
water pump	material	(unrolled)	self	self	unrolled		
water- based pigment	material	(unrolled)	self	self	unrolled		
water-based media	material	(unrolled)	self	self	unrolled	300163343	
watercolor addit by artist	material	(unrolled)	self	self	unrolled		
watercolor addition	material	(unrolled)	self	self	unrolled		
watercolor additions by artist	material	(unrolled)	self	self	unrolled		
watercolor additions by the artist	material	(unrolled)	self	self	unrolled		
watercolor additon	material	(unrolled)	self	self	unrolled		
watercolor board	material	(unrolled)	self	self	unrolled		
watercolor by the artist	material	(unrolled)	self	self	unrolled		
watercolor heightened	material	(unrolled)	self	self	unrolled		
watercolor illustration	material	(unrolled)	self	self	unrolled	300054200	
watercolor in galvanized metal frame	material	(unrolled)	self	self	unrolled		
watercolor lettering	material	(unrolled)	self	self	unrolled	300053342	
watercolor mounted	material	(unrolled)	self	self	unrolled		
watercolor splashes v: graphite	material	(unrolled)	self	self	unrolled	300011098	
watercolor under graphite	material	(unrolled)	self	self	unrolled	300011098	
watercolor varnished	material	(unrolled)	self	self	unrolled		
watercolor- pencil or pastel	material	(unrolled)	self	self	unrolled	300311039	
watercolor??	material	(unrolled)	self	self	unrolled		
watercolors. edition c	material	(unrolled)	self	self	unrolled		
watercvolor under graphite	material	(unrolled)	self	self	unrolled	300011098	
waterproof tan cotton duck	material	(unrolled)	self	self	unrolled	300132884	
waterstaining	material	(unrolled)	self	self	unrolled		
wax crayon	material	(unrolled)	self	self	unrolled		
wax flowers wedding train: silk lame	material	(unrolled)	self	self	unrolled		
wax hive	material	(unrolled)	self	self	unrolled		
wax impression?	material	(unrolled)	self	self	unrolled		
wax linen	material	(unrolled)	self	self	unrolled	300014069	
wax paper negative	material	(unrolled)	self	self	unrolled	300173497	
wax pastel	material	(unrolled)	self	self	unrolled	300311039	
wax pencil	material	(unrolled)	self	self	unrolled	300410335	
wax resisit dyeing	material	(unrolled)	self	self	unrolled	300053049	
wax resist	material	(unrolled)	self	self	unrolled	300015308	
wax stamp-resist dyeing	material	(unrolled)	self	self	unrolled	300053049	
waxed	material	(unrolled)	self	self	unrolled		
waxed linen	material	(unrolled)	self	self	unrolled	300014069	
waxed paper negative	material	(unrolled)	self	self	unrolled	300173497	
weave direction opposite design direction	material	(unrolled)	self	self	unrolled		
weave direction opposite that	material	(unrolled)	self	self	unrolled		
wedge weave	material	(unrolled)	self	self	unrolled	300438496	
wedge weave tapestry	material	(unrolled)	self	self	unrolled	300061981	
weft -faced plain -weave openwork	material	(unrolled)	self	self	unrolled	300253899	
weft face plain weave	material	(unrolled)	self	self	unrolled		
weft predominant plain weave	material	(unrolled)	self	self	unrolled		
weft predominate plain weave	material	(unrolled)	self	self	unrolled		
weft-face plain weave	material	(unrolled)	self	self	unrolled		
weft-faced damask weave	material	(unrolled)	self	self	unrolled		
weft-faced plaln weave	material	(unrolled)	self	self	unrolled		
weft-float weave	material	(unrolled)	self	self	unrolled		
weft-painting	material	(unrolled)	self	self	unrolled		
weft-plain weave	material	(unrolled)	self	self	unrolled		
weft-predominant plain weave	material	(unrolled)	self	self	unrolled		
weft-predominate plain weave	material	(unrolled)	self	self	unrolled		
wet red chalk	material	(unrolled)	self	self	unrolled	300011727	
whale bone	material	(unrolled)	self	self	unrolled	300417719	
whale tooth	material	(unrolled)	self	self	unrolled	300011855	
whalebone	material	(unrolled)	self	self	unrolled		
whatman watercolor board	material	(unrolled)	self	self	unrolled		
wheat	material	(unrolled)	self	self	unrolled		
wheel-cut facet	material	(unrolled)	self	self	unrolled		
which are unique handcolored painting	material	(unrolled)	self	self	unrolled	300054216	
which one has been hand-colored	material	(unrolled)	self	self	unrolled		
white acrylic	material	(unrolled)	self	self	unrolled	300014426	
white alloy metal zipper	material	(unrolled)	self	self	unrolled		
white arche	material	(unrolled)	self	self	unrolled		
white awn	material	(unrolled)	self	self	unrolled		
white batiste	material	(unrolled)	self	self	unrolled	300183634	
white bead	material	(unrolled)	self	self	unrolled	300261776	
white bfk rive	material	(unrolled)	self	self	unrolled		
white birdseye pique	material	(unrolled)	self	self	unrolled		
white body	material	(unrolled)	self	self	unrolled		
white cambric	material	(unrolled)	self	self	unrolled		
white chalk heightening	material	(unrolled)	self	self	unrolled	300053418	
white chalk highlight	material	(unrolled)	self	self	unrolled		
white chalk or white opaque watercolor	material	(unrolled)	self	self	unrolled		
white chalk wash	material	(unrolled)	self	self	unrolled	300011051	
white chiffon	material	(unrolled)	self	self	unrolled	300249449	
white clay pigment	material	(unrolled)	self	self	unrolled		
white cockatoo	material	(unrolled)	self	self	unrolled		
white color added by hand	material	(unrolled)	self	self	unrolled	300221683	
white coton	material	(unrolled)	self	self	unrolled		
white cotton batiste	material	(unrolled)	self	self	unrolled	300183634	
white cotton flannel	material	(unrolled)	self	self	unrolled	300132886	
white cotton lawn	material	(unrolled)	self	self	unrolled	300249444	
white cotton matelasse	material	(unrolled)	self	self	unrolled		
white cotton pique	material	(unrolled)	self	self	unrolled		
white cotton polyester men's shirting	material	(unrolled)	self	self	unrolled		
white cotton tape	material	(unrolled)	self	self	unrolled	300014685	
white cotton twill	material	(unrolled)	self	self	unrolled	300227915	
white cotton velvet pinstripe	material	(unrolled)	self	self	unrolled		
white crayon	material	(unrolled)	self	self	unrolled		
white embroidered linen	material	(unrolled)	self	self	unrolled	300014069	
white embroidered linen lawn	material	(unrolled)	self	self	unrolled	300249444	
white embroidered net	material	(unrolled)	self	self	unrolled	300249438	
white felt	material	(unrolled)	self	self	unrolled	300014107	
white fine linen	material	(unrolled)	self	self	unrolled	300014069	
white flannel	material	(unrolled)	self	self	unrolled	300132886	
white gesso	material	(unrolled)	self	self	unrolled	300014952	
white glass encased in clear glas	material	(unrolled)	self	self	unrolled		
white glazed ceramic pot	material	(unrolled)	self	self	unrolled		
white glove	material	(unrolled)	self	self	unrolled		
white gouache correction	material	(unrolled)	self	self	unrolled		
white gouache mixed	material	(unrolled)	self	self	unrolled		
white gouache now oxidized	material	(unrolled)	self	self	unrolled		
white gouache.	material	(unrolled)	self	self	unrolled		
white grid-patterned plastic cover in black cardboard slipcase	material	(unrolled)	self	self	unrolled		
white ground	material	(unrolled)	self	self	unrolled	300015297	
white herringbone twill	material	(unrolled)	self	self	unrolled	300227915	
white highlight	material	(unrolled)	self	self	unrolled		
white houndstooth plaid	material	(unrolled)	self	self	unrolled	300411863	
white illustration	material	(unrolled)	self	self	unrolled	300054200	
white inserted reproduction	material	(unrolled)	self	self	unrolled	300404313	
white kid	material	(unrolled)	self	self	unrolled		
white kid leather embroidered shoe	material	(unrolled)	self	self	unrolled		
white knitted wool lace	material	(unrolled)	self	self	unrolled	300132861	
white lace	material	(unrolled)	self	self	unrolled	300132861	
white lettering	material	(unrolled)	self	self	unrolled	300053342	
white lime	material	(unrolled)	self	self	unrolled	300311385	
white lime pigment	material	(unrolled)	self	self	unrolled		
white limestone	material	(unrolled)	self	self	unrolled	300444398	
white linen collar	material	(unrolled)	self	self	unrolled		
white linen-covered board	material	(unrolled)	self	self	unrolled		
white marble slab inlaid	material	(unrolled)	self	self	unrolled		
white metal alloy buckle	material	(unrolled)	self	self	unrolled		
white metal alloy chain	material	(unrolled)	self	self	unrolled		
white metal alloy-wrapped thread	material	(unrolled)	self	self	unrolled	300014250	
white metal alloys sequin	material	(unrolled)	self	self	unrolled		
white mica background	material	(unrolled)	self	self	unrolled	300056369	
white mica ground	material	(unrolled)	self	self	unrolled	300015297	
white moire	material	(unrolled)	self	self	unrolled	300400593	
white morocco leather detailing	material	(unrolled)	self	self	unrolled		
white net	material	(unrolled)	self	self	unrolled	300249438	
white oil	material	(unrolled)	self	self	unrolled	300014254	
white oil paint additions by the artist	material	(unrolled)	self	self	unrolled		
white opaque watercolor heightening	material	(unrolled)	self	self	unrolled	300053418	
white organza	material	(unrolled)	self	self	unrolled	300310123	
white otton	material	(unrolled)	self	self	unrolled		
white pastel	material	(unrolled)	self	self	unrolled	300311039	
white pencil	material	(unrolled)	self	self	unrolled	300410335	
white pierced shell button	material	(unrolled)	self	self	unrolled		
white pigment	material	(unrolled)	self	self	unrolled	300013723	
white pique	material	(unrolled)	self	self	unrolled		
white polyester	material	(unrolled)	self	self	unrolled	300014546	
white polyester charmeuse	material	(unrolled)	self	self	unrolled	300417872	
white rep cotton pique	material	(unrolled)	self	self	unrolled		
white reproduction	material	(unrolled)	self	self	unrolled	300404313	
white reproductions in text	material	(unrolled)	self	self	unrolled	300250810	
white rives bfk	material	(unrolled)	self	self	unrolled		
white rose	material	(unrolled)	self	self	unrolled	300266244	
white satin	material	(unrolled)	self	self	unrolled	300132902	
white satin brocade	material	(unrolled)	self	self	unrolled	300227779	
white satin shoe	material	(unrolled)	self	self	unrolled		
white shantung	material	(unrolled)	self	self	unrolled		
white silk brocade	material	(unrolled)	self	self	unrolled	300227779	
white silk chiffon	material	(unrolled)	self	self	unrolled	300249449	
white silk lining	material	(unrolled)	self	self	unrolled	300162124	
white silk organza	material	(unrolled)	self	self	unrolled	300310123	
white silk satin	material	(unrolled)	self	self	unrolled	300132902	
white silk satin-striped organza	material	(unrolled)	self	self	unrolled	300310123	
white silk velvet embroidered	material	(unrolled)	self	self	unrolled		
white silkscreen detail	material	(unrolled)	self	self	unrolled		
white striped	material	(unrolled)	self	self	unrolled		
white striped silk surah	material	(unrolled)	self	self	unrolled		
white tape	material	(unrolled)	self	self	unrolled	300014685	
white valenciennes lace	material	(unrolled)	self	self	unrolled	300132861	
white watercolor	material	(unrolled)	self	self	unrolled		
white watercolor highlighting by the artist	material	(unrolled)	self	self	unrolled		
white wool flannel	material	(unrolled)	self	self	unrolled	300132886	
white wool jersey	material	(unrolled)	self	self	unrolled	300417884	
white wool knit	material	(unrolled)	self	self	unrolled		
white wool plaid	material	(unrolled)	self	self	unrolled	300411863	
white wool twill	material	(unrolled)	self	self	unrolled	300227915	
white wool/silk blend	material	(unrolled)	self	self	unrolled		
white-out	material	(unrolled)	self	self	unrolled		
whitework embroidered lawn	material	(unrolled)	self	self	unrolled	300249444	
wicker	material	(unrolled)	self	self	unrolled	300014690	
wickerwork chain	material	(unrolled)	self	self	unrolled		
wide band	material	(unrolled)	self	self	unrolled		
wide black suede leather belt	material	(unrolled)	self	self	unrolled		
wild gras	material	(unrolled)	self	self	unrolled		
wild grass fiber	material	(unrolled)	self	self	unrolled		
wild grasse	material	(unrolled)	self	self	unrolled		
wild-cotton canva	material	(unrolled)	self	self	unrolled		
willow slat	material	(unrolled)	self	self	unrolled		
willow stick	material	(unrolled)	self	self	unrolled		
wine satin	material	(unrolled)	self	self	unrolled	300132902	
wine velvet	material	(unrolled)	self	self	unrolled	300133711	
wire clothes hanger	material	(unrolled)	self	self	unrolled		
wire edging	material	(unrolled)	self	self	unrolled		
with gold thread	material	(unrolled)	self	self	unrolled	300014250	
with supplementary synthetic metal foil patterning	material	(unrolled)	self	self	unrolled	300248891	
with tinsel	material	(unrolled)	self	self	unrolled	300183933	
with watercolor by the artist	material	(unrolled)	self	self	unrolled		
woman's weave	material	(unrolled)	self	self	unrolled		
wood & metal frame	material	(unrolled)	self	self	unrolled		
wood - kwila	material	(unrolled)	self	self	unrolled		
wood - light weight	material	(unrolled)	self	self	unrolled	300056240	
wood abd glass bead	material	(unrolled)	self	self	unrolled	300261776	
wood base	material	(unrolled)	self	self	unrolled	300237910	
wood base containing seven artist object	material	(unrolled)	self	self	unrolled		
wood bead	material	(unrolled)	self	self	unrolled	300261776	
wood block oban triptych	material	(unrolled)	self	self	unrolled		
wood blocks.	material	(unrolled)	self	self	unrolled		
wood box	material	(unrolled)	self	self	unrolled		
wood cabinet	material	(unrolled)	self	self	unrolled		
wood collage	material	(unrolled)	self	self	unrolled	300138699	
wood covered	material	(unrolled)	self	self	unrolled		
wood crosspiece	material	(unrolled)	self	self	unrolled		
wood cut	material	(unrolled)	self	self	unrolled		
wood easel	material	(unrolled)	self	self	unrolled		
wood encrusted patina	material	(unrolled)	self	self	unrolled	300065245	
wood engrav ing	material	(unrolled)	self	self	unrolled		
wood engraved frontispiece	material	(unrolled)	self	self	unrolled		
wood engraved illustration	material	(unrolled)	self	self	unrolled	300054200	
wood engraved portrait	material	(unrolled)	self	self	unrolled		
wood fiber	material	(unrolled)	self	self	unrolled		
wood frame	material	(unrolled)	self	self	unrolled		
wood gesso	material	(unrolled)	self	self	unrolled	300014952	
wood handle	material	(unrolled)	self	self	unrolled		
wood handle wrapped	material	(unrolled)	self	self	unrolled		
wood hat block	material	(unrolled)	self	self	unrolled		
wood heel	material	(unrolled)	self	self	unrolled		
wood hoop	material	(unrolled)	self	self	unrolled		
wood inlaid	material	(unrolled)	self	self	unrolled		
wood inlay	material	(unrolled)	self	self	unrolled	300386658	
wood lined	material	(unrolled)	self	self	unrolled		
wood mounted	material	(unrolled)	self	self	unrolled		
wood or bone	material	(unrolled)	self	self	unrolled	300011798	
wood panel later mounted	material	(unrolled)	self	self	unrolled		
wood panel later transferred to canva	material	(unrolled)	self	self	unrolled		
wood paneling	material	(unrolled)	self	self	unrolled		
wood pique stick	material	(unrolled)	self	self	unrolled		
wood pulp fiber	material	(unrolled)	self	self	unrolled		
wood ring	material	(unrolled)	self	self	unrolled		
wood roller at each end	material	(unrolled)	self	self	unrolled	300078763	
wood sheath	material	(unrolled)	self	self	unrolled		
wood shell fiber	material	(unrolled)	self	self	unrolled		
wood spool	material	(unrolled)	self	self	unrolled		
wood stand	material	(unrolled)	self	self	unrolled		
wood stick	material	(unrolled)	self	self	unrolled		
wood stretcher support	material	(unrolled)	self	self	unrolled		
wood tassel	material	(unrolled)	self	self	unrolled	300232185	
wood veneer	material	(unrolled)	self	self	unrolled	300419271	
wood-engraved illustration	material	(unrolled)	self	self	unrolled	300054200	
wood-engraved rignette	material	(unrolled)	self	self	unrolled		
wood-engraved vignette	material	(unrolled)	self	self	unrolled		
wood?	material	(unrolled)	self	self	unrolled		
woodblock	material	(unrolled)	self	self	unrolled		
woodblock oban triptych	material	(unrolled)	self	self	unrolled		
woodblock triptych	material	(unrolled)	self	self	unrolled		
woodbury type	material	(unrolled)	self	self	unrolled	300233629	
wooden base	material	(unrolled)	self	self	unrolled	300237910	
wooden bead	material	(unrolled)	self	self	unrolled	300261776	
wooden bead sautoir	material	(unrolled)	self	self	unrolled		
wooden board	material	(unrolled)	self	self	unrolled		
wooden box	material	(unrolled)	self	self	unrolled		
wooden button	material	(unrolled)	self	self	unrolled		
wooden frame	material	(unrolled)	self	self	unrolled		
wooden roundel	material	(unrolled)	self	self	unrolled		
wooden slat	material	(unrolled)	self	self	unrolled		
wooden socle	material	(unrolled)	self	self	unrolled		
wooden stretcher	material	(unrolled)	self	self	unrolled	300010583	
woodpecker	material	(unrolled)	self	self	unrolled		
wooduct	material	(unrolled)	self	self	unrolled		
wooduct from 3 block	material	(unrolled)	self	self	unrolled		
wool - commercial fabric	material	(unrolled)	self	self	unrolled		
wool ?	material	(unrolled)	self	self	unrolled		
wool asymmetric knot	material	(unrolled)	self	self	unrolled		
wool battening?	material	(unrolled)	self	self	unrolled		
wool blend	material	(unrolled)	self	self	unrolled		
wool blend plain weave belt: synthetic grosgrain ribbon belt	material	(unrolled)	self	self	unrolled		
wool blend satin weave	material	(unrolled)	self	self	unrolled		
wool boucle	material	(unrolled)	self	self	unrolled		
wool braid trim	material	(unrolled)	self	self	unrolled		
wool braid trim stole: wool houndstooth	material	(unrolled)	self	self	unrolled	300266442	
wool broadcloth	material	(unrolled)	self	self	unrolled	300411398	
wool brocade	material	(unrolled)	self	self	unrolled	300227779	
wool cashmere knit	material	(unrolled)	self	self	unrolled		
wool challi	material	(unrolled)	self	self	unrolled		
wool cloth	material	(unrolled)	self	self	unrolled	300162391	
wool cord	material	(unrolled)	self	self	unrolled	300014247	
wool crepe	material	(unrolled)	self	self	unrolled	300183741	
wool crochet	material	(unrolled)	self	self	unrolled	300264038	
wool crêpe	material	(unrolled)	self	self	unrolled		
wool doubleknit	material	(unrolled)	self	self	unrolled		
wool fabric	material	(unrolled)	self	self	unrolled		
wool flannel	material	(unrolled)	self	self	unrolled	300132886	
wool flannel lining	material	(unrolled)	self	self	unrolled	300162124	
wool fringe	material	(unrolled)	self	self	unrolled	300227830	
wool gabardine	material	(unrolled)	self	self	unrolled	300403912	
wool gauze	material	(unrolled)	self	self	unrolled	300014083	
wool gros point	material	(unrolled)	self	self	unrolled		
wool hounds tooth	material	(unrolled)	self	self	unrolled	300011855	
wool houndstooth	material	(unrolled)	self	self	unrolled	300266442	
wool jersey	material	(unrolled)	self	self	unrolled	300417884	
wool knit	material	(unrolled)	self	self	unrolled		
wool lace	material	(unrolled)	self	self	unrolled	300132861	
wool melton	material	(unrolled)	self	self	unrolled		
wool needlepoint	material	(unrolled)	self	self	unrolled	300264031	
wool or acrylic upholstery	material	(unrolled)	self	self	unrolled	300204905	
wool or camelid	material	(unrolled)	self	self	unrolled		
wool or camelid fiber	material	(unrolled)	self	self	unrolled		
wool or goathair	material	(unrolled)	self	self	unrolled		
wool pile	material	(unrolled)	self	self	unrolled	300227868	
wool piping	material	(unrolled)	self	self	unrolled	300052572	
wool plain weave	material	(unrolled)	self	self	unrolled		
wool plain weave attached end	material	(unrolled)	self	self	unrolled	300078763	
wool plain weave end	material	(unrolled)	self	self	unrolled	300078763	
wool plain weave lining	material	(unrolled)	self	self	unrolled	300162124	
wool satin	material	(unrolled)	self	self	unrolled	300132902	
wool serge	material	(unrolled)	self	self	unrolled	300249437	
wool tapestry	material	(unrolled)	self	self	unrolled	300061981	
wool thread	material	(unrolled)	self	self	unrolled	300014250	
wool trade cloth	material	(unrolled)	self	self	unrolled	300162391	
wool tweed	material	(unrolled)	self	self	unrolled	300132867	
wool tweed skirt	material	(unrolled)	self	self	unrolled		
wool twill	material	(unrolled)	self	self	unrolled	300227915	
wool twill weave	material	(unrolled)	self	self	unrolled		
wool twill weave/herringbone weave	material	(unrolled)	self	self	unrolled		
wool warp	material	(unrolled)	self	self	unrolled	300227930	
wool warp knitting	material	(unrolled)	self	self	unrolled	300053634	
wool weft	material	(unrolled)	self	self	unrolled	300227934	
wool yarn	material	(unrolled)	self	self	unrolled	300014252	
wool yarn tassel	material	(unrolled)	self	self	unrolled	300232185	
wool/cotton blend	material	(unrolled)	self	self	unrolled		
wool/polyamide	material	(unrolled)	self	self	unrolled		
wool/silk	material	(unrolled)	self	self	unrolled		
wool: twill weave	material	(unrolled)	self	self	unrolled		
wool?	material	(unrolled)	self	self	unrolled		
woold	material	(unrolled)	self	self	unrolled		
wooxut	material	(unrolled)	self	self	unrolled		
worn by christine suppes wool gauze	material	(unrolled)	self	self	unrolled	300014083	
worsted	material	(unrolled)	self	self	unrolled	300227943	
wove fabric	material	(unrolled)	self	self	unrolled		
wove paper v: graphite	material	(unrolled)	self	self	unrolled	300011098	
wove paperv: graphite	material	(unrolled)	self	self	unrolled	300011098	
wove wrapper	material	(unrolled)	self	self	unrolled		
woven acrylic	material	(unrolled)	self	self	unrolled	300014426	
woven aluminum bottle cap	material	(unrolled)	self	self	unrolled		
woven cane seat	material	(unrolled)	self	self	unrolled		
woven double cloth	material	(unrolled)	self	self	unrolled	300162391	
woven fiber	material	(unrolled)	self	self	unrolled		
woven fiber seat	material	(unrolled)	self	self	unrolled		
woven hemp string	material	(unrolled)	self	self	unrolled	300014249	
woven motif	material	(unrolled)	self	self	unrolled		
woven painted plastic bead	material	(unrolled)	self	self	unrolled	300261776	
woven palm fiber	material	(unrolled)	self	self	unrolled		
woven vegetable fiber	material	(unrolled)	self	self	unrolled		
wrap-around case	material	(unrolled)	self	self	unrolled		
wrapped cotton thread	material	(unrolled)	self	self	unrolled	300014250	
wrapped fringe	material	(unrolled)	self	self	unrolled	300227830	
wrapped supplementary warp thread	material	(unrolled)	self	self	unrolled	300014250	
wrapper	material	(unrolled)	self	self	unrolled		
wrapper in special package	material	(unrolled)	self	self	unrolled		
wrapping	material	(unrolled)	self	self	unrolled	300234992	
wrinkled color photograph	material	(unrolled)	self	self	unrolled		
writing	material	(unrolled)	self	self	unrolled	300054698	
wrought	material	(unrolled)	self	self	unrolled	300237887	
wrought iron handle	material	(unrolled)	self	self	unrolled		
xuan zhi	material	(unrolled)	self	self	unrolled		
yarn fiber	material	(unrolled)	self	self	unrolled		
yarn interlacing	material	(unrolled)	self	self	unrolled		
yellow background	material	(unrolled)	self	self	unrolled	300056369	
yellow border	material	(unrolled)	self	self	unrolled		
yellow chalk	material	(unrolled)	self	self	unrolled	300011727	
yellow cloth slipcase	material	(unrolled)	self	self	unrolled		
yellow color	material	(unrolled)	self	self	unrolled	300131647	
yellow ground	material	(unrolled)	self	self	unrolled	300015297	
yellow nail polish	material	(unrolled)	self	self	unrolled	300015167	
yellow oil crayon	material	(unrolled)	self	self	unrolled		
yellow onlay	material	(unrolled)	self	self	unrolled		
yellow organza	material	(unrolled)	self	self	unrolled	300310123	
yellow pastel	material	(unrolled)	self	self	unrolled	300311039	
yellow pencil	material	(unrolled)	self	self	unrolled	300410335	
yellow pencil addition	material	(unrolled)	self	self	unrolled		
yellow satin brocade	material	(unrolled)	self	self	unrolled	300227779	
yellow self-stick removeable note	material	(unrolled)	self	self	unrolled		
yellow silk chiffon	material	(unrolled)	self	self	unrolled	300249449	
yellow silk crepe de chine	material	(unrolled)	self	self	unrolled		
yellow silk gros de tour	material	(unrolled)	self	self	unrolled		
yellow silk organza	material	(unrolled)	self	self	unrolled	300310123	
yellow silk rep brocade	material	(unrolled)	self	self	unrolled	300227779	
yellow silk satin	material	(unrolled)	self	self	unrolled	300132902	
yellow taffeta	material	(unrolled)	self	self	unrolled	300249434	
yellow wool broadcloth	material	(unrolled)	self	self	unrolled	300411398	
yellow-gold	material	(unrolled)	self	self	unrolled		
yellow.	material	(unrolled)	self	self	unrolled		
ytrace	material	(unrolled)	self	self	unrolled		
zinc plates.	material	(unrolled)	self	self	unrolled		
zinc?	material	(unrolled)	self	self	unrolled		
zincograph	material	(unrolled)	self	self	unrolled		
zincograph in blue color	material	(unrolled)	self	self	unrolled	300131647	
zincograph in green color	material	(unrolled)	self	self	unrolled	300131647	
zincograph in red color	material	(unrolled)	self	self	unrolled	300131647	
zincograph in yellow	material	(unrolled)	self	self	unrolled	300127794	
zincograph in yellow color	material	(unrolled)	self	self	unrolled	300131647	
zipper	material	(unrolled)	self	self	unrolled		
zonc	material	(unrolled)	self	self	unrolled		
zone dyed weft faced plain weave	material	(unrolled)	self	self	unrolled		
zuan zhi	material	(unrolled)	self	self	unrolled		
green steatite	material	(unrolled)	self	self	unrolled		
alaska seal fur	material	animal material	aat-head-noun	aat	medium	300011811	
alligator skin	material	animal material	aat-head-noun	aat	medium	300011840	
alpaca hide	material	animal material	aat-head-noun	aat	medium	300011844	
angel skin coral egg	material	animal material	aat-head-noun	aat	medium	300011801	
angora	material	animal material	aat-full	aat	high	300386672	
animal blood	material	animal material	aat-head-noun	aat	medium	300011797	
animal fur	material	animal material	aat-head-noun	aat	medium	300011811	
animal hair	material	animal material	aat-head-noun	aat	medium	300011814	
animal hide	material	animal material	aat-head-noun	aat	medium	300011844	
animal horn	material	animal material	aat-head-noun	aat	medium	300011826	
animal skin	material	animal material	aat-head-noun	aat	medium	300011840	
antelope horn	material	animal material	aat-head-noun	aat	medium	300011826	
antelope skin	material	animal material	aat-head-noun	aat	medium	300011840	
applied feather	material	animal material	aat-head-noun	aat	medium	300011809	
architectural parchment	material	animal material	aat-head-noun	aat	medium	300011851	
baleen	material	animal material	aat-full	aat	high	300192974	
beaver fur	material	animal material	aat-head-noun	aat	medium	300011811	
bird feather	material	animal material	aat-head-noun	aat	medium	300011809	
bird quill	material	animal material	aat-head-noun	aat	medium	300011828	
black faux fur	material	animal material	aat-head-noun	aat	medium	300011811	
black monkey fur	material	animal material	aat-head-noun	aat	medium	300011811	
blood	material	animal material	aat-full	aat	high	300011797	
blue rabbit fur	material	animal material	aat-head-noun	aat	medium	300011811	
boar bristle	material	animal material	aat-head-noun	aat	medium	300011822	
boar's hair	material	animal material	aat-head-noun	aat	medium	300011814	
bristle	material	animal material	aat-full	aat	high	300011822	
brown pony fur	material	animal material	aat-head-noun	aat	medium	300011811	
buffalo hide	material	animal material	aat-head-noun	aat	medium	300011844	
buffalo horn	material	animal material	aat-head-noun	aat	medium	300011826	
burned vellum	material	animal material	aat-head-noun	aat	medium	300011852	
calf-skin or rabbit fur	material	animal material	aat-head-noun	aat	medium	300011811	
callao bird beak	material	animal material	aat-head-noun	aat	medium	300211742	
camaelid hair	material	animal material	aat-head-noun	aat	medium	300011814	
cameild hair	material	animal material	aat-head-noun	aat	medium	300011814	
camel hair	material	animal material	aat-full	aat	high	300011816	
camelid hair	material	animal material	aat-full	aat	high	300411647	
caribou fur	material	animal material	aat-head-noun	aat	medium	300011811	
caribou hair	material	animal material	aat-full	aat	high	300386401	
caribou hide	material	animal material	aat-head-noun	aat	medium	300011844	
caribou horn	material	animal material	aat-head-noun	aat	medium	300011826	
caribou skin	material	animal material	aat-head-noun	aat	medium	300011840	
cassowary feather	material	animal material	aat-head-noun	aat	medium	300011809	
chicken feather	material	animal material	aat-head-noun	aat	medium	300011809	
chinchilla fur	material	animal material	aat-head-noun	aat	medium	300011811	
coated polyester fleece	material	animal material	aat-head-noun	aat	medium	300192984	
cock feather	material	animal material	aat-head-noun	aat	medium	300011809	
cockatoo feather	material	animal material	aat-head-noun	aat	medium	300011809	
copper plate engraved sheepskin	material	animal material	aat-head-noun	aat	medium	300193374	
coq feather	material	animal material	aat-head-noun	aat	medium	300011809	
cormorant feather	material	animal material	aat-head-noun	aat	medium	300011809	
cotton fleece	material	animal material	aat-head-noun	aat	medium	300192984	
cotton or camelid hair	material	animal material	aat-head-noun	aat	medium	300011814	
covered in limp vellum	material	animal material	aat-head-noun	aat	medium	300011852	
cow horn	material	animal material	aat-head-noun	aat	medium	300011826	
cowhide	material	animal material	aat-full	aat	high	300265542	
coyote fur	material	animal material	aat-head-noun	aat	medium	300011811	
cucus fur	material	animal material	aat-head-noun	aat	medium	300011811	
cuscus fur	material	animal material	aat-head-noun	aat	medium	300011811	
dall sheep horn	material	animal material	aat-head-noun	aat	medium	300011826	
deer hoof	material	animal material	aat-head-noun	aat	medium	300211739	
deer sinew	material	animal material	aat-head-noun	aat	medium	300192952	
deer skin	material	animal material	aat-head-noun	aat	medium	300011840	
deerskin	material	animal material	aat-full	aat	high	300263565	
doeskin	material	animal material	aat-full	aat	high	300263568	
dog fur	material	animal material	aat-head-noun	aat	medium	300011811	
dog hair	material	animal material	aat-full	aat	high	300380361	
dog's hair	material	animal material	aat-head-noun	aat	medium	300011814	
duck feather	material	animal material	aat-head-noun	aat	medium	300011809	
dyed bird-of-paradise feather	material	animal material	aat-head-noun	aat	medium	300011809	
dyed dog hair	material	animal material	aat-head-noun	aat	medium	300011814	
dyed egret feather	material	animal material	aat-head-noun	aat	medium	300011809	
dyed feather	material	animal material	aat-head-noun	aat	medium	300011809	
dyed fox fur	material	animal material	aat-head-noun	aat	medium	300011811	
dyed musk ox fur	material	animal material	aat-head-noun	aat	medium	300011811	
dyed ostrich feather	material	animal material	aat-head-noun	aat	medium	300011809	
dyed other feather	material	animal material	aat-head-noun	aat	medium	300011809	
eagle feather	material	animal material	aat-head-noun	aat	medium	300011809	
egg	material	animal material	aat-full	aat	high	300011801	
egg white	material	animal material	aat-full	aat	high	300191730	
egret feather	material	animal material	aat-head-noun	aat	medium	300011809	
elephant hair	material	animal material	aat-head-noun	aat	medium	300011814	
elephant hide	material	animal material	aat-head-noun	aat	medium	300011844	
elk skin	material	animal material	aat-head-noun	aat	medium	300011840	
emu egg	material	animal material	aat-head-noun	aat	medium	300011801	
emu feather	material	animal material	aat-head-noun	aat	medium	300011809	
emu or rhea feather	material	animal material	aat-head-noun	aat	medium	300011809	
ermine fur	material	animal material	aat-head-noun	aat	medium	300011811	
ewe fur	material	animal material	aat-head-noun	aat	medium	300011811	
faux fur	material	animal material	aat-head-noun	aat	medium	300011811	
faux snake skin	material	animal material	aat-head-noun	aat	medium	300011840	
feather	material	animal material	aat-full	aat	high	300011809	
fish skin	material	animal material	aat-full	aat	high	300386402	
fisher fur	material	animal material	aat-head-noun	aat	medium	300011811	
fleece	material	animal material	aat-full	aat	high	300192984	
fox fur	material	animal material	aat-head-noun	aat	medium	300011811	
fur	material	animal material	aat-full	aat	high	300011811	
glass seed beads sewn to leather hide	material	animal material	aat-head-noun	aat	medium	300011844	
glitter calf hair	material	animal material	aat-head-noun	aat	medium	300011814	
goat hair	material	animal material	aat-full	aat	high	300011818	
goat skin	material	animal material	aat-head-noun	aat	medium	300011840	
goatskin	material	animal material	aat-full	aat	high	300255984	
green lizard skin	material	animal material	aat-head-noun	aat	medium	300011840	
guinea fowl feather	material	animal material	aat-head-noun	aat	medium	300011809	
guinea hen feather	material	animal material	aat-head-noun	aat	medium	300011809	
gut	material	animal material	aat-full	aat	high	300193289	
hair	material	animal material	aat-full	aat	high	300011814	
half parchment	material	animal material	aat-head-noun	aat	medium	300011851	
hand-applied black color in the hair	material	animal material	aat-head-noun	aat	medium	300011814	
heep's wool or camelid hair	material	animal material	aat-head-noun	aat	medium	300011814	
hen feather	material	animal material	aat-head-noun	aat	medium	300011809	
hide	material	animal material	aat-full	aat	high	300011844	
horese hair	material	animal material	aat-head-noun	aat	medium	300011814	
horn	material	animal material	aat-full	aat	high	300011826	
hornbill beak	material	animal material	aat-head-noun	aat	medium	300211742	
horse hair	material	animal material	aat-head-noun	aat	medium	300011814	
horsehair	material	animal material	aat-full	aat	high	300011819	
human hair	material	animal material	aat-full	aat	high	300011820	
hyena skin	material	animal material	aat-head-noun	aat	medium	300011840	
job's tear	material	animal material	aat-head-noun	aat	medium	300266454	
kashmir goat hair	material	animal material	aat-head-noun	aat	medium	300011814	
kidskin	material	animal material	aat-full	aat	high	300255987	
kingfisher feather	material	animal material	aat-head-noun	aat	medium	300011809	
lamb fur	material	animal material	aat-head-noun	aat	medium	300011811	
lamb skin	material	animal material	aat-head-noun	aat	medium	300011840	
leather - hide	material	animal material	aat-head-noun	aat	medium	300011844	
leopard skin	material	animal material	aat-head-noun	aat	medium	300011840	
lion skin	material	animal material	aat-head-noun	aat	medium	300011840	
lizard skin	material	animal material	aat-head-noun	aat	medium	300011840	
lynx pelt	material	animal material	aat-head-noun	aat	medium	300193371	
macaw feather	material	animal material	aat-head-noun	aat	medium	300011809	
mammal skin	material	animal material	aat-head-noun	aat	medium	300011840	
marabou	material	animal material	aat-full	aat	high	300419426	
marabou feather	material	animal material	aat-head-noun	aat	medium	300011809	
mink fur	material	animal material	aat-head-noun	aat	medium	300011811	
monitor lizard skin	material	animal material	aat-head-noun	aat	medium	300011840	
monkey fur	material	animal material	aat-head-noun	aat	medium	300011811	
monkey skin	material	animal material	aat-head-noun	aat	medium	300011840	
mountain goat horn	material	animal material	aat-head-noun	aat	medium	300011826	
musk ox horn	material	animal material	aat-head-noun	aat	medium	300011826	
natural bristle	material	animal material	aat-head-noun	aat	medium	300011822	
nutria fur	material	animal material	aat-head-noun	aat	medium	300011811	
nylon horsehair	material	animal material	aat-head-noun	aat	medium	300011819	
or other skin	material	animal material	aat-head-noun	aat	medium	300011840	
orange rabbit fur pelt	material	animal material	aat-head-noun	aat	medium	300193371	
organic bristle	material	animal material	aat-head-noun	aat	medium	300011822	
ostrich feather	material	animal material	aat-head-noun	aat	medium	300011809	
other feather	material	animal material	aat-head-noun	aat	medium	300011809	
ox hide	material	animal material	aat-head-noun	aat	medium	300011844	
painted animal hide	material	animal material	aat-head-noun	aat	medium	300011844	
painted deer hide	material	animal material	aat-head-noun	aat	medium	300011844	
panther pelt	material	animal material	aat-head-noun	aat	medium	300193371	
paper or vellum	material	animal material	aat-head-noun	aat	medium	300011852	
paradise feather	material	animal material	aat-head-noun	aat	medium	300011809	
parakeet feather	material	animal material	aat-head-noun	aat	medium	300011809	
parchment	material	animal material	aat-full	aat	high	300011851	
parrot feather	material	animal material	aat-head-noun	aat	medium	300011809	
peacock feather	material	animal material	aat-head-noun	aat	medium	300011809	
pelt	material	animal material	aat-full	aat	high	300193371	
pheasant feather	material	animal material	aat-head-noun	aat	medium	300011809	
pheaseant feather	material	animal material	aat-head-noun	aat	medium	300011809	
plastic vellum	material	animal material	aat-head-noun	aat	medium	300011852	
polar bear skin	material	animal material	aat-head-noun	aat	medium	300011840	
polyamide horsehair	material	animal material	aat-head-noun	aat	medium	300011819	
porcupine quill	material	animal material	aat-head-noun	aat	medium	300011828	
possibly goat hair	material	animal material	aat-head-noun	aat	medium	300011814	
protective boards quarter bound in parchment	material	animal material	aat-head-noun	aat	medium	300011851	
publisher's vellum	material	animal material	aat-head-noun	aat	medium	300011852	
quarter parchment	material	animal material	aat-head-noun	aat	medium	300011851	
quill	material	animal material	aat-full	aat	high	300011828	
rabbit fur	material	animal material	aat-head-noun	aat	medium	300011811	
rabbit or viscacha fur	material	animal material	aat-head-noun	aat	medium	300011811	
rag vellum	material	animal material	aat-head-noun	aat	medium	300011852	
rawhide	material	animal material	aat-full	aat	high	300193293	
rayon faux fur	material	animal material	aat-head-noun	aat	medium	300011811	
red guinea feather	material	animal material	aat-head-noun	aat	medium	300011809	
reindeer horn	material	animal material	aat-head-noun	aat	medium	300011826	
reindeer skin	material	animal material	aat-head-noun	aat	medium	300011840	
reptile skin	material	animal material	aat-head-noun	aat	medium	300011840	
rives vellum	material	animal material	aat-head-noun	aat	medium	300011852	
rooster feather	material	animal material	aat-head-noun	aat	medium	300011809	
sable fur	material	animal material	aat-head-noun	aat	medium	300011811	
salmon skin	material	animal material	aat-head-noun	aat	medium	300011840	
sea lion whisker	material	animal material	aat-head-noun	aat	medium	300011823	
sea mammal fur	material	animal material	aat-head-noun	aat	medium	300011811	
sea mammal sinew	material	animal material	aat-head-noun	aat	medium	300192952	
sea mammal skin	material	animal material	aat-head-noun	aat	medium	300011840	
sea otter fur	material	animal material	aat-head-noun	aat	medium	300011811	
seal fur	material	animal material	aat-head-noun	aat	medium	300011811	
seal gut	material	animal material	aat-head-noun	aat	medium	300193289	
seal intestine or skin	material	animal material	aat-head-noun	aat	medium	300011840	
seal skin	material	animal material	aat-head-noun	aat	medium	300011840	
seal whisker	material	animal material	aat-head-noun	aat	medium	300011823	
sealskin	material	animal material	aat-full	aat	high	300249785	
shark skin	material	animal material	aat-head-noun	aat	medium	300011840	
sheep' wool or camelid hair	material	animal material	aat-head-noun	aat	medium	300011814	
sheep's wool or cameid hair	material	animal material	aat-head-noun	aat	medium	300011814	
sheep's wool or cameild hair	material	animal material	aat-head-noun	aat	medium	300011814	
sheep's wool or camelid hair	material	animal material	aat-head-noun	aat	medium	300011814	
shep's wool or camelid hair	material	animal material	aat-head-noun	aat	medium	300011814	
simulated lizard skin	material	animal material	aat-head-noun	aat	medium	300011840	
sinew	material	animal material	aat-full	aat	high	300192952	
snake skin	material	animal material	aat-head-noun	aat	medium	300011840	
springbok horn	material	animal material	aat-head-noun	aat	medium	300011826	
stag horn	material	animal material	aat-head-noun	aat	medium	300011826	
stag's horn	material	animal material	aat-head-noun	aat	medium	300011826	
stripped ostrich feather	material	animal material	aat-head-noun	aat	medium	300011809	
swan's down feather	material	animal material	aat-head-noun	aat	medium	300011809	
synthetic horsehair	material	animal material	aat-head-noun	aat	medium	300011819	
teal fox fur	material	animal material	aat-head-noun	aat	medium	300011811	
tortoise shell	material	animal material	aat-full	aat	high	300011837	
transparent vellum	material	animal material	aat-full	aat	high	300263582	
turkey feather	material	animal material	aat-head-noun	aat	medium	300011809	
turtle shell	material	animal material	aat-full	aat	high	300417710	
undyed animal skin	material	animal material	aat-head-noun	aat	medium	300011840	
various other bird feather	material	animal material	aat-head-noun	aat	medium	300011809	
veal skin	material	animal material	aat-head-noun	aat	medium	300011840	
vellum	material	animal material	aat-full	aat	high	300011852	
walrus hide	material	animal material	aat-head-noun	aat	medium	300011844	
walrus skin	material	animal material	aat-head-noun	aat	medium	300011840	
walrus whisker	material	animal material	aat-head-noun	aat	medium	300011823	
water buffalo horn	material	animal material	aat-head-noun	aat	medium	300011826	
whale baleen	material	animal material	aat-head-noun	aat	medium	300192974	
whale sinew	material	animal material	aat-head-noun	aat	medium	300192952	
whale skin	material	animal material	aat-head-noun	aat	medium	300011840	
whisker	material	animal material	aat-full	aat	high	300011823	
wolf hair	material	animal material	aat-head-noun	aat	medium	300011814	
wool embroidered camel hair	material	animal material	aat-head-noun	aat	medium	300011814	
wool or goat hair	material	animal material	aat-head-noun	aat	medium	300011814	
wool. possibly camel hair	material	animal material	aat-head-noun	aat	medium	300011814	
yak hair	material	animal material	aat-full	aat	high	300380355	
yellow dyed fox fur	material	animal material	aat-head-noun	aat	medium	300011811	
bone	material	bone	llm	llm	medium	300011798	
asian ceramic	material	ceramic	aat-head-noun	aat	medium	300235507	
biscuit	material	ceramic	aat-full	aat	high	300242297	
black ceramic	material	ceramic	aat-head-noun	aat	medium	300235507	
blue glazed ceramic	material	ceramic	aat-head-noun	aat	medium	300235507	
burnished black ceramic	material	ceramic	aat-head-noun	aat	medium	300235507	
ceramic	material	ceramic	aat-full	aat	high	300235507	
clay	material	ceramic	llm	llm	medium	300010439	
earthenware	material	ceramic	llm	llm	medium	300140803	
earthenware ceramic	material	ceramic	aat-head-noun	aat	medium	300235507	
enamel or ceramic	material	ceramic	aat-head-noun	aat	medium	300235507	
faience	material	ceramic	llm	llm	medium	300010668	
fired ceramic	material	ceramic	aat-head-noun	aat	medium	300235507	
glass or glazed ceramic	material	ceramic	aat-head-noun	aat	medium	300235507	
glazed ceramic	material	ceramic	aat-head-noun	aat	medium	300235507	
glazed earthenware	material	ceramic	llm	llm	medium	300140803	
hollow ceramic	material	ceramic	aat-head-noun	aat	medium	300235507	
incised ceramic	material	ceramic	aat-head-noun	aat	medium	300235507	
lowfire ceramic	material	ceramic	aat-head-noun	aat	medium	300235507	
matte glazed ceramic	material	ceramic	aat-head-noun	aat	medium	300235507	
mold made ceramic	material	ceramic	aat-head-noun	aat	medium	300235507	
moldmade ceramic	material	ceramic	aat-head-noun	aat	medium	300235507	
orangeware ceramic	material	ceramic	aat-head-noun	aat	medium	300235507	
painted ceramic	material	ceramic	aat-head-noun	aat	medium	300235507	
partially glazed ceramic	material	ceramic	aat-head-noun	aat	medium	300235507	
polychrome ceramic	material	ceramic	aat-head-noun	aat	medium	300235507	
red ceramic	material	ceramic	aat-head-noun	aat	medium	300235507	
salt-glazed ceramic	material	ceramic	aat-head-noun	aat	medium	300235507	
slip painted ceramic	material	ceramic	aat-head-noun	aat	medium	300235507	
terracotta	material	ceramic	llm	llm	medium	300010669	
tin-glazed earthenware	material	ceramic	llm	llm	medium	300140803	
white ceramic	material	ceramic	aat-head-noun	aat	medium	300235507	
white glazed ceramic	material	ceramic	aat-head-noun	aat	medium	300235507	
backing: cotton	material	cotton	aat-head-noun	aat	medium	300014067	
beige cotton	material	cotton	aat-head-noun	aat	medium	300014067	
beige knotted openweave cotton	material	cotton	aat-head-noun	aat	medium	300014067	
black cotton	material	cotton	aat-head-noun	aat	medium	300014067	
black crinkle cotton	material	cotton	aat-head-noun	aat	medium	300014067	
blue chambray cotton	material	cotton	aat-head-noun	aat	medium	300014067	
blue cotton	material	cotton	aat-head-noun	aat	medium	300014067	
blue sprigged cotton	material	cotton	aat-head-noun	aat	medium	300014067	
blue striped satin-faced cotton	material	cotton	aat-head-noun	aat	medium	300014067	
brocaded cotton	material	cotton	aat-head-noun	aat	medium	300014067	
brown crinkle cotton	material	cotton	aat-head-noun	aat	medium	300014067	
brown/cream/rust cotton	material	cotton	aat-head-noun	aat	medium	300014067	
c)black cotton	material	cotton	aat-head-noun	aat	medium	300014067	
calico	material	cotton	aat-full	aat	high	300132872	
commercial cotton	material	cotton	aat-head-noun	aat	medium	300014067	
commerical cotton	material	cotton	aat-head-noun	aat	medium	300014067	
corded cotton	material	cotton	aat-head-noun	aat	medium	300014067	
cotton	material	cotton	aat-full	aat	high	300014067	
cotton calico	material	cotton	aat-head-noun	aat	medium	300132872	
cotton gingham	material	cotton	aat-head-noun	aat	medium	300451340	
cotton muslin	material	cotton	aat-head-noun	aat	medium	300014087	
cotton organdy	material	cotton	aat-head-noun	aat	medium	300310128	
cream cotton	material	cotton	aat-head-noun	aat	medium	300014067	
cream organdy	material	cotton	aat-head-noun	aat	medium	300310128	
cream pique cotton	material	cotton	aat-head-noun	aat	medium	300014067	
crocheted cotton	material	cotton	aat-head-noun	aat	medium	300014067	
dimity	material	cotton	aat-full	aat	high	300132883	
double weave cotton	material	cotton	aat-head-noun	aat	medium	300014067	
dyed cotton	material	cotton	aat-head-noun	aat	medium	300014067	
ecru cotton	material	cotton	aat-head-noun	aat	medium	300014067	
embroidered cotton	material	cotton	aat-head-noun	aat	medium	300014067	
embroidered cotton organdy	material	cotton	aat-head-noun	aat	medium	300310128	
embroidered linen muslin	material	cotton	aat-head-noun	aat	medium	300014087	
embroidered silk or cotton	material	cotton	aat-head-noun	aat	medium	300014067	
fiber - cotton	material	cotton	aat-head-noun	aat	medium	300014067	
fine cotton	material	cotton	aat-head-noun	aat	medium	300014067	
fine white cotton	material	cotton	aat-head-noun	aat	medium	300014067	
fine white muslin	material	cotton	aat-head-noun	aat	medium	300014087	
gingham	material	cotton	aat-full	aat	high	300451340	
glazed cotton	material	cotton	aat-head-noun	aat	medium	300014067	
gold cotton	material	cotton	aat-head-noun	aat	medium	300014067	
gold indonesian cotton	material	cotton	aat-head-noun	aat	medium	300014067	
guatemelan cotton	material	cotton	aat-head-noun	aat	medium	300014067	
hand knit cotton	material	cotton	aat-head-noun	aat	medium	300014067	
hand painted cotton	material	cotton	aat-head-noun	aat	medium	300014067	
hand woven striped cotton	material	cotton	aat-head-noun	aat	medium	300014067	
hand-painted knitted cotton	material	cotton	aat-head-noun	aat	medium	300014067	
hand-spun cotton	material	cotton	aat-head-noun	aat	medium	300014067	
handpainted cotton	material	cotton	aat-head-noun	aat	medium	300014067	
handspun cotton	material	cotton	aat-head-noun	aat	medium	300014067	
ivory cotton	material	cotton	aat-head-noun	aat	medium	300014067	
khaki cotton	material	cotton	aat-head-noun	aat	medium	300014067	
knit cotton	material	cotton	aat-head-noun	aat	medium	300014067	
knitted cotton	material	cotton	aat-head-noun	aat	medium	300014067	
koch's types. paper is 100% cotton	material	cotton	aat-head-noun	aat	medium	300014067	
lace trimmed organdy	material	cotton	aat-head-noun	aat	medium	300310128	
linen or cotton	material	cotton	aat-head-noun	aat	medium	300014067	
lining: cotton	material	cotton	aat-head-noun	aat	medium	300014067	
loom-woven cotton	material	cotton	aat-head-noun	aat	medium	300014067	
mask: cotton	material	cotton	aat-head-noun	aat	medium	300014067	
mercerized cotton	material	cotton	aat-head-noun	aat	medium	300014067	
metal-wrapped cotton	material	cotton	aat-head-noun	aat	medium	300014067	
mixed cotton	material	cotton	aat-head-noun	aat	medium	300014067	
multi b/w cotton	material	cotton	aat-head-noun	aat	medium	300014067	
muslin	material	cotton	aat-full	aat	high	300014087	
natural cotton	material	cotton	aat-head-noun	aat	medium	300014067	
natural linen or cotton	material	cotton	aat-head-noun	aat	medium	300014067	
off-white cotton	material	cotton	aat-head-noun	aat	medium	300014067	
olive green cotton	material	cotton	aat-head-noun	aat	medium	300014067	
organdy	material	cotton	aat-full	aat	high	300310128	
painted cotton	material	cotton	aat-head-noun	aat	medium	300014067	
paisley cotton	material	cotton	aat-head-noun	aat	medium	300014067	
patterned cotton	material	cotton	aat-head-noun	aat	medium	300014067	
petit point cotton	material	cotton	aat-head-noun	aat	medium	300014067	
pieced cotton	material	cotton	aat-head-noun	aat	medium	300014067	
pierced white cotton	material	cotton	aat-head-noun	aat	medium	300014067	
pink cotton	material	cotton	aat-head-noun	aat	medium	300014067	
plain-weave cotton	material	cotton	aat-head-noun	aat	medium	300014067	
point de gaze lace. cotton	material	cotton	aat-head-noun	aat	medium	300014067	
polychrome knitted cotton	material	cotton	aat-head-noun	aat	medium	300014067	
quilted cotton	material	cotton	aat-head-noun	aat	medium	300014067	
resist-dyed cotton	material	cotton	aat-head-noun	aat	medium	300014067	
ribbed cotton	material	cotton	aat-head-noun	aat	medium	300014067	
sheer cotton	material	cotton	aat-head-noun	aat	medium	300014067	
silk embroidered linen or cotton	material	cotton	aat-head-noun	aat	medium	300014067	
silk organdy	material	cotton	aat-head-noun	aat	medium	300310128	
silk tarlatan	material	cotton	aat-head-noun	aat	medium	300183932	
silk. cotton	material	cotton	aat-head-noun	aat	medium	300014067	
striped cotton	material	cotton	aat-head-noun	aat	medium	300014067	
tapestry weave cotton	material	cotton	aat-head-noun	aat	medium	300014067	
tie-dyed cotton	material	cotton	aat-head-noun	aat	medium	300014067	
undyed cotton	material	cotton	aat-head-noun	aat	medium	300014067	
warp-resist dyeing lining: cotton	material	cotton	aat-head-noun	aat	medium	300014067	
white cotton	material	cotton	aat-head-noun	aat	medium	300014067	
white cotton dimity	material	cotton	aat-head-noun	aat	medium	300132883	
white cotton muslin	material	cotton	aat-head-noun	aat	medium	300014087	
white fine cotton	material	cotton	aat-head-noun	aat	medium	300014067	
white knitted cotton	material	cotton	aat-head-noun	aat	medium	300014067	
white muslin	material	cotton	aat-head-noun	aat	medium	300014087	
white organdy	material	cotton	aat-head-noun	aat	medium	300310128	
white silk organdy	material	cotton	aat-head-noun	aat	medium	300310128	
white striped cotton	material	cotton	aat-head-noun	aat	medium	300014067	
white woven stripe cotton	material	cotton	aat-head-noun	aat	medium	300014067	
woven cotton	material	cotton	aat-head-noun	aat	medium	300014067	
woven striped cotton	material	cotton	aat-head-noun	aat	medium	300014067	
black chalk	material	drawing material	llm	llm	medium	300080058	
black crayon	material	drawing material	llm	llm	medium		
blue pencil	material	drawing material	llm	llm	medium	300410335	
chalk	material	drawing material	llm	llm	medium	300011727	
crayon	material	drawing material	llm	llm	medium		
graphite	material	drawing material	llm	llm	medium	300011098	
pastel	material	drawing material	llm	llm	medium	300311039	
pencil	material	drawing material	llm	llm	medium	300410335	
red chalk	material	drawing material	llm	llm	medium	300080064	
white chalk	material	drawing material	llm	llm	medium	300011727	
wax-resist dyeing	material	dyeing	llm	llm	medium	300053049	misfiled as material; technique=dyeing
enamel	material	enamel	llm	llm	medium	300014910	
adobe like paste	material	glass	aat-head-noun	aat	medium	300010803	
applied crystal	material	glass	aat-head-noun	aat	medium	300010814	
applied gold paste	material	glass	aat-head-noun	aat	medium	300010803	
blown glas	material	glass	llm	llm	medium		typo for glass
clay based paste	material	glass	aat-head-noun	aat	medium	300010803	
crystal	material	glass	aat-full	aat	high	300010814	
cut crystal	material	glass	aat-head-noun	aat	medium	300010814	
free-blown glas	material	glass	llm	llm	medium		typo for glass
glas	material	glass	llm	llm	medium		typo for glass
glass paste	material	glass	aat-head-noun	aat	medium	300010803	
glass rhinestone	material	glass	aat-head-noun	aat	medium	300010806	
hard paste	material	glass	aat-head-noun	aat	medium	300010803	
lead crystal	material	glass	aat-head-noun	aat	medium	300010814	
plastic rhinestone	material	glass	aat-head-noun	aat	medium	300010806	
pressed lead glas	material	glass	llm	llm	medium		typo for glass
red glass paste	material	glass	aat-head-noun	aat	medium	300010803	
red rhinestone	material	glass	aat-head-noun	aat	medium	300010806	
rhinestone	material	glass	aat-full	aat	high	300010806	
rock crystal	material	glass	aat-head-noun	aat	medium	300010814	
spanish paste	material	glass	aat-head-noun	aat	medium	300010803	
swarovski crystal	material	glass	aat-head-noun	aat	medium	300010814	
acrylic ink	material	ink	aat-head-noun	aat	medium	300015012	
additions in black ink	material	ink	aat-head-noun	aat	medium	300015012	
back ink	material	ink	aat-head-noun	aat	medium	300015012	
ballpoint pen ink	material	ink	aat-head-noun	aat	medium	300015012	
blach ink	material	ink	aat-head-noun	aat	medium	300015012	
black ball point ink	material	ink	aat-head-noun	aat	medium	300015012	
black chalk under black ink	material	ink	aat-head-noun	aat	medium	300015012	
black chalk under brown ink	material	ink	aat-head-noun	aat	medium	300015012	
black chalk under ink	material	ink	aat-head-noun	aat	medium	300015012	
black chalk under pen & brown ink	material	ink	aat-head-noun	aat	medium	300015012	
black india ink	material	ink	aat-head-noun	aat	medium	300015012	
black ink	material	ink	aat-head-noun	aat	medium	300015012	
black magic marker ink	material	ink	aat-head-noun	aat	medium	300015012	
black/gray ink	material	ink	aat-head-noun	aat	medium	300015012	
blue ink	material	ink	aat-head-noun	aat	medium	300015012	
blue-black ink	material	ink	aat-head-noun	aat	medium	300015012	
box: ink	material	ink	aat-head-noun	aat	medium	300015012	
brown ink	material	ink	aat-head-noun	aat	medium	300015012	
brown- black ink	material	ink	aat-head-noun	aat	medium	300015012	
brown-black ink	material	ink	aat-head-noun	aat	medium	300015012	
brown-gray ink	material	ink	aat-head-noun	aat	medium	300015012	
brown-grey ink	material	ink	aat-head-noun	aat	medium	300015012	
certificate: ink	material	ink	aat-head-noun	aat	medium	300015012	
charbonnel noir crayon ink	material	ink	aat-head-noun	aat	medium	300015012	
china ink	material	ink	aat-head-noun	aat	medium	300015012	
chinese ink	material	ink	aat-full	aat	high	300015017	
collage: colored ink	material	ink	aat-head-noun	aat	medium	300015012	
collage: ink	material	ink	aat-head-noun	aat	medium	300015012	
colore ink	material	ink	aat-head-noun	aat	medium	300015012	
commercial ink	material	ink	aat-head-noun	aat	medium	300015012	
corrections in ink	material	ink	aat-head-noun	aat	medium	300015012	
dark brown ink	material	ink	aat-head-noun	aat	medium	300015012	
dark-blue ink	material	ink	aat-head-noun	aat	medium	300015012	
daylight flourescent ink	material	ink	aat-head-noun	aat	medium	300015012	
deep grey ink	material	ink	aat-head-noun	aat	medium	300015012	
diluted ink	material	ink	aat-head-noun	aat	medium	300015012	
double-sided ink	material	ink	aat-head-noun	aat	medium	300015012	
drawn by dark ink	material	ink	aat-head-noun	aat	medium	300015012	
embossed image without ink	material	ink	aat-head-noun	aat	medium	300015012	
facsimile ink	material	ink	aat-head-noun	aat	medium	300015012	
framing lines in brown ink	material	ink	aat-head-noun	aat	medium	300015012	
gesso china ink	material	ink	aat-head-noun	aat	medium	300015012	
gold ink	material	ink	aat-head-noun	aat	medium	300015012	
gold metallic ink	material	ink	aat-head-noun	aat	medium	300015012	
graphic chemical 514 bone black ink	material	ink	aat-head-noun	aat	medium	300015012	
graphite under brown ink	material	ink	aat-head-noun	aat	medium	300015012	
graphite under ink	material	ink	aat-head-noun	aat	medium	300015012	
gray ink	material	ink	aat-head-noun	aat	medium	300015012	
gray- brown ink	material	ink	aat-head-noun	aat	medium	300015012	
gray-black ink	material	ink	aat-head-noun	aat	medium	300015012	
gray-blue ink	material	ink	aat-head-noun	aat	medium	300015012	
gray-brown ink	material	ink	aat-head-noun	aat	medium	300015012	
gray-green ink	material	ink	aat-head-noun	aat	medium	300015012	
green ink	material	ink	aat-head-noun	aat	medium	300015012	
grey ink	material	ink	aat-head-noun	aat	medium	300015012	
heavy white wove paper v: black ink	material	ink	aat-head-noun	aat	medium	300015012	
india ink	material	ink	aat-full	aat	high	300015018	
indian ink	material	ink	aat-head-noun	aat	medium	300015012	
ink	material	ink	aat-full	aat	high	300015012	
ink wash	material	ink	llm	llm	medium	300404638	
intaglio ink	material	ink	aat-head-noun	aat	medium	300015012	
iron gall ink	material	ink	aat-head-noun	aat	medium	300015012	
kremer ink	material	ink	aat-head-noun	aat	medium	300015012	
laid in are a letter from nicolas de stael written in blue ink	material	ink	aat-head-noun	aat	medium	300015012	
light blue ink	material	ink	aat-head-noun	aat	medium	300015012	
light orange ink	material	ink	aat-head-noun	aat	medium	300015012	
metalic ink	material	ink	aat-head-noun	aat	medium	300015012	
metallic ink	material	ink	aat-head-noun	aat	medium	300015012	
metallic silver ink	material	ink	aat-head-noun	aat	medium	300015012	
mixed media collage - ink	material	ink	aat-head-noun	aat	medium	300015012	
ochred ink	material	ink	aat-head-noun	aat	medium	300015012	
oil based ink	material	ink	aat-head-noun	aat	medium	300015012	
orange ink	material	ink	aat-head-noun	aat	medium	300015012	
orange-red ink	material	ink	aat-head-noun	aat	medium	300015012	
pale green ink	material	ink	aat-head-noun	aat	medium	300015012	
pen	material	ink	llm	llm	medium		
pen & ink	material	ink	aat-head-noun	aat	medium	300015012	
pen two tones brown ink	material	ink	aat-head-noun	aat	medium	300015012	
pen two tones ink	material	ink	aat-head-noun	aat	medium	300015012	
pencil ink	material	ink	aat-head-noun	aat	medium	300015012	
photo-engavings in black ink	material	ink	aat-head-noun	aat	medium	300015012	
photocopy ink	material	ink	aat-head-noun	aat	medium	300015012	
pink ink	material	ink	aat-head-noun	aat	medium	300015012	
ppen ink	material	ink	aat-head-noun	aat	medium	300015012	
purple ink	material	ink	aat-head-noun	aat	medium	300015012	
r: black ink	material	ink	aat-head-noun	aat	medium	300015012	
r: blue ink	material	ink	aat-head-noun	aat	medium	300015012	
red ballpoint ink	material	ink	aat-head-noun	aat	medium	300015012	
red felt tip ink	material	ink	aat-head-noun	aat	medium	300015012	
red ink	material	ink	aat-head-noun	aat	medium	300015012	
red rubber stamp ink	material	ink	aat-head-noun	aat	medium	300015012	
red-brown ink	material	ink	aat-head-noun	aat	medium	300015012	
reddish brown ink	material	ink	aat-head-noun	aat	medium	300015012	
right arm in grey ink	material	ink	aat-head-noun	aat	medium	300015012	
sanquine under brown ink	material	ink	aat-head-noun	aat	medium	300015012	
scattered images in black ink	material	ink	aat-head-noun	aat	medium	300015012	
sephia ink	material	ink	aat-head-noun	aat	medium	300015012	
sepia	material	ink	aat-full	aat	high	300015025	
sepia ink	material	ink	aat-head-noun	aat	medium	300015012	
silkscreen ink	material	ink	aat-head-noun	aat	medium	300015012	
silver ink	material	ink	aat-head-noun	aat	medium	300015012	
silver/gold ink	material	ink	aat-head-noun	aat	medium	300015012	
sleeve: ink	material	ink	aat-head-noun	aat	medium	300015012	
sumi black ink	material	ink	aat-head-noun	aat	medium	300015012	
sumi ink	material	ink	aat-head-noun	aat	medium	300015012	
thirty-nine ink	material	ink	aat-head-noun	aat	medium	300015012	
tones brown ink	material	ink	aat-head-noun	aat	medium	300015012	
tones ink	material	ink	aat-head-noun	aat	medium	300015012	
ultrachrome archival ink	material	ink	aat-head-noun	aat	medium	300015012	
umber ink	material	ink	aat-head-noun	aat	medium	300015012	
unique book containing 58 double-sided ink	material	ink	aat-head-noun	aat	medium	300015012	
various ink	material	ink	aat-head-noun	aat	medium	300015012	
violet ink	material	ink	aat-head-noun	aat	medium	300015012	
white ink	material	ink	aat-head-noun	aat	medium	300015012	
white shellac ink	material	ink	aat-head-noun	aat	medium	300015012	
windsor newton ink	material	ink	aat-head-noun	aat	medium	300015012	
wove paper v: black ink	material	ink	aat-head-noun	aat	medium	300015012	
yellow ink	material	ink	aat-head-noun	aat	medium	300015012	
yellow-green ink	material	ink	aat-head-noun	aat	medium	300015012	
bone or ivory	material	ivory	aat-head-noun	aat	medium	300011857	
elephant ivory	material	ivory	aat-full	aat	high	300417720	
gilded ivory	material	ivory	aat-head-noun	aat	medium	300011857	
incised dyed ivory	material	ivory	aat-head-noun	aat	medium	300011857	
ivory	material	ivory	aat-full	aat	high	300011857	
oil or ivory	material	ivory	aat-head-noun	aat	medium	300011857	
painted ivory	material	ivory	aat-head-noun	aat	medium	300011857	
sea mammal ivory	material	ivory	aat-head-noun	aat	medium	300011857	
tinted ivory	material	ivory	aat-head-noun	aat	medium	300011857	
walrus ivory	material	ivory	aat-full	aat	high	300417717	
whale tooth ivory	material	ivory	aat-head-noun	aat	medium	300011857	
bobbin lace	material	lace	llm	llm	medium	300132869	
chantilly lace	material	lace	llm	llm	medium	300264619	
lace	material	lace	llm	llm	medium	300132861	
point de gaze	material	lace	llm	llm	medium	300263453	
valenciennes lace	material	lace	llm	llm	medium	300132861	
japanese lacquer with mother-of-pearl	material	lacquer	llm	llm	medium		
lacquer	material	lacquer	llm	llm	medium	300014916	
a)pale yellow angora jersey b) silk c) leather	material	leather	aat-head-noun	aat	medium	300011845	
alligator leather	material	leather	aat-head-noun	aat	medium	300011845	
amber patent leather	material	leather	aat-head-noun	aat	medium	300011845	
applied leather	material	leather	aat-head-noun	aat	medium	300011845	
appliquéd leather	material	leather	aat-head-noun	aat	medium	300011845	
appliquéd suede	material	leather	aat-head-noun	aat	medium	300193368	
beaded buckskin	material	leather	aat-head-noun	aat	medium	300011846	
beaded leather	material	leather	aat-head-noun	aat	medium	300011845	
beige suede	material	leather	aat-head-noun	aat	medium	300193368	
black a-b) linen c) leather	material	leather	aat-head-noun	aat	medium	300011845	
black calf leather	material	leather	aat-head-noun	aat	medium	300011845	
black leather	material	leather	aat-head-noun	aat	medium	300011845	
black patent leather	material	leather	aat-head-noun	aat	medium	300011845	
black suede	material	leather	aat-head-noun	aat	medium	300193368	
black suede leather	material	leather	aat-head-noun	aat	medium	300011845	
black-silver-ombre leather	material	leather	aat-head-noun	aat	medium	300011845	
blue morocco leather	material	leather	aat-head-noun	aat	medium	300011845	
blue suede	material	leather	aat-head-noun	aat	medium	300193368	
bone glacé kid leather	material	leather	aat-head-noun	aat	medium	300011845	
book is bound in red leather	material	leather	aat-head-noun	aat	medium	300011845	
book is bound in the french tradition in hunter green leather	material	leather	aat-head-noun	aat	medium	300011845	
bound in black leather	material	leather	aat-head-noun	aat	medium	300011845	
bound in blue leather	material	leather	aat-head-noun	aat	medium	300011845	
bound in brown leather	material	leather	aat-head-noun	aat	medium	300011845	
bound in dark blue leather	material	leather	aat-head-noun	aat	medium	300011845	
bound in hunter green morocco leather	material	leather	aat-head-noun	aat	medium	300011845	
bound in maroon leather	material	leather	aat-head-noun	aat	medium	300011845	
bound in quarter leather	material	leather	aat-head-noun	aat	medium	300011845	
bound in red leather	material	leather	aat-head-noun	aat	medium	300011845	
bound in the japanese style in blue leather	material	leather	aat-head-noun	aat	medium	300011845	
braided leather	material	leather	aat-head-noun	aat	medium	300011845	
bronzed kid leather	material	leather	aat-head-noun	aat	medium	300011845	
bronzed leather	material	leather	aat-head-noun	aat	medium	300011845	
brown kid leather	material	leather	aat-head-noun	aat	medium	300011845	
brown leather	material	leather	aat-head-noun	aat	medium	300011845	
brown patterned calf	material	leather	aat-head-noun	aat	medium	300227525	
brown suede	material	leather	aat-head-noun	aat	medium	300193368	
buckskin	material	leather	aat-full	aat	high	300011846	
calf	material	leather	aat-full	aat	high	300227525	
chemise half-bound in black leather	material	leather	aat-head-noun	aat	medium	300011845	
chemise is half bound in black morocco leather	material	leather	aat-head-noun	aat	medium	300011845	
chemise is quarter bound in maroon leather	material	leather	aat-head-noun	aat	medium	300011845	
coral kid leather	material	leather	aat-head-noun	aat	medium	300011845	
dark gray suede	material	leather	aat-head-noun	aat	medium	300193368	
dyed leather	material	leather	aat-head-noun	aat	medium	300011845	
edged in black leather	material	leather	aat-head-noun	aat	medium	300011845	
edged in morocco leather	material	leather	aat-head-noun	aat	medium	300011845	
edging is covered in black leather	material	leather	aat-head-noun	aat	medium	300011845	
embossed faux leather	material	leather	aat-head-noun	aat	medium	300011845	
embossed leather	material	leather	aat-head-noun	aat	medium	300011845	
embroided suede	material	leather	aat-head-noun	aat	medium	300193368	
endpapers are tan leather	material	leather	aat-head-noun	aat	medium	300011845	
endpapers in tooled/gilt tan morocco leather	material	leather	aat-head-noun	aat	medium	300011845	
faux leather	material	leather	aat-head-noun	aat	medium	300011845	
fawn suede	material	leather	aat-head-noun	aat	medium	300193368	
fine binding in gray calf	material	leather	aat-head-noun	aat	medium	300227525	
fine binding in light gray suede	material	leather	aat-head-noun	aat	medium	300193368	
fine bound in burgandy morocco leather	material	leather	aat-head-noun	aat	medium	300011845	
french bound in maroon morocco leather	material	leather	aat-head-noun	aat	medium	300011845	
fringed buckskin	material	leather	aat-head-noun	aat	medium	300011846	
full calf	material	leather	aat-head-noun	aat	medium	300227525	
fur leather	material	leather	aat-head-noun	aat	medium	300011845	
gilded kid leather	material	leather	aat-head-noun	aat	medium	300011845	
gilded leather	material	leather	aat-head-noun	aat	medium	300011845	
glazed leather	material	leather	aat-head-noun	aat	medium	300011845	
gold kid leather	material	leather	aat-head-noun	aat	medium	300011845	
gold leather	material	leather	aat-head-noun	aat	medium	300011845	
gold textured leather	material	leather	aat-head-noun	aat	medium	300011845	
green calf leather	material	leather	aat-head-noun	aat	medium	300011845	
green leather	material	leather	aat-head-noun	aat	medium	300011845	
grey suede	material	leather	aat-head-noun	aat	medium	300193368	
half bound in black morocco leather	material	leather	aat-head-noun	aat	medium	300011845	
half bound in burgandy morracan leather	material	leather	aat-head-noun	aat	medium	300011845	
hand made paper. deepdene handset type. leather	material	leather	aat-head-noun	aat	medium	300011845	
hand-tooled leather	material	leather	aat-head-noun	aat	medium	300011845	
kid leather	material	leather	aat-head-noun	aat	medium	300011845	
leather	material	leather	aat-full	aat	high	300011845	
leather buckskin	material	leather	aat-head-noun	aat	medium	300011846	
light brown calf	material	leather	aat-head-noun	aat	medium	300227525	
lined in gray suede	material	leather	aat-head-noun	aat	medium	300193368	
maroon morocco leather	material	leather	aat-head-noun	aat	medium	300011845	
matching slipcase lined in suede	material	leather	aat-head-noun	aat	medium	300193368	
metallic leather	material	leather	aat-head-noun	aat	medium	300011845	
metallic-coated leather	material	leather	aat-head-noun	aat	medium	300011845	
olive suede	material	leather	aat-head-noun	aat	medium	300193368	
orange leather	material	leather	aat-head-noun	aat	medium	300011845	
outer edge are black leather	material	leather	aat-head-noun	aat	medium	300011845	
painted leather	material	leather	aat-head-noun	aat	medium	300011845	
paper covered slipcase trimmed in leather	material	leather	aat-head-noun	aat	medium	300011845	
patent leather	material	leather	aat-full	aat	high	300193362	
pebble leather	material	leather	aat-head-noun	aat	medium	300011845	
pieced patent leather	material	leather	aat-head-noun	aat	medium	300011845	
polychrome leather	material	leather	aat-head-noun	aat	medium	300011845	
polychrome suede leather	material	leather	aat-head-noun	aat	medium	300011845	
polyurethane resin faux leather	material	leather	aat-head-noun	aat	medium	300011845	
quarter bound in burgundy leather	material	leather	aat-head-noun	aat	medium	300011845	
quarter bound in caramel colored leather	material	leather	aat-head-noun	aat	medium	300011845	
quarter bound in dark green leather	material	leather	aat-head-noun	aat	medium	300011845	
quarter bound in green leather	material	leather	aat-head-noun	aat	medium	300011845	
quarter leather	material	leather	aat-head-noun	aat	medium	300011845	
red leather	material	leather	aat-head-noun	aat	medium	300011845	
red patent leather	material	leather	aat-head-noun	aat	medium	300011845	
red suede	material	leather	aat-head-noun	aat	medium	300193368	
reddish-brown calf leather	material	leather	aat-head-noun	aat	medium	300011845	
reverse appliquéd leather	material	leather	aat-head-noun	aat	medium	300011845	
seal leather	material	leather	aat-head-noun	aat	medium	300011845	
silk b) calf leather	material	leather	aat-head-noun	aat	medium	300011845	
silk b) leather	material	leather	aat-head-noun	aat	medium	300011845	
silver b) shagreen	material	leather	aat-head-noun	aat	medium	300192656	
silver leather	material	leather	aat-head-noun	aat	medium	300011845	
silver metallic leather	material	leather	aat-head-noun	aat	medium	300011845	
slip case is paper trimmed in leather	material	leather	aat-head-noun	aat	medium	300011845	
slipcase is pale blue calf leather	material	leather	aat-head-noun	aat	medium	300011845	
smooth leather	material	leather	aat-head-noun	aat	medium	300011845	
soiling leather	material	leather	aat-head-noun	aat	medium	300011845	
spine in white morocco leather	material	leather	aat-head-noun	aat	medium	300011845	
suede	material	leather	aat-full	aat	high	300193368	
suede leather	material	leather	aat-head-noun	aat	medium	300011845	
synthetic leather	material	leather	aat-head-noun	aat	medium	300011845	
tan leather	material	leather	aat-head-noun	aat	medium	300011845	
tanned pigskin leather	material	leather	aat-head-noun	aat	medium	300011845	
tooled leather	material	leather	aat-head-noun	aat	medium	300011845	
trimmed in black leather	material	leather	aat-head-noun	aat	medium	300011845	
trimmed in dark blue leather	material	leather	aat-head-noun	aat	medium	300011845	
white kid leather	material	leather	aat-head-noun	aat	medium	300011845	
white morocco leather	material	leather	aat-head-noun	aat	medium	300011845	
white suede	material	leather	aat-head-noun	aat	medium	300193368	
wood veneer slipcase edged in matching blue leather	material	leather	aat-head-noun	aat	medium	300011845	
woven leather	material	leather	aat-head-noun	aat	medium	300011845	
alabaster set into black belgian marble	material	marble	aat-head-noun	aat	medium	300011443	
black marble	material	marble	aat-full	aat	high	300011484	
carrara marble	material	marble	aat-full	aat	high	300011576	
d'alep marble	material	marble	aat-head-noun	aat	medium	300011443	
giallo marble	material	marble	aat-head-noun	aat	medium	300011443	
glass marble	material	marble	aat-head-noun	aat	medium	300011443	
marble	material	marble	aat-full	aat	high	300011443	
marble base	material	marble	llm	llm	medium	300237910	
pentelic marble	material	marble	aat-full	aat	high	300011599	
red griotte marble	material	marble	aat-head-noun	aat	medium	300011443	
rosso antico marble	material	marble	aat-head-noun	aat	medium	300011443	
white marble	material	marble	aat-full	aat	high	300011571	
yellow marble	material	marble	aat-full	aat	high	300011618	
a) steel	material	metal	aat-head-noun	aat	medium	300133751	
aluminum foil	material	metal	aat-head-noun	aat	medium	300160106	
applied bronze	material	metal	aat-head-noun	aat	medium	300010957	
applied gilded silver foil	material	metal	aat-head-noun	aat	medium	300160106	
applied gilt silver foil	material	metal	aat-head-noun	aat	medium	300160106	
applied gold leaf	material	metal	aat-head-noun	aat	medium	300011039	
applied gold metal	material	metal	aat-head-noun	aat	medium	300010900	
applied metal	material	metal	aat-head-noun	aat	medium	300010900	
applied silver foil	material	metal	aat-head-noun	aat	medium	300160106	
applied silver gilt foil	material	metal	aat-head-noun	aat	medium	300160106	
applied silver leaf	material	metal	aat-head-noun	aat	medium	300011039	
appliquéd tinned steel	material	metal	aat-head-noun	aat	medium	300133751	
base metal	material	metal	aat-full	aat	high	300241615	
base plate	material	metal	aat-head-noun	aat	medium	300011041	
bast fiber - pandanus leaf	material	metal	aat-head-noun	aat	medium	300011039	
beryllium copper	material	metal	aat-head-noun	aat	medium	300011020	
black lead	material	metal	aat-head-noun	aat	medium	300011022	
black metal	material	metal	aat-head-noun	aat	medium	300010900	
blued steel	material	metal	aat-head-noun	aat	medium	300133751	
bras	material	metal	llm	llm	medium		typo for brass
brass or copper	material	metal	aat-head-noun	aat	medium	300011020	
brass plate	material	metal	aat-head-noun	aat	medium	300011041	
brass powder	material	metal	aat-full	aat	high	300419372	
brass ring	material	metal	llm	llm	medium		
bronze	material	metal	aat-full	aat	high	300010957	
bronze medal	material	metal	llm	llm	medium		
bullion	material	metal	aat-full	aat	high	300194600	
cast iron	material	metal	aat-full	aat	high	300011004	
chain metal	material	metal	aat-head-noun	aat	medium	300010900	
chrome plated steel	material	metal	aat-head-noun	aat	medium	300133751	
chrome-plated brass or bronze	material	metal	aat-head-noun	aat	medium	300010957	
cobalt	material	metal	aat-full	aat	high	300221155	
coconut leaf	material	metal	aat-head-noun	aat	medium	300011039	
coin silver	material	metal	aat-full	aat	high	300242158	
color plate	material	metal	aat-head-noun	aat	medium	300011041	
copper	material	metal	aat-full	aat	high	300011020	
copper alloy	material	metal	aat-full	aat	high	300010942	
copper alloy metal	material	metal	aat-head-noun	aat	medium	300010900	
copper foil	material	metal	aat-head-noun	aat	medium	300160106	
copper leaf	material	metal	aat-full	aat	high	300411561	
copper plate	material	metal	aat-head-noun	aat	medium	300011041	
cor-ten steel	material	metal	aat-full	aat	high	300178799	
cut steel	material	metal	aat-head-noun	aat	medium	300133751	
electroplated copper	material	metal	aat-head-noun	aat	medium	300011020	
electroplated foil	material	metal	aat-head-noun	aat	medium	300160106	
enameled metal	material	metal	aat-head-noun	aat	medium	300010900	
enamelled bronze	material	metal	aat-head-noun	aat	medium	300010957	
enamelled metal	material	metal	aat-head-noun	aat	medium	300010900	
engraved copper	material	metal	aat-head-noun	aat	medium	300011020	
engraved steel	material	metal	aat-head-noun	aat	medium	300133751	
etched steel	material	metal	aat-head-noun	aat	medium	300133751	
fire gilt bronze	material	metal	aat-head-noun	aat	medium	300010957	
foil	material	metal	aat-full	aat	high	300160106	
folded copper foil	material	metal	aat-head-noun	aat	medium	300160106	
forged steel	material	metal	aat-head-noun	aat	medium	300133751	
found metal	material	metal	aat-head-noun	aat	medium	300010900	
found steel	material	metal	aat-head-noun	aat	medium	300133751	
found tin	material	metal	aat-head-noun	aat	medium	300133748	
frame: metal	material	metal	aat-head-noun	aat	medium	300010900	
full page plate	material	metal	aat-head-noun	aat	medium	300011041	
galvanized steel	material	metal	aat-full	aat	high	300386605	
gilded bronze	material	metal	aat-head-noun	aat	medium	300010957	
gilded copper alloy	material	metal	aat-head-noun	aat	medium	300010902	
gilded metal	material	metal	aat-head-noun	aat	medium	300010900	
gilded steel	material	metal	aat-head-noun	aat	medium	300133751	
gilt bronze	material	metal	aat-head-noun	aat	medium	300010957	
gilt copper	material	metal	aat-head-noun	aat	medium	300011020	
gilt iron	material	metal	aat-head-noun	aat	medium	300011002	
gilt metal	material	metal	aat-head-noun	aat	medium	300010900	
gilt silver foil	material	metal	aat-head-noun	aat	medium	300160106	
glitter foil	material	metal	aat-head-noun	aat	medium	300160106	
gold alloy foil	material	metal	aat-head-noun	aat	medium	300160106	
gold bronze	material	metal	aat-head-noun	aat	medium	300010957	
gold foil	material	metal	aat-head-noun	aat	medium	300160106	
gold metal	material	metal	aat-head-noun	aat	medium	300010900	
gold plate	material	metal	aat-head-noun	aat	medium	300011041	
gold tone tin	material	metal	aat-head-noun	aat	medium	300133748	
gold-plated copper foil	material	metal	aat-head-noun	aat	medium	300160106	
gold-tone metal	material	metal	aat-head-noun	aat	medium	300010900	
gun metal	material	metal	aat-head-noun	aat	medium	300010900	
hammered copper	material	metal	aat-head-noun	aat	medium	300011020	
inch hot rolled steel plate	material	metal	aat-head-noun	aat	medium	300011041	
incised bronze	material	metal	aat-head-noun	aat	medium	300010957	
including 6 plate	material	metal	aat-head-noun	aat	medium	300011041	
iron	material	metal	aat-full	aat	high	300011002	
iron alloy	material	metal	aat-full	aat	high	300010904	
iron alloy metal	material	metal	aat-head-noun	aat	medium	300010900	
iron plate	material	metal	aat-head-noun	aat	medium	300011041	
kandinsky design in gold leaf	material	metal	aat-head-noun	aat	medium	300011039	
karat gold plated metal	material	metal	aat-head-noun	aat	medium	300010900	
laser cut steel	material	metal	aat-head-noun	aat	medium	300133751	
lead	material	metal	aat-full	aat	high	300011022	
leaf	material	metal	aat-full	aat	high	300011039	
made from lucite plate	material	metal	aat-head-noun	aat	medium	300011041	
metal	material	metal	aat-full	aat	high	300010900	
metal - iron	material	metal	aat-head-noun	aat	medium	300011002	
metal - iron alloy	material	metal	aat-head-noun	aat	medium	300010902	
metal alloy	material	metal	aat-head-noun	aat	medium	300010902	
metal foil	material	metal	aat-head-noun	aat	medium	300160106	
metal leaf	material	metal	aat-head-noun	aat	medium	300011039	
metal plate	material	metal	aat-head-noun	aat	medium	300011041	
metal ring	material	metal	llm	llm	medium		
metal- iron alloy	material	metal	aat-head-noun	aat	medium	300010902	
metallic foil	material	metal	aat-head-noun	aat	medium	300160106	
mirror plate	material	metal	aat-head-noun	aat	medium	300011041	
nickel	material	metal	aat-full	aat	high	300011028	
nickel plated bronze	material	metal	aat-head-noun	aat	medium	300010957	
numerous plate	material	metal	aat-head-noun	aat	medium	300011041	
original color images from zinc plate	material	metal	aat-head-noun	aat	medium	300011041	
ormolu	material	metal	aat-full	aat	high	300011048	
painted lead	material	metal	aat-head-noun	aat	medium	300011022	
painted metal	material	metal	aat-head-noun	aat	medium	300010900	
painted steel	material	metal	aat-head-noun	aat	medium	300133751	
palladium	material	metal	aat-full	aat	high	300011030	
pandanus leaf	material	metal	aat-head-noun	aat	medium	300011039	
papier mache?? or gilt metal	material	metal	aat-head-noun	aat	medium	300010900	
patinated bronze	material	metal	aat-head-noun	aat	medium	300010957	
perforated zinc plate	material	metal	aat-head-noun	aat	medium	300011041	
pewter	material	metal	aat-full	aat	high	300010979	
plate	material	metal	aat-full	aat	high	300011041	
plate mark from an uninked plate	material	metal	aat-head-noun	aat	medium	300011041	
pleated copper foil	material	metal	aat-head-noun	aat	medium	300160106	
pleated synthetic plain weave pin: enameled copper metal alloy	material	metal	aat-head-noun	aat	medium	300010902	
polyester metal	material	metal	aat-head-noun	aat	medium	300010900	
pressed lead	material	metal	aat-head-noun	aat	medium	300011022	
resin-coated aluminum	material	metal	llm	llm	medium		
rose gold	material	metal	aat-full	aat	high	300010967	
sago leaf	material	metal	aat-head-noun	aat	medium	300011039	
semi-gilt metal	material	metal	aat-head-noun	aat	medium	300010900	
separate plate	material	metal	aat-head-noun	aat	medium	300011041	
sheet iron	material	metal	aat-head-noun	aat	medium	300011002	
sheet steel	material	metal	aat-head-noun	aat	medium	300133751	
sheffield plate	material	metal	aat-full	aat	high	300081349	
silk satin metal	material	metal	aat-head-noun	aat	medium	300010900	
silver alloy	material	metal	aat-full	aat	high	300010975	
silver alloy metal	material	metal	aat-head-noun	aat	medium	300010900	
silver foil	material	metal	aat-head-noun	aat	medium	300160106	
silver leaf	material	metal	aat-full	aat	high	300265199	
silver metal	material	metal	aat-head-noun	aat	medium	300010900	
silver plate	material	metal	aat-head-noun	aat	medium	300011041	
silver plated metal	material	metal	aat-head-noun	aat	medium	300010900	
silver-plated copper	material	metal	aat-head-noun	aat	medium	300011020	
silver-plated copper alloy	material	metal	aat-head-noun	aat	medium	300010902	
silvered bronze	material	metal	aat-head-noun	aat	medium	300010957	
silvered copper alloy	material	metal	aat-head-noun	aat	medium	300010902	
soldered copper	material	metal	aat-head-noun	aat	medium	300011020	
sprinkled gold leaf	material	metal	aat-head-noun	aat	medium	300011039	
stainless steel	material	metal	aat-full	aat	high	300010920	
stainless steel foil	material	metal	aat-head-noun	aat	medium	300160106	
stamped foil	material	metal	aat-head-noun	aat	medium	300160106	
stamped plated zinc alloy	material	metal	aat-head-noun	aat	medium	300010902	
steel	material	metal	aat-full	aat	high	300133751	
steel plate	material	metal	aat-head-noun	aat	medium	300011041	
steel wool burnishing	material	metal	llm	llm	medium	300053869	misfiled as material; technique=surface technique
sterling silver	material	metal	aat-full	aat	high	300010977	
synthetic metal foil	material	metal	aat-head-noun	aat	medium	300160106	
thirty-six copper	material	metal	aat-head-noun	aat	medium	300011020	
tin	material	metal	aat-full	aat	high	300133748	
tin leaf	material	metal	aat-head-noun	aat	medium	300011039	
tin plated iron alloy	material	metal	aat-head-noun	aat	medium	300010902	
tint plate	material	metal	aat-head-noun	aat	medium	300011041	
to 2 plate	material	metal	aat-head-noun	aat	medium	300011041	
toned plate	material	metal	aat-head-noun	aat	medium	300011041	
type metal	material	metal	aat-full	aat	high	300235496	
used plate	material	metal	aat-head-noun	aat	medium	300011041	
welded found steel	material	metal	aat-head-noun	aat	medium	300133751	
welded steel	material	metal	aat-head-noun	aat	medium	300133751	
white gold leaf	material	metal	aat-head-noun	aat	medium	300011039	
white metal	material	metal	aat-full	aat	high	300010998	
wire	material	metal	llm	llm	medium	300011063	
wrought copper	material	metal	aat-head-noun	aat	medium	300011020	
wrought iron	material	metal	aat-full	aat	high	300011012	
wrought metal	material	metal	aat-head-noun	aat	medium	300010900	
zinc	material	metal	aat-full	aat	high	300011037	
zinc plate	material	metal	aat-head-noun	aat	medium	300011041	
mica	material	mica	llm	llm	medium	300011124	
applied accessory object	material	other material	llm	llm	medium		non-medium/unclear
hardground	material	other material	llm	llm	medium		
lime	material	other material	llm	llm	medium	300311385	
maize painting	material	other material	llm	llm	medium	300054216	
mixed media	material	other material	llm	llm	medium	300163347	
plaster	material	other material	llm	llm	medium	300014922	
poster	material	other material	llm	llm	medium		non-medium/unclear
silkscreen	material	other material	llm	llm	medium		misfiled as material; technique=printmaking
soap ground	material	other material	llm	llm	medium	300015297	
soft ground	material	other material	llm	llm	medium	300183909	
softground	material	other material	llm	llm	medium		
spine	material	other material	llm	llm	medium		non-medium/unclear
wood engraved vignette	material	other material	llm	llm	medium		misfiled as material; technique=printmaking
xerox toner	material	other material	llm	llm	medium	300254720	
acrylic	material	paint	llm	llm	medium	300014426	
acrylic paint	material	paint	aat-full	aat	high	300015058	
acrylic resin gouache	material	paint	aat-head-noun	aat	medium	300070114	
acrylic spray paint	material	paint	aat-head-noun	aat	medium	300015029	
alkyd paint	material	paint	aat-full	aat	high	300379651	
aluminum paint	material	paint	aat-full	aat	high	300015031	
and under gouache	material	paint	aat-head-noun	aat	medium	300070114	
applied gold paint	material	paint	aat-head-noun	aat	medium	300015029	
automotive paint	material	paint	aat-head-noun	aat	medium	300015029	
black enamel paint	material	paint	aat-head-noun	aat	medium	300015029	
black paint	material	paint	aat-head-noun	aat	medium	300015029	
blue paint	material	paint	aat-head-noun	aat	medium	300015029	
bronze metallic paint	material	paint	aat-head-noun	aat	medium	300015029	
bronze paint	material	paint	aat-full	aat	high	300183637	
brown paint	material	paint	aat-head-noun	aat	medium	300015029	
brown wash	material	paint	llm	llm	medium	300011051	
brush-applied white paint	material	paint	aat-head-noun	aat	medium	300015029	
commercial tempera powder paint	material	paint	aat-head-noun	aat	medium	300015029	
copper metallic paint	material	paint	aat-head-noun	aat	medium	300015029	
dipped in colored synthetic polymer paint	material	paint	aat-head-noun	aat	medium	300015029	
dye or paint	material	paint	aat-head-noun	aat	medium	300015029	
egg tempera	material	paint	aat-full	aat	high	300015064	
enamel paint	material	paint	aat-full	aat	high	300147678	
flourescent paint	material	paint	aat-head-noun	aat	medium	300015029	
gesso	material	paint	llm	llm	medium	300014952	
glue-size paint	material	paint	aat-head-noun	aat	medium	300015029	
gold metallic paint	material	paint	aat-head-noun	aat	medium	300015029	
gold paint	material	paint	aat-head-noun	aat	medium	300015029	
golden acrylic paint	material	paint	aat-head-noun	aat	medium	300015029	
gouache	material	paint	aat-full	aat	high	300070114	
graphite under gouache	material	paint	aat-head-noun	aat	medium	300070114	
gray gouache	material	paint	aat-head-noun	aat	medium	300070114	
gray gouache ground	material	paint	llm	llm	medium	300015297	
gray wash	material	paint	llm	llm	medium	300011051	
hand paint	material	paint	aat-head-noun	aat	medium	300015029	
hand painted	material	paint	llm	llm	medium		
hand painting in sennelier tempera	material	paint	aat-head-noun	aat	medium	300015062	
house paint	material	paint	aat-full	aat	high	300015072	
japon after gouache	material	paint	aat-head-noun	aat	medium	300070114	
latex paint	material	paint	aat-full	aat	high	300015054	
leather? paint	material	paint	aat-head-noun	aat	medium	300015029	
magna	material	paint	aat-full	aat	high	300404289	
metalic paint	material	paint	aat-head-noun	aat	medium	300015029	
metallic paint	material	paint	aat-full	aat	high	300183841	
oil	material	paint	llm	llm	medium	300014254	
oil based paint	material	paint	aat-head-noun	aat	medium	300015029	
oil paint	material	paint	aat-full	aat	high	300015050	
opaque watercolor	material	paint	llm	llm	medium		
orange fluorescent paint	material	paint	aat-head-noun	aat	medium	300015029	
over gouache	material	paint	aat-head-noun	aat	medium	300070114	
overglaze painting	material	paint	llm	llm	medium	300054216	
paint	material	paint	aat-full	aat	high	300015029	
painted	material	paint	llm	llm	medium		
paper cover/dust jacket has hand painting in tempera	material	paint	aat-head-noun	aat	medium	300015062	
parle's paint	material	paint	aat-head-noun	aat	medium	300015029	
powder paint	material	paint	aat-head-noun	aat	medium	300015029	
red gouache	material	paint	aat-head-noun	aat	medium	300070114	
red paint	material	paint	aat-head-noun	aat	medium	300015029	
silver metallic paint	material	paint	aat-head-noun	aat	medium	300015029	
silver paint	material	paint	aat-full	aat	high	300379713	
spray paint	material	paint	aat-full	aat	high	300391376	
synthetic polymer paint	material	paint	aat-head-noun	aat	medium	300015029	
tempera	material	paint	aat-full	aat	high	300015062	
tempera paint	material	paint	aat-head-noun	aat	medium	300015029	
transparent watercolor	material	paint	llm	llm	medium		
utrecht new tempera	material	paint	aat-head-noun	aat	medium	300015062	
vinyl paint	material	paint	aat-full	aat	high	300183941	
wash	material	paint	llm	llm	medium	300011051	
watercolor	material	paint	llm	llm	medium		
watercolor wash	material	paint	llm	llm	medium	300011051	
watercolorand metallic paint	material	paint	aat-head-noun	aat	medium	300015029	
white acrylic paint	material	paint	aat-head-noun	aat	medium	300015029	
white enamel paint	material	paint	aat-head-noun	aat	medium	300015029	
white gouache	material	paint	aat-head-noun	aat	medium	300070114	
white opaque paint	material	paint	aat-head-noun	aat	medium	300015029	
white opaque watercolor	material	paint	llm	llm	medium		
white paint	material	paint	aat-head-noun	aat	medium	300015029	
yellow paint	material	paint	aat-head-noun	aat	medium	300015029	
300-gram arches watercolor paper	material	paper	aat-head-noun	aat	medium	300014109	
acrylic painted paper	material	paper	aat-head-noun	aat	medium	300014109	
affixed to wood pulp cardboard	material	paper	aat-head-noun	aat	medium	300014224	
all-cotton curtis ruysdael paper	material	paper	aat-head-noun	aat	medium	300014109	
all-cottoncurtis ruysdael paper	material	paper	aat-head-noun	aat	medium	300014109	
aluminum paper	material	paper	aat-full	aat	high	300183625	
andrews nelson whitehead watercolor paper	material	paper	aat-head-noun	aat	medium	300014109	
arches satine heavyweight paper	material	paper	aat-head-noun	aat	medium	300014109	
arches satine paper	material	paper	aat-head-noun	aat	medium	300014109	
arches satiné paper	material	paper	aat-head-noun	aat	medium	300014109	
arches silkscreen roll paper	material	paper	aat-head-noun	aat	medium	300014109	
arches watercolor paper	material	paper	aat-head-noun	aat	medium	300014109	
archival watercolor paper	material	paper	aat-head-noun	aat	medium	300014109	
beeswax coated hosho paper	material	paper	aat-head-noun	aat	medium	300014109	
black ink wrapped in white paper	material	paper	aat-head-noun	aat	medium	300014109	
blue paper	material	paper	aat-full	aat	high	300417192	
bristol board	material	paper	aat-full	aat	high	300014228	
brown washed paper	material	paper	aat-head-noun	aat	medium	300014109	
burned silver gelatin paper	material	paper	aat-head-noun	aat	medium	300014109	
canson charcoal paper	material	paper	aat-head-noun	aat	medium	300014109	
canvas board	material	paper	aat-full	aat	high	300014236	
card stock	material	paper	aat-full	aat	high	300411321	
cardboard	material	paper	aat-full	aat	high	300014224	
cartridge paper	material	paper	aat-full	aat	high	300014136	
charcoal gray paper	material	paper	aat-head-noun	aat	medium	300014109	
china paper	material	paper	aat-full	aat	high	300183651	
clamshell box covered in grey/brown paper	material	paper	aat-head-noun	aat	medium	300014109	
clay-coated cream wove paper	material	paper	aat-head-noun	aat	medium	300014109	
coated paper	material	paper	aat-full	aat	high	300312356	
complex weave: painted paper	material	paper	aat-head-noun	aat	medium	300014109	
construction paper	material	paper	aat-full	aat	high	300183668	
copperplate deluxe paper	material	paper	aat-head-noun	aat	medium	300014109	
corrugated cardboard	material	paper	aat-head-noun	aat	medium	300014224	
cotton paper	material	paper	aat-head-noun	aat	medium	300014109	
cover: marbled paper	material	paper	aat-head-noun	aat	medium	300014109	
dieu donné handmade cotton paper	material	paper	aat-head-noun	aat	medium	300014109	
english vellum graph paper	material	paper	aat-head-noun	aat	medium	300014109	
fabriano classico glazed-finish watercolor paper	material	paper	aat-head-noun	aat	medium	300014109	
fabriano classico watercolor paper	material	paper	aat-head-noun	aat	medium	300014109	
flocote enamel paper	material	paper	aat-head-noun	aat	medium	300014109	
foil covered cardboard	material	paper	aat-head-noun	aat	medium	300014224	
gampi silk tissue paper	material	paper	aat-head-noun	aat	medium	300014109	
german copperplate paper	material	paper	aat-head-noun	aat	medium	300014109	
glassine	material	paper	aat-full	aat	high	300014140	
glazed paper	material	paper	aat-full	aat	high	300404014	
gold foil paper	material	paper	aat-head-noun	aat	medium	300014109	
gold gilt paper	material	paper	aat-head-noun	aat	medium	300014109	
gold leaf paper	material	paper	aat-head-noun	aat	medium	300014109	
gold metallic paper	material	paper	aat-head-noun	aat	medium	300014109	
gold paint paper	material	paper	aat-head-noun	aat	medium	300014109	
gold paper	material	paper	aat-head-noun	aat	medium	300014109	
gold tone paper	material	paper	aat-head-noun	aat	medium	300014109	
goldenrod paper	material	paper	aat-head-noun	aat	medium	300014109	
gram somerset satin enhanced paper	material	paper	aat-head-noun	aat	medium	300014109	
graph paper	material	paper	aat-full	aat	high	300014159	
gray maniai gampi clay-coated handmade paper	material	paper	aat-head-noun	aat	medium	300014109	
gray-brown strathmore charcoal paper	material	paper	aat-head-noun	aat	medium	300014109	
hahnemule watercolor paper	material	paper	aat-head-noun	aat	medium	300014109	
hand clay-coated paper	material	paper	aat-head-noun	aat	medium	300014109	
hand painted paper	material	paper	aat-head-noun	aat	medium	300014109	
hand-painted paper	material	paper	aat-head-noun	aat	medium	300014109	
handmade hemp paper	material	paper	aat-head-noun	aat	medium	300014109	
handmade linen rag paper	material	paper	aat-head-noun	aat	medium	300014109	
handmade paper	material	paper	aat-full	aat	high	300411543	
handmade royal watercolor paper	material	paper	aat-head-noun	aat	medium	300014109	
heavy cream watercolor arches paper	material	paper	aat-head-noun	aat	medium	300014109	
heavyweight stonehenge paper	material	paper	aat-head-noun	aat	medium	300014109	
hemp fiberand linen paper	material	paper	aat-head-noun	aat	medium	300014109	
ilford galerie prestige smooth gloss inkjet paper	material	paper	aat-head-noun	aat	medium	300014109	
illustration board	material	paper	aat-full	aat	high	300014229	
inkon orange wove paper	material	paper	aat-head-noun	aat	medium	300014109	
ivory arches laid paper	material	paper	aat-head-noun	aat	medium	300014109	
ivory arches wove paper	material	paper	aat-head-noun	aat	medium	300014109	
ivory decorated paper	material	paper	aat-head-noun	aat	medium	300014109	
ivory handmade paper	material	paper	aat-head-noun	aat	medium	300014109	
ivory laid holland van gelder paper	material	paper	aat-head-noun	aat	medium	300014109	
ivory laid paper	material	paper	aat-head-noun	aat	medium	300014109	
ivory montval laid paper	material	paper	aat-head-noun	aat	medium	300014109	
ivory montval paper	material	paper	aat-head-noun	aat	medium	300014109	
ivory paper	material	paper	aat-head-noun	aat	medium	300014109	
ivory wove arches paper	material	paper	aat-head-noun	aat	medium	300014109	
ivory wove lafuma paper	material	paper	aat-head-noun	aat	medium	300014109	
ivory wove rives bfk paper	material	paper	aat-head-noun	aat	medium	300014109	
japan paper	material	paper	aat-full	aat	high	300404752	
japan vellum paper	material	paper	aat-head-noun	aat	medium	300014109	
japanese vellum	material	paper	aat-full	aat	high	300256014	
japanese vellum paper	material	paper	aat-head-noun	aat	medium	300014109	
joined gold paper	material	paper	aat-head-noun	aat	medium	300014109	
kawanaka japanese vellum paper	material	paper	aat-head-noun	aat	medium	300014109	
kozo paper	material	paper	aat-head-noun	aat	medium	300014109	
lacquered paper	material	paper	aat-head-noun	aat	medium	300014109	
lafuma de voiron wove paper	material	paper	aat-head-noun	aat	medium	300014109	
laid paper	material	paper	aat-full	aat	high	300014184	
lb. white vicksburg vellum paper	material	paper	aat-head-noun	aat	medium	300014109	
lead based prepared ground applied to wove paper	material	paper	aat-head-noun	aat	medium	300014109	
leather shoe wrapped in tissue paper	material	paper	aat-head-noun	aat	medium	300014109	
light pink mingei momo paper	material	paper	aat-head-noun	aat	medium	300014109	
linen - finish paper	material	paper	aat-head-noun	aat	medium	300014109	
linen pulp paper	material	paper	aat-head-noun	aat	medium	300014109	
machine-made vellum-type paper	material	paper	aat-head-noun	aat	medium	300014109	
machine-madevellum-type paper	material	paper	aat-head-noun	aat	medium	300014109	
marbled paper	material	paper	aat-full	aat	high	300265095	
mat board	material	paper	aat-full	aat	high	300014232	
metallic paper	material	paper	aat-full	aat	high	300183843	
montgolfier annonay linen paper	material	paper	aat-head-noun	aat	medium	300014109	
mulberry paper	material	paper	aat-full	aat	high	300183846	
multi colored marbled paper	material	paper	aat-head-noun	aat	medium	300014109	
museo silver rag paper	material	paper	aat-head-noun	aat	medium	300014109	
museum board	material	paper	aat-full	aat	high	300014237	
newsprint	material	paper	aat-full	aat	high	300014137	
oilstickon paper	material	paper	aat-head-noun	aat	medium	300014109	
opaque watercolor.on paper	material	paper	aat-head-noun	aat	medium	300014109	
original glassine	material	paper	aat-head-noun	aat	medium	300014140	
painted cardboard	material	paper	aat-head-noun	aat	medium	300014224	
painted paper	material	paper	aat-head-noun	aat	medium	300014109	
pale blue tinted paper	material	paper	aat-head-noun	aat	medium	300014109	
paperboard	material	paper	aat-full	aat	high	300411320	
parchment paper	material	paper	aat-head-noun	aat	medium	300014109	
passantino brands staff paper	material	paper	aat-head-noun	aat	medium	300014109	
pastel.on paper	material	paper	aat-head-noun	aat	medium	300014109	
pearl dust fabriano classico glazed-finish watercolor paper	material	paper	aat-head-noun	aat	medium	300014109	
photocopy paper	material	paper	aat-head-noun	aat	medium	300014109	
photographic paper	material	paper	aat-full	aat	high	300014190	
pink - gray paper	material	paper	aat-head-noun	aat	medium	300014109	
pink fluorescent paper	material	paper	aat-head-noun	aat	medium	300014109	
pink paper	material	paper	aat-head-noun	aat	medium	300014109	
pink tinted paper	material	paper	aat-head-noun	aat	medium	300014109	
pink tissue paper	material	paper	aat-head-noun	aat	medium	300014109	
pink wove paper	material	paper	aat-head-noun	aat	medium	300014109	
pith paper	material	paper	aat-full	aat	high	300014129	
plastic coated paper	material	paper	aat-head-noun	aat	medium	300014109	
prepared paper	material	paper	aat-full	aat	high	300126359	
printed paper	material	paper	aat-head-noun	aat	medium	300014109	
protective boards covered in marbled paper	material	paper	aat-head-noun	aat	medium	300014109	
rag paper	material	paper	aat-full	aat	high	300014130	
rayon paper	material	paper	aat-full	aat	high	300389958	
revere felt paper	material	paper	aat-head-noun	aat	medium	300014109	
rising stonehenge paper	material	paper	aat-head-noun	aat	medium	300014109	
rives bfk	material	paper	llm	llm	medium	300404850	
rubber stampson light gray wove paper	material	paper	aat-head-noun	aat	medium	300014109	
salted paper	material	paper	aat-full	aat	high	300127389	
scored silver paper	material	paper	aat-head-noun	aat	medium	300014109	
scratched silver gelatin paper	material	paper	aat-head-noun	aat	medium	300014109	
shellac-stained paper	material	paper	aat-head-noun	aat	medium	300014109	
silk backed xuan zhi paper	material	paper	aat-head-noun	aat	medium	300014109	
silk mounted to paper	material	paper	aat-head-noun	aat	medium	300014109	
silk or paper	material	paper	aat-head-noun	aat	medium	300014109	
silver foil paper	material	paper	aat-head-noun	aat	medium	300014109	
silver gelatin paper	material	paper	aat-full	aat	high	300417482	
silver gilt mulberry paper	material	paper	aat-head-noun	aat	medium	300014109	
silver paper	material	paper	aat-head-noun	aat	medium	300014109	
silver-gray ingres antique laid paper	material	paper	aat-head-noun	aat	medium	300014109	
silver-leaf paper	material	paper	aat-head-noun	aat	medium	300014109	
silverbrook antique finish paper	material	paper	aat-head-noun	aat	medium	300014109	
silvered acetate adhered to paper	material	paper	aat-head-noun	aat	medium	300014109	
slip case boards are covered in marbled paper	material	paper	aat-head-noun	aat	medium	300014109	
slipcase covered in matching ivory paper	material	paper	aat-head-noun	aat	medium	300014109	
somerset satin enhanced paper	material	paper	aat-head-noun	aat	medium	300014109	
somerset satin heavyweight paper	material	paper	aat-head-noun	aat	medium	300014109	
somerset satin paper	material	paper	aat-head-noun	aat	medium	300014109	
somerset satin white paper	material	paper	aat-head-noun	aat	medium	300014109	
somerset statin paper	material	paper	aat-head-noun	aat	medium	300014109	
somerset velvet 280 lbs paper	material	paper	aat-head-noun	aat	medium	300014109	
somerset velvet black paper	material	paper	aat-head-noun	aat	medium	300014109	
somerset velvet enhanced paper	material	paper	aat-head-noun	aat	medium	300014109	
somerset velvet paper	material	paper	aat-head-noun	aat	medium	300014109	
stained tan parchmented paper	material	paper	aat-head-noun	aat	medium	300014109	
stonehendge paper	material	paper	aat-head-noun	aat	medium	300014109	
stonehenge cream paper	material	paper	aat-head-noun	aat	medium	300014109	
stonehenge paper	material	paper	aat-head-noun	aat	medium	300014109	
synthetic paper	material	paper	aat-full	aat	high	300386473	
textured watercolor paper	material	paper	aat-head-noun	aat	medium	300014109	
textured writing paper	material	paper	aat-head-noun	aat	medium	300014109	
tissue paper	material	paper	aat-full	aat	high	300014145	
tracing paper	material	paper	aat-full	aat	high	300014161	
transfer paper	material	paper	aat-full	aat	high	300014193	
washi paper	material	paper	aat-head-noun	aat	medium	300014109	
white 80 lb. vicksburg vellum test paper	material	paper	aat-head-noun	aat	medium	300014109	
white stonehenge paper	material	paper	aat-head-noun	aat	medium	300014109	
white wove douglass howell handmade paper	material	paper	aat-head-noun	aat	medium	300014109	
wood - grain veneer paper	material	paper	aat-head-noun	aat	medium	300014109	
wood-grain veneer paper	material	paper	aat-head-noun	aat	medium	300014109	
wove paper	material	paper	aat-full	aat	high	300014187	
wrapping paper	material	paper	aat-full	aat	high	300014177	
writing paper	material	paper	aat-full	aat	high	300014179	
green	material	pigment	llm	llm	medium	300128438	colour used as pigment
metallic pigment	material	pigment	llm	llm	medium		
pigment	material	pigment	llm	llm	medium		
underglazed decorative motifs in blue	material	pigment	llm	llm	medium	300129361	
yellow	material	pigment	llm	llm	medium	300127794	colour used as pigment
applied seed	material	plant material	aat-head-noun	aat	medium	300011902	
artificial flower	material	plant material	aat-head-noun	aat	medium	300264247	
baltic birch plywood	material	plant material	aat-head-noun	aat	medium	300012849	
bamboo	material	plant material	aat-full	aat	high	300011873	
bamboo cane	material	plant material	aat-head-noun	aat	medium	300011864	
bamboo reed	material	plant material	aat-head-noun	aat	medium	300011878	
bark	material	plant material	aat-full	aat	high	300011860	
basketry made from the stem	material	plant material	aat-head-noun	aat	medium	300230057	
bast	material	plant material	aat-full	aat	high	300048153	
bast fiber	material	plant material	llm	llm	medium		
bast fiber - bamboo	material	plant material	aat-head-noun	aat	medium	300011873	
birch bark	material	plant material	aat-full	aat	high	300379355	
black net. straw	material	plant material	aat-head-noun	aat	medium	300011908	
black raffia	material	plant material	aat-head-noun	aat	medium	300014051	
braided rattan	material	plant material	aat-head-noun	aat	medium	300011865	
brown ikat raffia	material	plant material	aat-head-noun	aat	medium	300014051	
brown raffia	material	plant material	aat-head-noun	aat	medium	300014051	
camelid fiber	material	plant material	llm	llm	medium		
camwood bark	material	plant material	aat-head-noun	aat	medium	300011860	
cedar bark	material	plant material	aat-head-noun	aat	medium	300011860	
cedar root	material	plant material	aat-head-noun	aat	medium	300081475	
charcoal	material	plant material	aat-full	aat	high	300012862	
cherry bark	material	plant material	aat-head-noun	aat	medium	300011860	
coconut bast	material	plant material	aat-head-noun	aat	medium	300048153	
coconut husk	material	plant material	aat-head-noun	aat	medium	300011890	
coconut shell	material	plant material	aat-full	aat	high	300451330	
coiled straw	material	plant material	aat-head-noun	aat	medium	300011908	
coix seed	material	plant material	aat-head-noun	aat	medium	300011902	
commercial round reed	material	plant material	aat-head-noun	aat	medium	300011878	
conifer root	material	plant material	aat-head-noun	aat	medium	300081475	
cork	material	plant material	aat-full	aat	high	300011862	
cotton flower	material	plant material	aat-head-noun	aat	medium	300264247	
crinkle ramie	material	plant material	aat-head-noun	aat	medium	300014071	
crocheted straw	material	plant material	aat-head-noun	aat	medium	300011908	
embroidered synthetic plain weave flower	material	plant material	aat-head-noun	aat	medium	300264247	
fiber	material	plant material	llm	llm	medium		
fiber - rattan	material	plant material	aat-head-noun	aat	medium	300011865	
fiber - spruce root	material	plant material	aat-head-noun	aat	medium	300081475	
fiber including bast	material	plant material	aat-head-noun	aat	medium	300048153	
flax	material	plant material	aat-full	aat	high	300014041	
flower	material	plant material	aat-full	aat	high	300264247	
found vintage seed	material	plant material	aat-head-noun	aat	medium	300011902	
gampi	material	plant material	aat-full	aat	high	300080316	
girl scattering flower	material	plant material	aat-head-noun	aat	medium	300264247	
hand woven hemp	material	plant material	aat-head-noun	aat	medium	300014043	
handmade gampi	material	plant material	aat-head-noun	aat	medium	300080316	
hardboard	material	plant material	aat-full	aat	high	300014203	
hemlock bark	material	plant material	aat-head-noun	aat	medium	300011860	
hemp	material	plant material	aat-full	aat	high	300014043	
jeffrey pine root	material	plant material	aat-head-noun	aat	medium	300081475	
jute	material	plant material	aat-full	aat	high	300014045	
laminated plywood	material	plant material	aat-head-noun	aat	medium	300012849	
madder root	material	plant material	aat-head-noun	aat	medium	300081475	
mangrove root	material	plant material	aat-head-noun	aat	medium	300081475	
metallic coated plastic seed	material	plant material	aat-head-noun	aat	medium	300011902	
molded ash plywood	material	plant material	aat-head-noun	aat	medium	300012849	
mulberry bark	material	plant material	aat-head-noun	aat	medium	300011860	
mulberry root	material	plant material	aat-head-noun	aat	medium	300081475	
multicolor cane	material	plant material	aat-head-noun	aat	medium	300011864	
natural wood grain	material	plant material	aat-head-noun	aat	medium	300011871	
oak veneer plywood	material	plant material	aat-head-noun	aat	medium	300012849	
orange flower	material	plant material	aat-head-noun	aat	medium	300264247	
orchid stem	material	plant material	aat-head-noun	aat	medium	300230057	
organza flower	material	plant material	aat-head-noun	aat	medium	300264247	
palm leaf	material	plant material	aat-full	aat	high	300011894	
palm leaf reed	material	plant material	aat-head-noun	aat	medium	300011878	
palm or bamboo	material	plant material	aat-head-noun	aat	medium	300011873	
palm tree seed	material	plant material	aat-head-noun	aat	medium	300011902	
paper pulp	material	plant material	aat-full	aat	high	300312208	
patinated 3/8 inch woven rattan	material	plant material	aat-head-noun	aat	medium	300011865	
patinated bamboo	material	plant material	aat-head-noun	aat	medium	300011873	
pigment in artist-made pulp	material	plant material	aat-head-noun	aat	medium	300012879	
pine bark	material	plant material	aat-head-noun	aat	medium	300011860	
plant material	material	plant material	aat-full	aat	high	300124117	
plastic flower	material	plant material	aat-head-noun	aat	medium	300264247	
plywood	material	plant material	aat-full	aat	high	300012849	
pod	material	plant material	aat-full	aat	high	300011898	
polychrome bark	material	plant material	aat-head-noun	aat	medium	300011860	
polychrome raffia flower	material	plant material	aat-head-noun	aat	medium	300264247	
powdered camwood bark	material	plant material	aat-head-noun	aat	medium	300011860	
pressed copper alloy metal flower	material	plant material	aat-head-noun	aat	medium	300264247	
r: charcoal	material	plant material	aat-head-noun	aat	medium	300012862	
raffia	material	plant material	aat-full	aat	high	300014051	
ramie	material	plant material	aat-full	aat	high	300014071	
rattan	material	plant material	aat-full	aat	high	300011865	
reed	material	plant material	aat-full	aat	high	300011878	
rhinestone flower	material	plant material	aat-head-noun	aat	medium	300264247	
ribbon flower	material	plant material	aat-head-noun	aat	medium	300264247	
root	material	plant material	aat-full	aat	high	300081475	
sawdust	material	plant material	aat-full	aat	high	300012834	
sedge root	material	plant material	aat-head-noun	aat	medium	300081475	
seed	material	plant material	aat-full	aat	high	300011902	
seed pod	material	plant material	aat-head-noun	aat	medium	300011898	
sennit seed	material	plant material	aat-head-noun	aat	medium	300011902	
silk flower	material	plant material	aat-head-noun	aat	medium	300264247	
silk velvet flower	material	plant material	aat-head-noun	aat	medium	300264247	
silk-wrapped metal flower stem	material	plant material	aat-head-noun	aat	medium	300230057	
sisal	material	plant material	aat-full	aat	high	300014039	
sitka spruce root	material	plant material	aat-head-noun	aat	medium	300081475	
split cane	material	plant material	aat-head-noun	aat	medium	300011864	
split rattan	material	plant material	aat-head-noun	aat	medium	300011865	
spruce root	material	plant material	aat-head-noun	aat	medium	300081475	
straw	material	plant material	aat-full	aat	high	300011908	
stumped charcoal	material	plant material	aat-head-noun	aat	medium	300012862	
synthetic raffia	material	plant material	aat-head-noun	aat	medium	300014051	
synthetic straw	material	plant material	aat-head-noun	aat	medium	300011908	
tobacco	material	plant material	aat-full	aat	high	300011896	
tuscan straw	material	plant material	aat-head-noun	aat	medium	300011908	
twisted string or sisal	material	plant material	aat-head-noun	aat	medium	300014039	
velvet appliqué flower	material	plant material	aat-head-noun	aat	medium	300264247	
velvet flower	material	plant material	aat-head-noun	aat	medium	300264247	
wax flower	material	plant material	aat-head-noun	aat	medium	300264247	
white charcoal	material	plant material	aat-head-noun	aat	medium	300012862	
white ramie	material	plant material	aat-head-noun	aat	medium	300014071	
wicker reed	material	plant material	aat-head-noun	aat	medium	300011878	
wood bark	material	plant material	aat-head-noun	aat	medium	300011860	
wood panel later transferred to hardboard	material	plant material	aat-head-noun	aat	medium	300014203	
wood pulp	material	plant material	aat-full	aat	high	300012881	
wove paper v: charcoal	material	plant material	aat-head-noun	aat	medium	300012862	
wove paperv: charcoal	material	plant material	aat-head-noun	aat	medium	300012862	
woven bamboo	material	plant material	aat-head-noun	aat	medium	300011873	
woven bark	material	plant material	aat-head-noun	aat	medium	300011860	
woven cane	material	plant material	aat-head-noun	aat	medium	300011864	
woven golden rattan	material	plant material	aat-head-noun	aat	medium	300011865	
woven raffia	material	plant material	aat-head-noun	aat	medium	300014051	
woven rattan	material	plant material	aat-head-noun	aat	medium	300011865	
woven reed	material	plant material	aat-head-noun	aat	medium	300011878	
woven reed or cane	material	plant material	aat-head-noun	aat	medium	300011864	
woven straw	material	plant material	aat-head-noun	aat	medium	300011908	
acetate	material	plastic	llm	llm	medium		
celluloid	material	plastic	llm	llm	medium	300014447	
cellulose nitrate	material	plastic	llm	llm	medium	300379863	
plastic	material	plastic	llm	llm	medium	300014570	
synthetic	material	plastic	llm	llm	medium	300218678	
biscuit porcelain	material	porcelain	aat-head-noun	aat	medium	300010662	
bone china	material	porcelain	aat-full	aat	high	300233473	
chinese celadon porcelain	material	porcelain	aat-head-noun	aat	medium	300010662	
chinese crackleware porcelain	material	porcelain	aat-head-noun	aat	medium	300010662	
chinese famille verte porcelain	material	porcelain	aat-head-noun	aat	medium	300010662	
chinese porcelain	material	porcelain	aat-head-noun	aat	medium	300010662	
commercial porcelain	material	porcelain	aat-head-noun	aat	medium	300010662	
crystaline glazed porcelain	material	porcelain	aat-head-noun	aat	medium	300010662	
dust-pressed porcelain	material	porcelain	aat-head-noun	aat	medium	300010662	
eggshell porcelain	material	porcelain	aat-full	aat	high	300263307	
enamel or porcelain	material	porcelain	aat-head-noun	aat	medium	300010662	
gilded porcelain	material	porcelain	aat-head-noun	aat	medium	300010662	
gilt decorated porcelain	material	porcelain	aat-head-noun	aat	medium	300010662	
gilt porcelain	material	porcelain	aat-head-noun	aat	medium	300010662	
glazed bisque porcelain	material	porcelain	aat-head-noun	aat	medium	300010662	
glazed porcelain	material	porcelain	aat-head-noun	aat	medium	300010662	
gold mounted porcelain	material	porcelain	aat-head-noun	aat	medium	300010662	
hand painted porcelain	material	porcelain	aat-head-noun	aat	medium	300010662	
hard paste porcelain	material	porcelain	aat-full	aat	high	300010663	
hard-paste biscuit porcelain	material	porcelain	aat-head-noun	aat	medium	300010662	
hard-paste porcelain	material	porcelain	aat-head-noun	aat	medium	300010662	
japanese kakiemon porcelain	material	porcelain	aat-head-noun	aat	medium	300010662	
parian porcelain	material	porcelain	aat-head-noun	aat	medium	300010662	
photo-silkscreened porcelain	material	porcelain	aat-head-noun	aat	medium	300010662	
polychrome painted porcelain	material	porcelain	aat-head-noun	aat	medium	300010662	
porcelain	material	porcelain	aat-full	aat	high	300010662	
saint cloud soft paste porcelain	material	porcelain	aat-head-noun	aat	medium	300010662	
soft paste porcelain	material	porcelain	aat-full	aat	high	300010665	
soft porcelain	material	porcelain	aat-head-noun	aat	medium	300010662	
soft-paste porcelain	material	porcelain	aat-head-noun	aat	medium	300010662	
solt-paste porcelain	material	porcelain	aat-head-noun	aat	medium	300010662	
unglazed porcelain	material	porcelain	aat-head-noun	aat	medium	300010662	
14k gold	material	precious metal	aat-head-noun	aat	medium	300011021	
24kt gold	material	precious metal	aat-head-noun	aat	medium	300011021	
air-brushed gold	material	precious metal	aat-head-noun	aat	medium	300011021	
applied gold	material	precious metal	aat-head-noun	aat	medium	300011021	
applied silver	material	precious metal	aat-head-noun	aat	medium	300011029	
binder stamp in gold	material	precious metal	aat-head-noun	aat	medium	300011021	
binder's stamp in gold	material	precious metal	aat-head-noun	aat	medium	300011021	
chased silver	material	precious metal	aat-head-noun	aat	medium	300011029	
diamonds set in gold	material	precious metal	aat-head-noun	aat	medium	300011021	
embossed silver	material	precious metal	aat-head-noun	aat	medium	300011029	
enamel & gold	material	precious metal	aat-head-noun	aat	medium	300011021	
enameled gold	material	precious metal	aat-head-noun	aat	medium	300011021	
engraved gold	material	precious metal	aat-head-noun	aat	medium	300011021	
engraved silver	material	precious metal	aat-head-noun	aat	medium	300011029	
etched silver	material	precious metal	aat-head-noun	aat	medium	300011029	
front endpaper leather stamped in gold	material	precious metal	aat-head-noun	aat	medium	300011021	
gelatin silver	material	precious metal	aat-head-noun	aat	medium	300011029	
gilded silver	material	precious metal	aat-head-noun	aat	medium	300011029	
gilt silver	material	precious metal	aat-head-noun	aat	medium	300011029	
gilt-wash sterling silver	material	precious metal	aat-head-noun	aat	medium	300011029	
gold	material	precious metal	aat-full	aat	high	300011021	
gold leaf	material	precious metal	aat-full	aat	high	300264831	
gold quartz in gold	material	precious metal	aat-head-noun	aat	medium	300011021	
hammered silver	material	precious metal	aat-head-noun	aat	medium	300011029	
hand hammered silver	material	precious metal	aat-head-noun	aat	medium	300011029	
initials in gold	material	precious metal	aat-head-noun	aat	medium	300011021	
lettering in gold	material	precious metal	aat-head-noun	aat	medium	300011021	
lettering stamped in gold	material	precious metal	aat-head-noun	aat	medium	300011021	
liquid gold	material	precious metal	aat-head-noun	aat	medium	300011021	
martele silver	material	precious metal	aat-head-noun	aat	medium	300011029	
metal - silver	material	precious metal	aat-head-noun	aat	medium	300011029	
metallic gold	material	precious metal	aat-head-noun	aat	medium	300011021	
old sheffield plate silver	material	precious metal	aat-head-noun	aat	medium	300011029	
overglaze gold	material	precious metal	aat-head-noun	aat	medium	300011021	
oxidized silver	material	precious metal	aat-head-noun	aat	medium	300011029	
parcel-gilt silver	material	precious metal	aat-head-noun	aat	medium	300011029	
pierced sterling silver	material	precious metal	aat-head-noun	aat	medium	300011029	
platinum	material	precious metal	aat-full	aat	high	300011031	
raised-paste gold	material	precious metal	aat-head-noun	aat	medium	300011021	
repousee silver	material	precious metal	aat-head-noun	aat	medium	300011029	
rosary: gold	material	precious metal	aat-head-noun	aat	medium	300011021	
ruby eyes set in gold	material	precious metal	aat-head-noun	aat	medium	300011021	
silver	material	precious metal	aat-full	aat	high	300011029	
silver gilt	material	precious metal	llm	llm	medium		
silver washed in gold	material	precious metal	aat-head-noun	aat	medium	300011021	
spine in gold	material	precious metal	aat-head-noun	aat	medium	300011021	
spine: title in gold	material	precious metal	aat-head-noun	aat	medium	300011021	
title in gold	material	precious metal	aat-head-noun	aat	medium	300011021	
vari-colored gold	material	precious metal	aat-head-noun	aat	medium	300011021	
various colored gold	material	precious metal	aat-head-noun	aat	medium	300011021	
yellow gold	material	precious metal	aat-head-noun	aat	medium	300011021	
cowrie shell	material	shell	llm	llm	medium	300011834	
mother-of-pearl	material	shell	llm	llm	medium		
mother-of-pearl stick	material	shell	llm	llm	medium		
pearl	material	shell	llm	llm	medium	300011827	
shell	material	shell	llm	llm	medium	300011829	
a) cotton b) rayon c) silk	material	silk	aat-head-noun	aat	medium	300014072	
a-b)pink silk	material	silk	aat-head-noun	aat	medium	300014072	
appliquéd silk	material	silk	aat-head-noun	aat	medium	300014072	
b&c)black wool e) silk	material	silk	aat-head-noun	aat	medium	300014072	
beige netted silk	material	silk	aat-head-noun	aat	medium	300014072	
beige silk	material	silk	aat-head-noun	aat	medium	300014072	
beige-brown-rust-green silk	material	silk	aat-head-noun	aat	medium	300014072	
black & beige silk	material	silk	aat-head-noun	aat	medium	300014072	
black embossed silk	material	silk	aat-head-noun	aat	medium	300014072	
black silk	material	silk	aat-head-noun	aat	medium	300014072	
black striped silk	material	silk	aat-head-noun	aat	medium	300014072	
black velvet silk	material	silk	aat-head-noun	aat	medium	300014072	
black-dyed silk	material	silk	aat-head-noun	aat	medium	300014072	
black/white/blue polka dot silk	material	silk	aat-head-noun	aat	medium	300014072	
blue metallic silk	material	silk	aat-head-noun	aat	medium	300014072	
blue silk	material	silk	aat-head-noun	aat	medium	300014072	
brocaded changeable silk	material	silk	aat-head-noun	aat	medium	300014072	
brocaded silk	material	silk	aat-head-noun	aat	medium	300014072	
brown plaid silk	material	silk	aat-head-noun	aat	medium	300014072	
brown silk	material	silk	aat-head-noun	aat	medium	300014072	
burgundy silk	material	silk	aat-head-noun	aat	medium	300014072	
china silk	material	silk	aat-head-noun	aat	medium	300014072	
chirimen silk	material	silk	aat-head-noun	aat	medium	300014072	
coat: silk	material	silk	aat-head-noun	aat	medium	300014072	
coated silk	material	silk	aat-head-noun	aat	medium	300014072	
cocoon silk	material	silk	aat-head-noun	aat	medium	300014072	
contemporary silk	material	silk	aat-head-noun	aat	medium	300014072	
corded silk	material	silk	aat-head-noun	aat	medium	300014072	
cotton and/or silk	material	silk	aat-head-noun	aat	medium	300014072	
cotton or silk	material	silk	aat-head-noun	aat	medium	300014072	
cotton. silk	material	silk	aat-head-noun	aat	medium	300014072	
couched metal-wrapped silk	material	silk	aat-head-noun	aat	medium	300014072	
cream china silk	material	silk	aat-head-noun	aat	medium	300014072	
cream corded silk	material	silk	aat-head-noun	aat	medium	300014072	
cream silk	material	silk	aat-head-noun	aat	medium	300014072	
cream/brown striped silk	material	silk	aat-head-noun	aat	medium	300014072	
crocheted silk	material	silk	aat-head-noun	aat	medium	300014072	
dark yellow silk	material	silk	aat-head-noun	aat	medium	300014072	
dress: silk	material	silk	aat-head-noun	aat	medium	300014072	
ecru silk	material	silk	aat-head-noun	aat	medium	300014072	
eggplant silk	material	silk	aat-head-noun	aat	medium	300014072	
embroidered ivory silk	material	silk	aat-head-noun	aat	medium	300014072	
embroidered silk	material	silk	aat-head-noun	aat	medium	300014072	
embroidered white silk	material	silk	aat-head-noun	aat	medium	300014072	
emerald green silk	material	silk	aat-head-noun	aat	medium	300014072	
enameled metal logo skirt: silk	material	silk	aat-head-noun	aat	medium	300014072	
face: silk	material	silk	aat-head-noun	aat	medium	300014072	
figured silk	material	silk	aat-head-noun	aat	medium	300014072	
floral brocaded silk	material	silk	aat-head-noun	aat	medium	300014072	
floss silk	material	silk	aat-head-noun	aat	medium	300014072	
gold colored silk	material	silk	aat-head-noun	aat	medium	300014072	
gold silk	material	silk	aat-head-noun	aat	medium	300014072	
gold thread silk	material	silk	aat-head-noun	aat	medium	300014072	
green/red blue floral silk	material	silk	aat-head-noun	aat	medium	300014072	
grey silk	material	silk	aat-head-noun	aat	medium	300014072	
gunma silk	material	silk	aat-head-noun	aat	medium	300014072	
hand painted silk	material	silk	aat-head-noun	aat	medium	300014072	
handspun silk	material	silk	aat-head-noun	aat	medium	300014072	
ice blue silk	material	silk	aat-head-noun	aat	medium	300014072	
ivory corded silk	material	silk	aat-head-noun	aat	medium	300014072	
ivory silk	material	silk	aat-head-noun	aat	medium	300014072	
jacket: silk	material	silk	aat-head-noun	aat	medium	300014072	
knit silk	material	silk	aat-head-noun	aat	medium	300014072	
knitted peach silk	material	silk	aat-head-noun	aat	medium	300014072	
knitted silk	material	silk	aat-head-noun	aat	medium	300014072	
knotted silk	material	silk	aat-head-noun	aat	medium	300014072	
lavender silk	material	silk	aat-head-noun	aat	medium	300014072	
lined in red silk	material	silk	aat-head-noun	aat	medium	300014072	
machine woven silk	material	silk	aat-head-noun	aat	medium	300014072	
maroon woven stripe silk	material	silk	aat-head-noun	aat	medium	300014072	
mauve a) tweed b) silk	material	silk	aat-head-noun	aat	medium	300014072	
metal china silk	material	silk	aat-head-noun	aat	medium	300014072	
metal foil–wrapped silk	material	silk	aat-head-noun	aat	medium	300014072	
metal silk	material	silk	aat-head-noun	aat	medium	300014072	
metal wrapped silk	material	silk	aat-head-noun	aat	medium	300014072	
metal-wrapped silk	material	silk	aat-head-noun	aat	medium	300014072	
metallic brocaded silk	material	silk	aat-head-noun	aat	medium	300014072	
moire silk	material	silk	aat-head-noun	aat	medium	300014072	
moiré silk	material	silk	aat-head-noun	aat	medium	300014072	
native silk	material	silk	aat-head-noun	aat	medium	300014072	
navy chiffon silk	material	silk	aat-head-noun	aat	medium	300014072	
navy silk	material	silk	aat-head-noun	aat	medium	300014072	
navy woven silk	material	silk	aat-head-noun	aat	medium	300014072	
nylon silk	material	silk	aat-head-noun	aat	medium	300014072	
olive drab silk	material	silk	aat-head-noun	aat	medium	300014072	
olive green linen-weave silk	material	silk	aat-head-noun	aat	medium	300014072	
olive-green silk	material	silk	aat-head-noun	aat	medium	300014072	
openwork silk	material	silk	aat-head-noun	aat	medium	300014072	
orange silk	material	silk	aat-head-noun	aat	medium	300014072	
orange-red silk	material	silk	aat-head-noun	aat	medium	300014072	
padded silk	material	silk	aat-head-noun	aat	medium	300014072	
painted silk	material	silk	aat-head-noun	aat	medium	300014072	
pale green silk	material	silk	aat-head-noun	aat	medium	300014072	
parsi silk	material	silk	aat-head-noun	aat	medium	300014072	
patterned silk	material	silk	aat-head-noun	aat	medium	300014072	
pink silk	material	silk	aat-head-noun	aat	medium	300014072	
plain weave silk	material	silk	aat-head-noun	aat	medium	300014072	
pleated silk	material	silk	aat-head-noun	aat	medium	300014072	
polychrome embroidered silk	material	silk	aat-head-noun	aat	medium	300014072	
polychrome floral silk	material	silk	aat-head-noun	aat	medium	300014072	
polychrome silk	material	silk	aat-head-noun	aat	medium	300014072	
polychrome striped silk	material	silk	aat-head-noun	aat	medium	300014072	
purple silk	material	silk	aat-head-noun	aat	medium	300014072	
quilted silk	material	silk	aat-head-noun	aat	medium	300014072	
red & white silk	material	silk	aat-head-noun	aat	medium	300014072	
red silk	material	silk	aat-head-noun	aat	medium	300014072	
red slub silk	material	silk	aat-head-noun	aat	medium	300014072	
satin finished silk	material	silk	aat-head-noun	aat	medium	300014072	
sequin embroidered silk	material	silk	aat-head-noun	aat	medium	300014072	
shibori-dyed pleated silk	material	silk	aat-head-noun	aat	medium	300014072	
shot blue/brown silk	material	silk	aat-head-noun	aat	medium	300014072	
shot silk	material	silk	aat-head-noun	aat	medium	300014072	
silk	material	silk	aat-full	aat	high	300014072	
silk brocaded silk	material	silk	aat-head-noun	aat	medium	300014072	
silk brocaded w/ silk	material	silk	aat-head-noun	aat	medium	300014072	
silk silk	material	silk	aat-head-noun	aat	medium	300014072	
silver brocaded silk	material	silk	aat-head-noun	aat	medium	300014072	
silver thread brocaded silk	material	silk	aat-head-noun	aat	medium	300014072	
slub silk	material	silk	aat-head-noun	aat	medium	300014072	
striated silk	material	silk	aat-head-noun	aat	medium	300014072	
supplementary silk	material	silk	aat-head-noun	aat	medium	300014072	
synthetic silk	material	silk	aat-head-noun	aat	medium	300014072	
tabby silk	material	silk	aat-head-noun	aat	medium	300014072	
taffeta silk	material	silk	aat-head-noun	aat	medium	300014072	
tan silk	material	silk	aat-head-noun	aat	medium	300014072	
tea-rose silk	material	silk	aat-head-noun	aat	medium	300014072	
thai silk	material	silk	aat-head-noun	aat	medium	300014072	
turquoise figured silk	material	silk	aat-head-noun	aat	medium	300014072	
valenciennes lace - silk	material	silk	aat-head-noun	aat	medium	300014072	
wedding dress: silk	material	silk	aat-head-noun	aat	medium	300014072	
white brocaded silk	material	silk	aat-head-noun	aat	medium	300014072	
white doublecloth silk matelasse . silk	material	silk	aat-head-noun	aat	medium	300014072	
white ecru silk	material	silk	aat-head-noun	aat	medium	300014072	
white polka dot silk	material	silk	aat-head-noun	aat	medium	300014072	
white silk	material	silk	aat-head-noun	aat	medium	300014072	
yellow a & b) slub silk	material	silk	aat-head-noun	aat	medium	300014072	
yellow changeable silk	material	silk	aat-head-noun	aat	medium	300014072	
yellow silk	material	silk	aat-head-noun	aat	medium	300014072	
agate	material	stone	aat-full	aat	high	300011135	
alabaster ceramic stone	material	stone	aat-head-noun	aat	medium	300011176	
amethyst	material	stone	aat-full	aat	high	300011133	
andesite stone	material	stone	aat-head-noun	aat	medium	300011176	
applied glass stone	material	stone	aat-head-noun	aat	medium	300011176	
artificial topaz	material	stone	aat-head-noun	aat	medium	300011162	
attached colored stone	material	stone	aat-head-noun	aat	medium	300011176	
basalt stone	material	stone	aat-head-noun	aat	medium	300011176	
beige tint stone	material	stone	aat-head-noun	aat	medium	300011176	
black onyx	material	stone	aat-head-noun	aat	medium	300011136	
black stone	material	stone	aat-head-noun	aat	medium	300011176	
black-brown stone	material	stone	aat-head-noun	aat	medium	300011176	
blue agate	material	stone	aat-head-noun	aat	medium	300011135	
bowenite	material	stone	aat-full	aat	high	300379310	
brown agate	material	stone	aat-head-noun	aat	medium	300011135	
brown stone	material	stone	aat-head-noun	aat	medium	300011176	
brown-yellow inks from two stone	material	stone	aat-head-noun	aat	medium	300011176	
carnelian	material	stone	aat-full	aat	high	300133223	
ceramic or stone	material	stone	aat-head-noun	aat	medium	300011176	
chinese jade	material	stone	aat-head-noun	aat	medium	300011119	
diamond	material	stone	aat-full	aat	high	300011084	
emerald	material	stone	aat-full	aat	high	300011074	
emerald quartz	material	stone	aat-head-noun	aat	medium	300011132	
faceted glass stone	material	stone	aat-head-noun	aat	medium	300011176	
faceted stone	material	stone	aat-head-noun	aat	medium	300011176	
faux stone	material	stone	aat-head-noun	aat	medium	300011176	
flint	material	stone	aat-full	aat	high	300011143	
garnet	material	stone	aat-full	aat	high	300011097	
gemstone	material	stone	aat-full	aat	high	300201964	
glass jet	material	stone	aat-head-noun	aat	medium	300045514	
glass stone	material	stone	aat-head-noun	aat	medium	300011176	
green gravel	material	stone	aat-head-noun	aat	medium	300011689	
green stone	material	stone	aat-head-noun	aat	medium	300011176	
green-brown stone	material	stone	aat-head-noun	aat	medium	300011176	
greenish black stone	material	stone	aat-head-noun	aat	medium	300011176	
grey stone	material	stone	aat-head-noun	aat	medium	300011176	
hardstones including agate	material	stone	aat-head-noun	aat	medium	300011135	
imitation aquamarine	material	stone	aat-head-noun	aat	medium	300011073	
imitation jade	material	stone	aat-head-noun	aat	medium	300011119	
imitation jet	material	stone	aat-head-noun	aat	medium	300045514	
incised green stone	material	stone	aat-head-noun	aat	medium	300011176	
indian jade	material	stone	aat-head-noun	aat	medium	300011119	
jade	material	stone	aat-full	aat	high	300011119	
jade or jadeite	material	stone	aat-head-noun	aat	medium	300011121	
jadeite	material	stone	aat-full	aat	high	300011121	
jasper	material	stone	aat-full	aat	high	300011151	
jet	material	stone	aat-full	aat	high	300045514	
lapis lazuli	material	stone	aat-full	aat	high	300011122	
malachite	material	stone	aat-full	aat	high	300011123	
marble dust	material	stone	aat-full	aat	high	300133202	
marcasite	material	stone	aat-full	aat	high	300011111	
matte garnet	material	stone	aat-head-noun	aat	medium	300011097	
medium brown stone	material	stone	aat-head-noun	aat	medium	300011176	
meerschaum	material	stone	aat-full	aat	high	300076527	
molded plastic stone	material	stone	aat-head-noun	aat	medium	300011176	
moonstone	material	stone	aat-full	aat	high	300011090	
moss agate	material	stone	aat-full	aat	high	300264634	
natural emerald	material	stone	aat-head-noun	aat	medium	300011074	
nephrite	material	stone	aat-full	aat	high	300011120	
nephrite jade	material	stone	aat-head-noun	aat	medium	300011119	
new stone	material	stone	aat-head-noun	aat	medium	300011176	
onyx	material	stone	aat-full	aat	high	300011136	
opal	material	stone	aat-full	aat	high	300011129	
other stone	material	stone	aat-head-noun	aat	medium	300011176	
painted stone	material	stone	aat-head-noun	aat	medium	300011176	
pale green stone	material	stone	aat-head-noun	aat	medium	300011176	
paste stone	material	stone	aat-head-noun	aat	medium	300011176	
pea gravel	material	stone	aat-full	aat	high	300011690	
polished jasper	material	stone	aat-head-noun	aat	medium	300011151	
pyrite	material	stone	aat-full	aat	high	300011112	
quartz	material	stone	aat-full	aat	high	300011132	
red stone	material	stone	aat-head-noun	aat	medium	300011176	
reddish uncut stone	material	stone	aat-head-noun	aat	medium	300011176	
roman stone	material	stone	aat-head-noun	aat	medium	300011176	
rose diamond	material	stone	aat-head-noun	aat	medium	300011084	
ruby	material	stone	aat-full	aat	high	300011082	
sapphire	material	stone	aat-full	aat	high	300011083	
sardonyx	material	stone	aat-full	aat	high	300011137	
semi-precious stone	material	stone	aat-head-noun	aat	medium	300011176	
serpentine	material	stone	aat-full	aat	high	300011627	
serpentine or jadeite	material	stone	aat-head-noun	aat	medium	300011121	
serpentine stone	material	stone	aat-head-noun	aat	medium	300011176	
siberian jasper	material	stone	aat-head-noun	aat	medium	300011151	
silicified serpentine	material	stone	aat-head-noun	aat	medium	300011627	
soap stone	material	stone	aat-head-noun	aat	medium	300011176	
spinach jade	material	stone	aat-head-noun	aat	medium	300011119	
stone	material	stone	aat-full	aat	high	300011176	
stone - jade	material	stone	aat-head-noun	aat	medium	300011119	
stone- flint	material	stone	aat-head-noun	aat	medium	300011143	
synthetic gemstone	material	stone	aat-head-noun	aat	medium	300201964	
tan stone	material	stone	aat-head-noun	aat	medium	300011176	
tint stone	material	stone	aat-head-noun	aat	medium	300011176	
tortoise or jet	material	stone	aat-head-noun	aat	medium	300045514	
travertine stone	material	stone	aat-head-noun	aat	medium	300011176	
turquoise	material	stone	aat-full	aat	high	300011164	
volcanic stone	material	stone	aat-head-noun	aat	medium	300011176	
weathered basalt stone	material	stone	aat-head-noun	aat	medium	300011176	
yellow-tone stone	material	stone	aat-head-noun	aat	medium	300011176	
barkcloth	material	textile fibre	llm	llm	medium		
batiste	material	textile fibre	llm	llm	medium	300183634	
chiffon	material	textile fibre	llm	llm	medium	300249449	
cloth	material	textile fibre	llm	llm	medium	300162391	
complex weave	material	textile fibre	llm	llm	medium		misfiled as material; technique=weaving
compound weave	material	textile fibre	llm	llm	medium	300417499	misfiled as material; technique=weaving
discontinuous supplementary-weft patterning	material	textile fibre	llm	llm	medium	300248891	misfiled as material; technique=weaving
embroidered linen	material	textile fibre	llm	llm	medium	300014069	
fabric	material	textile fibre	llm	llm	medium		
felt	material	textile fibre	llm	llm	medium	300014107	
gauze	material	textile fibre	llm	llm	medium	300014083	
knitting	material	textile fibre	llm	llm	medium	300053634	misfiled as material; technique=knitting/knotting
linen	material	textile fibre	llm	llm	medium	300014069	
net	material	textile fibre	llm	llm	medium	300249438	
nylon	material	textile fibre	llm	llm	medium	300014462	
polyester	material	textile fibre	llm	llm	medium	300014546	
rayon	material	textile fibre	llm	llm	medium	300014059	
satin	material	textile fibre	llm	llm	medium	300132902	
silk brocade	material	textile fibre	llm	llm	medium	300227779	
silk chiffon	material	textile fibre	llm	llm	medium	300249449	
silk crepe	material	textile fibre	llm	llm	medium	300183741	
silk gros de tour	material	textile fibre	llm	llm	medium		
silk lining	material	textile fibre	llm	llm	medium	300162124	
silk net	material	textile fibre	llm	llm	medium	300249438	
silk satin	material	textile fibre	llm	llm	medium	300132902	
silk taffeta	material	textile fibre	llm	llm	medium	300249434	
silk tulle	material	textile fibre	llm	llm	medium	300256611	
silk velvet	material	textile fibre	llm	llm	medium	300133711	
taffeta	material	textile fibre	llm	llm	medium	300249434	
tapa cloth	material	textile fibre	llm	llm	medium	300162391	
tulle	material	textile fibre	llm	llm	medium	300256611	
velvet	material	textile fibre	llm	llm	medium	300133711	
white linen	material	textile fibre	llm	llm	medium	300014069	
wool felt	material	textile fibre	llm	llm	medium	300014107	
bead	material	trim	llm	llm	medium	300261776	
chenille	material	trim	llm	llm	medium	300227801	
fringe	material	trim	llm	llm	medium	300227830	
glass bead	material	trim	llm	llm	medium	300261776	
glass seed bead	material	trim	llm	llm	medium	300261776	
grosgrain	material	trim	llm	llm	medium		
ribbon	material	trim	llm	llm	medium	300014668	
sequin	material	trim	llm	llm	medium		
silk ribbon	material	trim	llm	llm	medium	300014668	
silk tassel	material	trim	llm	llm	medium	300232185	
tassel	material	trim	llm	llm	medium	300232185	
wax	material	wax	llm	llm	medium	300014585	
a) wood	material	wood	aat-head-noun	aat	medium	300011914	
acrylic panel	material	wood	aat-head-noun	aat	medium	300014657	
alder	material	wood	aat-full	aat	high	300011918	
alder wood	material	wood	aat-head-noun	aat	medium	300011914	
algarroba wood	material	wood	aat-head-noun	aat	medium	300011914	
alstonia wood	material	wood	aat-head-noun	aat	medium	300011914	
and wood	material	wood	aat-head-noun	aat	medium	300011914	
b) wood	material	wood	aat-head-noun	aat	medium	300011914	
balsa	material	wood	aat-full	aat	high	300012512	
balsa wood	material	wood	aat-head-noun	aat	medium	300011914	
beech	material	wood	aat-full	aat	high	300011948	
bent wood	material	wood	aat-head-noun	aat	medium	300011914	
birch wood	material	wood	aat-head-noun	aat	medium	300011914	
black palm wood	material	wood	aat-head-noun	aat	medium	300011914	
black walnut	material	wood	aat-full	aat	high	300012478	
bloodwood	material	wood	aat-full	aat	high	300137734	
blue from walnut	material	wood	aat-head-noun	aat	medium	300012476	
boxwood	material	wood	aat-full	aat	high	300012002	
brier wood	material	wood	aat-head-noun	aat	medium	300011914	
burr wood	material	wood	aat-head-noun	aat	medium	300011914	
camphor wood	material	wood	aat-head-noun	aat	medium	300011914	
cedar	material	wood	aat-full	aat	high	300012514	
cedar wood	material	wood	aat-head-noun	aat	medium	300011914	
charred wood	material	wood	aat-head-noun	aat	medium	300011914	
cherry	material	wood	aat-full	aat	high	300012403	
cherry wood	material	wood	aat-head-noun	aat	medium	300011914	
coconut wood	material	wood	aat-head-noun	aat	medium	300011914	
composed wood	material	wood	aat-head-noun	aat	medium	300011914	
cottonwood	material	wood	aat-full	aat	high	300012383	
cottonwood or willow	material	wood	aat-head-noun	aat	medium	300012498	
curly maple	material	wood	aat-head-noun	aat	medium	300012236	
cyprus pine	material	wood	aat-head-noun	aat	medium	300012620	
darkened wood	material	wood	aat-head-noun	aat	medium	300011914	
ebonized cherry	material	wood	aat-head-noun	aat	medium	300012403	
ebonized fruitwood	material	wood	aat-head-noun	aat	medium	300137731	
ebony	material	wood	aat-full	aat	high	300012055	
ebony wood	material	wood	aat-head-noun	aat	medium	300011914	
elm	material	wood	aat-full	aat	high	300012070	
encrusted wood	material	wood	aat-head-noun	aat	medium	300011914	
english japanned oak	material	wood	aat-head-noun	aat	medium	300012264	
eroded wood	material	wood	aat-head-noun	aat	medium	300011914	
fiddleback maple	material	wood	aat-head-noun	aat	medium	300012236	
flexible wood	material	wood	aat-head-noun	aat	medium	300011914	
found wood	material	wood	aat-head-noun	aat	medium	300011914	
fruit wood	material	wood	aat-head-noun	aat	medium	300011914	
fruitwood	material	wood	aat-full	aat	high	300137731	
gilded beech	material	wood	aat-head-noun	aat	medium	300011948	
gilded walnut	material	wood	aat-head-noun	aat	medium	300012476	
gilded wood	material	wood	aat-head-noun	aat	medium	300011914	
gilt walnut	material	wood	aat-head-noun	aat	medium	300012476	
gilt wood	material	wood	aat-head-noun	aat	medium	300011914	
gold-stamped small pictorial panel	material	wood	aat-head-noun	aat	medium	300014657	
hammer) wood	material	wood	aat-head-noun	aat	medium	300011914	
hardwood	material	wood	aat-full	aat	high	300011916	
hawthorn	material	wood	aat-full	aat	high	300012132	
hawthorn wood	material	wood	aat-head-noun	aat	medium	300011914	
heavy wood	material	wood	aat-head-noun	aat	medium	300011914	
hickory	material	wood	aat-full	aat	high	300012134	
incised wood	material	wood	aat-head-noun	aat	medium	300011914	
iroko wood	material	wood	aat-head-noun	aat	medium	300011914	
iron wood	material	wood	aat-head-noun	aat	medium	300011914	
ironwood	material	wood	aat-full	aat	high	300012172	
ivory calf inlay trapezoidal panel	material	wood	aat-head-noun	aat	medium	300014657	
japanese lacquer panel	material	wood	aat-head-noun	aat	medium	300014657	
japanned wood	material	wood	aat-head-noun	aat	medium	300011914	
joined walnut	material	wood	aat-head-noun	aat	medium	300012476	
kingwood	material	wood	aat-full	aat	high	300136737	
kiri wood	material	wood	aat-head-noun	aat	medium	300011914	
koa	material	wood	aat-full	aat	high	300133251	
koa wood	material	wood	aat-head-noun	aat	medium	300011914	
kou wood	material	wood	aat-head-noun	aat	medium	300011914	
lacquered wood	material	wood	aat-head-noun	aat	medium	300011914	
laminated mahogany	material	wood	aat-head-noun	aat	medium	300012221	
laminated rosewood	material	wood	aat-head-noun	aat	medium	300012424	
laminated to wood panel	material	wood	aat-head-noun	aat	medium	300014657	
laminated wood	material	wood	aat-head-noun	aat	medium	300011914	
laurel	material	wood	aat-full	aat	high	300012188	
linden	material	wood	aat-full	aat	high	300012456	
linden wood	material	wood	aat-head-noun	aat	medium	300011914	
mahogany	material	wood	aat-full	aat	high	300012221	
maple	material	wood	aat-full	aat	high	300012236	
maple burl	material	wood	aat-head-noun	aat	medium	300374815	
mediterranean pine panel	material	wood	aat-head-noun	aat	medium	300014657	
metal b) wood	material	wood	aat-head-noun	aat	medium	300011914	
oak	material	wood	aat-full	aat	high	300012264	
olive wood	material	wood	aat-head-noun	aat	medium	300011914	
painted maple	material	wood	aat-head-noun	aat	medium	300012236	
painted oak	material	wood	aat-head-noun	aat	medium	300012264	
painted panel	material	wood	aat-head-noun	aat	medium	300014657	
painted plywood panel	material	wood	aat-head-noun	aat	medium	300014657	
painted walnut	material	wood	aat-head-noun	aat	medium	300012476	
painted wood	material	wood	aat-head-noun	aat	medium	300011914	
palm wood	material	wood	aat-head-noun	aat	medium	300011914	
paper in custom mahogany	material	wood	aat-head-noun	aat	medium	300012221	
paper-covered wood	material	wood	aat-head-noun	aat	medium	300011914	
patinated wood	material	wood	aat-head-noun	aat	medium	300011914	
pear	material	wood	aat-full	aat	high	300012338	
pernambuco wood	material	wood	aat-head-noun	aat	medium	300011914	
pigmented wood	material	wood	aat-head-noun	aat	medium	300011914	
pine	material	wood	aat-full	aat	high	300012620	
pine poplar	material	wood	aat-head-noun	aat	medium	300012363	
pine wood	material	wood	aat-head-noun	aat	medium	300011914	
plaited grass or willow	material	wood	aat-head-noun	aat	medium	300012498	
plush wood	material	wood	aat-head-noun	aat	medium	300011914	
plywood panel	material	wood	aat-head-noun	aat	medium	300014657	
polychrome decorated wood	material	wood	aat-head-noun	aat	medium	300011914	
polychrome pine	material	wood	aat-head-noun	aat	medium	300012620	
polychrome wood	material	wood	aat-head-noun	aat	medium	300011914	
polychromed linden wood	material	wood	aat-head-noun	aat	medium	300011914	
polychromed pine	material	wood	aat-head-noun	aat	medium	300012620	
polychromed walnut	material	wood	aat-head-noun	aat	medium	300012476	
polychromed wood	material	wood	aat-head-noun	aat	medium	300011914	
poplar	material	wood	aat-full	aat	high	300012363	
possibly beech	material	wood	aat-head-noun	aat	medium	300011948	
pressed wood	material	wood	aat-head-noun	aat	medium	300011914	
purple heart wood	material	wood	aat-head-noun	aat	medium	300011914	
purpleheart	material	wood	aat-full	aat	high	300012419	
red stained cherry wood	material	wood	aat-head-noun	aat	medium	300011914	
red stained gumwood	material	wood	aat-head-noun	aat	medium	300012091	
redwood	material	wood	aat-full	aat	high	300012713	
resin-coated aluminum panel	material	wood	aat-head-noun	aat	medium	300014657	
rose wood	material	wood	aat-head-noun	aat	medium	300011914	
rosewood	material	wood	aat-full	aat	high	300012424	
satinwood	material	wood	aat-full	aat	high	300012451	
several wood	material	wood	aat-head-noun	aat	medium	300011914	
shaped wood	material	wood	aat-head-noun	aat	medium	300011914	
sitka spruce	material	wood	aat-full	aat	high	300012760	
soft wood	material	wood	aat-head-noun	aat	medium	300011914	
spruce	material	wood	aat-full	aat	high	300012726	
sycamore	material	wood	aat-full	aat	high	300012357	
sycamore wood	material	wood	aat-head-noun	aat	medium	300011914	
teak	material	wood	aat-full	aat	high	300012453	
tulipwood	material	wood	aat-full	aat	high	300012469	
turned mahogany	material	wood	aat-head-noun	aat	medium	300012221	
various wood	material	wood	aat-head-noun	aat	medium	300011914	
virginia walnut	material	wood	aat-head-noun	aat	medium	300012476	
walnut	material	wood	aat-full	aat	high	300012476	
walnut burl	material	wood	aat-head-noun	aat	medium	300374815	
walnut wood	material	wood	aat-head-noun	aat	medium	300011914	
weathered wood	material	wood	aat-head-noun	aat	medium	300011914	
west african wood	material	wood	aat-head-noun	aat	medium	300011914	
white pine	material	wood	aat-full	aat	high	300343775	
white wood	material	wood	aat-head-noun	aat	medium	300011914	
willow	material	wood	aat-full	aat	high	300012498	
willow and/or cottonwood	material	wood	aat-head-noun	aat	medium	300012383	
wood	material	wood	aat-full	aat	high	300011914	
wood - walnut	material	wood	aat-head-noun	aat	medium	300012476	
wood ironwood	material	wood	aat-head-noun	aat	medium	300012172	
wood panel	material	wood	aat-head-noun	aat	medium	300014657	
yellow cedar	material	wood	aat-head-noun	aat	medium	300012514	
yellow poplar	material	wood	aat-head-noun	aat	medium	300012363	
a) wool	material	wool	aat-head-noun	aat	medium	300014074	
alpaca	material	wool	aat-full	aat	high	300014030	
alpaca wool	material	wool	aat-head-noun	aat	medium	300014074	
angora wool	material	wool	aat-full	aat	high	300014029	
appliqued wool	material	wool	aat-head-noun	aat	medium	300014074	
aubusson wool	material	wool	aat-head-noun	aat	medium	300014074	
black cashmere	material	wool	aat-head-noun	aat	medium	300192990	
black chalk stripe wool	material	wool	aat-head-noun	aat	medium	300014074	
black pinstripe wool	material	wool	aat-head-noun	aat	medium	300014074	
black plaid wool	material	wool	aat-head-noun	aat	medium	300014074	
black stretch wool	material	wool	aat-head-noun	aat	medium	300014074	
black wool	material	wool	aat-head-noun	aat	medium	300014074	
blue plaid wool	material	wool	aat-head-noun	aat	medium	300014074	
blue wool	material	wool	aat-head-noun	aat	medium	300014074	
blue/gray wool	material	wool	aat-head-noun	aat	medium	300014074	
bright orange wool	material	wool	aat-head-noun	aat	medium	300014074	
brocaded wool	material	wool	aat-head-noun	aat	medium	300014074	
brown houndstooth wool	material	wool	aat-head-noun	aat	medium	300014074	
brown pinstripe wool	material	wool	aat-head-noun	aat	medium	300014074	
brown wool	material	wool	aat-head-noun	aat	medium	300014074	
burgundy wool	material	wool	aat-head-noun	aat	medium	300014074	
camel wool	material	wool	aat-head-noun	aat	medium	300014074	
camelid hair or sheep's wool	material	wool	aat-head-noun	aat	medium	300014074	
cashmere	material	wool	aat-full	aat	high	300192990	
cashmere & wool	material	wool	aat-head-noun	aat	medium	300014074	
cashmere wool	material	wool	aat-head-noun	aat	medium	300014074	
charcoal cashmere	material	wool	aat-head-noun	aat	medium	300192990	
charcoal wool	material	wool	aat-head-noun	aat	medium	300014074	
coil weave alpaca	material	wool	aat-head-noun	aat	medium	300014030	
commercial wool	material	wool	aat-head-noun	aat	medium	300014074	
cotton wool	material	wool	aat-head-noun	aat	medium	300014074	
cream cashmere wool	material	wool	aat-head-noun	aat	medium	300014074	
cream wool	material	wool	aat-head-noun	aat	medium	300014074	
crocheted wool	material	wool	aat-head-noun	aat	medium	300014074	
dark gray wool	material	wool	aat-head-noun	aat	medium	300014074	
dark green wool	material	wool	aat-head-noun	aat	medium	300014074	
dark grey pinstripe wool	material	wool	aat-head-noun	aat	medium	300014074	
dark heather green wool	material	wool	aat-head-noun	aat	medium	300014074	
double-faced wool	material	wool	aat-head-noun	aat	medium	300014074	
dyed wool	material	wool	aat-head-noun	aat	medium	300014074	
ecru wool	material	wool	aat-head-noun	aat	medium	300014074	
embroidered wool	material	wool	aat-head-noun	aat	medium	300014074	
fulled wool	material	wool	aat-head-noun	aat	medium	300014074	
glazed worsted wool	material	wool	aat-head-noun	aat	medium	300014074	
goat wool	material	wool	aat-head-noun	aat	medium	300014074	
gold tweed wool	material	wool	aat-head-noun	aat	medium	300014074	
grain de poudre wool	material	wool	aat-head-noun	aat	medium	300014074	
gray wool	material	wool	aat-head-noun	aat	medium	300014074	
green boiled wool	material	wool	aat-head-noun	aat	medium	300014074	
green boucle wool	material	wool	aat-head-noun	aat	medium	300014074	
green brushed plaid wool	material	wool	aat-head-noun	aat	medium	300014074	
green wool	material	wool	aat-head-noun	aat	medium	300014074	
green/beige plaid wool	material	wool	aat-head-noun	aat	medium	300014074	
green/olive/purple mixed wool	material	wool	aat-head-noun	aat	medium	300014074	
grey cashmere	material	wool	aat-head-noun	aat	medium	300192990	
grey pinstripe wool	material	wool	aat-head-noun	aat	medium	300014074	
grey wool	material	wool	aat-head-noun	aat	medium	300014074	
grey wool or cashmere	material	wool	aat-head-noun	aat	medium	300192990	
hand dyed wool	material	wool	aat-head-noun	aat	medium	300014074	
hand-knit wool	material	wool	aat-head-noun	aat	medium	300014074	
handspun wool	material	wool	aat-head-noun	aat	medium	300014074	
heather green wool	material	wool	aat-head-noun	aat	medium	300014074	
ivory knitted wool	material	wool	aat-head-noun	aat	medium	300014074	
ivory wool	material	wool	aat-head-noun	aat	medium	300014074	
knit cashmere	material	wool	aat-head-noun	aat	medium	300192990	
knit mohair	material	wool	aat-head-noun	aat	medium	300192989	
knitted alpaca	material	wool	aat-head-noun	aat	medium	300014030	
knitted wool	material	wool	aat-head-noun	aat	medium	300014074	
lamb's wool	material	wool	aat-full	aat	high	300264680	
linen or wool	material	wool	aat-head-noun	aat	medium	300014074	
loom-knitted wool	material	wool	aat-head-noun	aat	medium	300014074	
lt. brown wool	material	wool	aat-head-noun	aat	medium	300014074	
machine embroidered wool	material	wool	aat-head-noun	aat	medium	300014074	
magenta cashmere	material	wool	aat-head-noun	aat	medium	300192990	
maroon wool	material	wool	aat-head-noun	aat	medium	300014074	
mohair	material	wool	aat-full	aat	high	300192989	
mountain goat wool	material	wool	aat-head-noun	aat	medium	300014074	
mulit-colored wool	material	wool	aat-head-noun	aat	medium	300014074	
navy blue wool	material	wool	aat-head-noun	aat	medium	300014074	
navy pinstripe wool	material	wool	aat-head-noun	aat	medium	300014074	
navy wool	material	wool	aat-head-noun	aat	medium	300014074	
olive green wool	material	wool	aat-head-noun	aat	medium	300014074	
orange red wool	material	wool	aat-head-noun	aat	medium	300014074	
orange wool	material	wool	aat-head-noun	aat	medium	300014074	
pale blue grey wool	material	wool	aat-head-noun	aat	medium	300014074	
persian lamb wool	material	wool	aat-head-noun	aat	medium	300014074	
pieced felted wool	material	wool	aat-head-noun	aat	medium	300014074	
pile woven alpaca	material	wool	aat-head-noun	aat	medium	300014030	
plaid double face wool	material	wool	aat-head-noun	aat	medium	300014074	
plaid tartan wool	material	wool	aat-head-noun	aat	medium	300014074	
plaid wool	material	wool	aat-head-noun	aat	medium	300014074	
plain wool	material	wool	aat-head-noun	aat	medium	300014074	
polychrome tissue wool	material	wool	aat-head-noun	aat	medium	300014074	
polychrome wool	material	wool	aat-head-noun	aat	medium	300014074	
purple wool	material	wool	aat-head-noun	aat	medium	300014074	
raspberry angora wool	material	wool	aat-head-noun	aat	medium	300014074	
red & yellow plaid wool	material	wool	aat-head-noun	aat	medium	300014074	
red wool	material	wool	aat-head-noun	aat	medium	300014074	
red-white-blue plaid wool	material	wool	aat-head-noun	aat	medium	300014074	
satin-faced wool	material	wool	aat-head-noun	aat	medium	300014074	
sheep's wool	material	wool	aat-head-noun	aat	medium	300014074	
silk & cashmere	material	wool	aat-head-noun	aat	medium	300192990	
silk cashmere	material	wool	aat-head-noun	aat	medium	300192990	
single face cashmere	material	wool	aat-head-noun	aat	medium	300192990	
smocked felted wool	material	wool	aat-head-noun	aat	medium	300014074	
solid double-knit wool	material	wool	aat-head-noun	aat	medium	300014074	
synthetic cashmere	material	wool	aat-head-noun	aat	medium	300192990	
thigh-spun merino	material	wool	aat-head-noun	aat	medium	300380171	
thin white wool	material	wool	aat-head-noun	aat	medium	300014074	
trade wool	material	wool	aat-head-noun	aat	medium	300014074	
turquoise cashmere	material	wool	aat-head-noun	aat	medium	300192990	
two-ply wool	material	wool	aat-head-noun	aat	medium	300014074	
white houndstooth wool	material	wool	aat-head-noun	aat	medium	300014074	
white wool	material	wool	aat-head-noun	aat	medium	300014074	
wool	material	wool	aat-full	aat	high	300014074	
worsted wool	material	wool	aat-head-noun	aat	medium	300014074	
woven alpaca	material	wool	aat-head-noun	aat	medium	300014030	
cord	material	yarn/thread	llm	llm	medium	300014247	
metal thread	material	yarn/thread	llm	llm	medium	300379384	
metallic thread	material	yarn/thread	llm	llm	medium	300014250	
string	material	yarn/thread	llm	llm	medium	300014249	
thread	material	yarn/thread	llm	llm	medium	300014250	
twine	material	yarn/thread	llm	llm	medium	300014251	
yarn	material	yarn/thread	llm	llm	medium	300014252	
1/16 plate ambrotype in thermoplastic union case	technique	(unrolled)	self	self	unrolled		
1/6 plate ambrotype in thermoplastic union case	technique	(unrolled)	self	self	unrolled		
11woodcut	technique	(unrolled)	self	self	unrolled		
12	technique	(unrolled)	self	self	unrolled		
17	technique	(unrolled)	self	self	unrolled		
18-point type gloucester old style in monotype composition from m & h type.	technique	(unrolled)	self	self	unrolled		
1etching	technique	(unrolled)	self	self	unrolled		
2 color photograph	technique	(unrolled)	self	self	unrolled		
2) essay printed by letterpres	technique	(unrolled)	self	self	unrolled		
2-color lithograph	technique	(unrolled)	self	self	unrolled		
21	technique	(unrolled)	self	self	unrolled		
3-color lithograph	technique	(unrolled)	self	self	unrolled		
3-d printed collage element	technique	(unrolled)	self	self	unrolled		
3m color	technique	(unrolled)	self	self	unrolled	300131647	
3m color-in-color	technique	(unrolled)	self	self	unrolled		
3mcolor-in-color	technique	(unrolled)	self	self	unrolled		
4	technique	(unrolled)	self	self	unrolled		
4-color lithograph	technique	(unrolled)	self	self	unrolled		
4-color photographic image	technique	(unrolled)	self	self	unrolled		
4-layer	technique	(unrolled)	self	self	unrolled		
5+1 offset lithograph	technique	(unrolled)	self	self	unrolled		
5-color lithograph	technique	(unrolled)	self	self	unrolled		
6	technique	(unrolled)	self	self	unrolled		
6-color lithograph	technique	(unrolled)	self	self	unrolled		
7-color lithograph	technique	(unrolled)	self	self	unrolled		
? thread embroidery	technique	(unrolled)	self	self	unrolled	300264024	
\color photo offset lithograph	technique	(unrolled)	self	self	unrolled		
a la poupée	technique	(unrolled)	self	self	unrolled		
a) lithograph	technique	(unrolled)	self	self	unrolled		
a) printed silk	technique	(unrolled)	self	self	unrolled	300014072	
a)blue/black/brown print silk chiffon w/ satin belt	technique	(unrolled)	self	self	unrolled		
accent	technique	(unrolled)	self	self	unrolled		
accented	technique	(unrolled)	self	self	unrolled		
accents acratched in	technique	(unrolled)	self	self	unrolled		
accents in darker tone	technique	(unrolled)	self	self	unrolled	300056173	
accessory stitching	technique	(unrolled)	self	self	unrolled	300053660	
accidental marks printed in colorfrom shaped plate	technique	(unrolled)	self	self	unrolled	300011041	
accompanied by 1 original photograph	technique	(unrolled)	self	self	unrolled		
accordion binding	technique	(unrolled)	self	self	unrolled	300421867	
accordion book	technique	(unrolled)	self	self	unrolled		
accordion book juxtaposing excerpt	technique	(unrolled)	self	self	unrolled		
accordion bound book	technique	(unrolled)	self	self	unrolled		
accordion fold book	technique	(unrolled)	self	self	unrolled		
accordion fold exhibition catalogue	technique	(unrolled)	self	self	unrolled	300026059	
accordion fold volume	technique	(unrolled)	self	self	unrolled	300055649	
accordion- fold page	technique	(unrolled)	self	self	unrolled		
accordion-fold book	technique	(unrolled)	self	self	unrolled		
accordion-fold page	technique	(unrolled)	self	self	unrolled		
accordion-fold reversible book	technique	(unrolled)	self	self	unrolled		
accordion-style book	technique	(unrolled)	self	self	unrolled		
acrylic potato	technique	(unrolled)	self	self	unrolled		
acyrlic	technique	(unrolled)	self	self	unrolled		
added	technique	(unrolled)	self	self	unrolled		
added after printing	technique	(unrolled)	self	self	unrolled	300053319	
added by pochoir	technique	(unrolled)	self	self	unrolled	300053436	
added collage element	technique	(unrolled)	self	self	unrolled		
addition	technique	(unrolled)	self	self	unrolled		
additional accent	technique	(unrolled)	self	self	unrolled		
additional color	technique	(unrolled)	self	self	unrolled	300131647	
additional color lithograph element	technique	(unrolled)	self	self	unrolled		
additional dotting by an engraving tool	technique	(unrolled)	self	self	unrolled		
additional drawing	technique	(unrolled)	self	self	unrolled	300054031	
additional hand coloringuire...	technique	(unrolled)	self	self	unrolled		
additional hand-coloring	technique	(unrolled)	self	self	unrolled		
additional illustration	technique	(unrolled)	self	self	unrolled	300054200	
additional lithograph	technique	(unrolled)	self	self	unrolled		
additionalhand coloring	technique	(unrolled)	self	self	unrolled		
additions by the artist	technique	(unrolled)	self	self	unrolled		
adhered elements printed	technique	(unrolled)	self	self	unrolled		
adhered lithographed collage element	technique	(unrolled)	self	self	unrolled		
adhered sheet	technique	(unrolled)	self	self	unrolled		
adhered to opposite corner	technique	(unrolled)	self	self	unrolled	300010275	
adhesive binding	technique	(unrolled)	self	self	unrolled	300421867	
aditional hand coloring	technique	(unrolled)	self	self	unrolled		
advertisement in artforum magazine	technique	(unrolled)	self	self	unrolled		
advertising	technique	(unrolled)	self	self	unrolled	300054347	
affixed	technique	(unrolled)	self	self	unrolled		
affixed to second sheet	technique	(unrolled)	self	self	unrolled		
after collage	technique	(unrolled)	self	self	unrolled	300138699	
after drawings by parmigianino	technique	(unrolled)	self	self	unrolled		
ahnd coloring	technique	(unrolled)	self	self	unrolled		
air brush	technique	(unrolled)	self	self	unrolled		
air brushed	technique	(unrolled)	self	self	unrolled		
airbrush	technique	(unrolled)	self	self	unrolled		
airbrushed	technique	(unrolled)	self	self	unrolled		
airbrushing	technique	(unrolled)	self	self	unrolled	300053405	
airplane	technique	(unrolled)	self	self	unrolled		
albumen carte de visite	technique	(unrolled)	self	self	unrolled		
albumen print from glass plate negative	technique	(unrolled)	self	self	unrolled	300173497	
albumen print from wet-collodion-on-glass negative	technique	(unrolled)	self	self	unrolled	300173497	
albumen print mounted	technique	(unrolled)	self	self	unrolled		
albumen print mounted to card stock	technique	(unrolled)	self	self	unrolled		
albumen silver print cabinet card	technique	(unrolled)	self	self	unrolled		
albumen silver print carte de visite	technique	(unrolled)	self	self	unrolled		
albumen silver print carte de visite photograph	technique	(unrolled)	self	self	unrolled		
albumen silver print carte-de-visite	technique	(unrolled)	self	self	unrolled		
albumen silver print carte-de-visite photograph	technique	(unrolled)	self	self	unrolled		
albumen silver print from a collodion-glass negative mounted	technique	(unrolled)	self	self	unrolled		
albumen silver print from a paper negative	technique	(unrolled)	self	self	unrolled	300173497	
albumen silver print from a paper negative mounted	technique	(unrolled)	self	self	unrolled		
albumen silver print from a wax paper negative	technique	(unrolled)	self	self	unrolled	300173497	
albumen silver print from collodion glass negative mounted to a thin album page	technique	(unrolled)	self	self	unrolled		
albumen silver print from collodion negative mounted	technique	(unrolled)	self	self	unrolled		
albumen silver print from glass collodion negative	technique	(unrolled)	self	self	unrolled	300173497	
albumen silver print from glass collodion negative mounted to an album page	technique	(unrolled)	self	self	unrolled		
albumen silver print from glass negative	technique	(unrolled)	self	self	unrolled	300173497	
albumen silver print from glass negative mounted to a heavy card	technique	(unrolled)	self	self	unrolled		
albumen silver print from glass negative mounted to an album page	technique	(unrolled)	self	self	unrolled		
albumen silver print from glass plate negative	technique	(unrolled)	self	self	unrolled	300173497	
albumen silver print from waxed paper negative	technique	(unrolled)	self	self	unrolled	300173497	
albumen silver print from wet plate negative	technique	(unrolled)	self	self	unrolled	300173497	
albumen silver print from wet-collodion-on-glass negative	technique	(unrolled)	self	self	unrolled	300173497	
albumen silver print from wet-collodion-on-glass negative mounted	technique	(unrolled)	self	self	unrolled		
albumen silver print from wet-collodion-on-glass negative mounted to a heavier sheet	technique	(unrolled)	self	self	unrolled		
albumen silver print micro-photograph	technique	(unrolled)	self	self	unrolled		
albumen silver print microphotograph	technique	(unrolled)	self	self	unrolled		
albumen silver print mounted	technique	(unrolled)	self	self	unrolled		
albumen silver print mounted as a carte de visite	technique	(unrolled)	self	self	unrolled		
albumen silver print mounted to a heavier sheet	technique	(unrolled)	self	self	unrolled		
albumen silver print mounted to a heavy sheet	technique	(unrolled)	self	self	unrolled		
albumen silver print mounted to album page	technique	(unrolled)	self	self	unrolled		
albumen silver print mounted to an album page mounted to an additional heavy sheet	technique	(unrolled)	self	self	unrolled		
albumen silver print mounted to blue paper	technique	(unrolled)	self	self	unrolled	300014109	
albumen silver print mounted to blue paperboard	technique	(unrolled)	self	self	unrolled	300411320	
albumen silver print mounted to card	technique	(unrolled)	self	self	unrolled		
albumen silver print mounted to card stock	technique	(unrolled)	self	self	unrolled		
albumen silver print mounted to paper	technique	(unrolled)	self	self	unrolled	300014109	
albumen silver print photograph	technique	(unrolled)	self	self	unrolled		
albumen silver print photograph cabinet card	technique	(unrolled)	self	self	unrolled		
albumen silver print photograph mounted to card	technique	(unrolled)	self	self	unrolled		
albumen silver print photograph mounted to card stock	technique	(unrolled)	self	self	unrolled		
albumen silver print photograph mounted to paper	technique	(unrolled)	self	self	unrolled	300014109	
albumen silver print photomicrograph	technique	(unrolled)	self	self	unrolled		
albumen silver prints from glass negative	technique	(unrolled)	self	self	unrolled	300173497	
albumenized salt	technique	(unrolled)	self	self	unrolled	300183627	
albumin	technique	(unrolled)	self	self	unrolled	300011794	
all 3 edge	technique	(unrolled)	self	self	unrolled		
all but slipcase illustration	technique	(unrolled)	self	self	unrolled	300054200	
all edges gilt	technique	(unrolled)	self	self	unrolled		
all printed chine collé	technique	(unrolled)	self	self	unrolled		
all prints removed	technique	(unrolled)	self	self	unrolled		
all reproductions are	technique	(unrolled)	self	self	unrolled		
altered intaglio	technique	(unrolled)	self	self	unrolled	300186231	
ambossing	technique	(unrolled)	self	self	unrolled		
ambrotype in book type leather case	technique	(unrolled)	self	self	unrolled		
ambrotype in thermoplastic union case	technique	(unrolled)	self	self	unrolled		
ambrotype in union case	technique	(unrolled)	self	self	unrolled		
and letterpresson white wove j.b. green paper	technique	(unrolled)	self	self	unrolled	300014109	
annotated sheet	technique	(unrolled)	self	self	unrolled		
another sheet	technique	(unrolled)	self	self	unrolled		
appled hammered metal sheet	technique	(unrolled)	self	self	unrolled		
applied	technique	(unrolled)	self	self	unrolled		
applied bead	technique	(unrolled)	self	self	unrolled	300261776	
applied braid	technique	(unrolled)	self	self	unrolled	300232186	
applied button	technique	(unrolled)	self	self	unrolled		
applied by hand	technique	(unrolled)	self	self	unrolled	300221683	
applied color	technique	(unrolled)	self	self	unrolled	300131647	
applied edge	technique	(unrolled)	self	self	unrolled		
applied embroidery	technique	(unrolled)	self	self	unrolled	300264024	
applied fring	technique	(unrolled)	self	self	unrolled		
applied hand cut	technique	(unrolled)	self	self	unrolled		
applied object	technique	(unrolled)	self	self	unrolled		
applied pigment	technique	(unrolled)	self	self	unrolled		
applied printed	technique	(unrolled)	self	self	unrolled		
applied trim	technique	(unrolled)	self	self	unrolled		
appliedaccessory object	technique	(unrolled)	self	self	unrolled		
applique embroidery	technique	(unrolled)	self	self	unrolled	300264024	
appliqued bead	technique	(unrolled)	self	self	unrolled	300261776	
appliqued embroidery	technique	(unrolled)	self	self	unrolled	300264024	
appliqué braid	technique	(unrolled)	self	self	unrolled	300232186	
appliquéd rosette	technique	(unrolled)	self	self	unrolled	300009972	
aqua	technique	(unrolled)	self	self	unrolled	300311045	
aqua printed wool	technique	(unrolled)	self	self	unrolled	300014074	
aquatint )	technique	(unrolled)	self	self	unrolled		
aquatint border	technique	(unrolled)	self	self	unrolled		
aquatint counterproof chine colle	technique	(unrolled)	self	self	unrolled		
aquatint etching printed in yellow	technique	(unrolled)	self	self	unrolled	300127794	
aquatint from two plate	technique	(unrolled)	self	self	unrolled	300011041	
aquatint ground	technique	(unrolled)	self	self	unrolled	300015297	
aquatint in black	technique	(unrolled)	self	self	unrolled	300130920	
aquatint in black ink	technique	(unrolled)	self	self	unrolled	300015012	
aquatint in blue ink	technique	(unrolled)	self	self	unrolled	300015012	
aquatint in brown ink	technique	(unrolled)	self	self	unrolled	300015012	
aquatint in brown-black ink	technique	(unrolled)	self	self	unrolled	300015012	
aquatint in col	technique	(unrolled)	self	self	unrolled		
aquatint in color	technique	(unrolled)	self	self	unrolled	300131647	
aquatint in gray	technique	(unrolled)	self	self	unrolled		
aquatint in gray ink	technique	(unrolled)	self	self	unrolled	300015012	
aquatint in gray-brown ink	technique	(unrolled)	self	self	unrolled	300015012	
aquatint in green ink	technique	(unrolled)	self	self	unrolled	300015012	
aquatint in image no. 1	technique	(unrolled)	self	self	unrolled		
aquatint in three color	technique	(unrolled)	self	self	unrolled	300131647	
aquatint in vellum wrapper	technique	(unrolled)	self	self	unrolled		
aquatint in yellow-brown ink	technique	(unrolled)	self	self	unrolled	300015012	
aquatint laid	technique	(unrolled)	self	self	unrolled		
aquatint mounted to plywood board	technique	(unrolled)	self	self	unrolled		
aquatint or lithograph	technique	(unrolled)	self	self	unrolled		
aquatint photograph-gravure printed in blue	technique	(unrolled)	self	self	unrolled	300129361	
aquatint plate	technique	(unrolled)	self	self	unrolled	300011041	
aquatint printed	technique	(unrolled)	self	self	unrolled		
aquatint printed a la poupee	technique	(unrolled)	self	self	unrolled		
aquatint printed in bistre	technique	(unrolled)	self	self	unrolled		
aquatint printed in black	technique	(unrolled)	self	self	unrolled	300130920	
aquatint printed in blue	technique	(unrolled)	self	self	unrolled	300129361	
aquatint printed in blue-green	technique	(unrolled)	self	self	unrolled		
aquatint printed in brown	technique	(unrolled)	self	self	unrolled	300127490	
aquatint printed in brown ink	technique	(unrolled)	self	self	unrolled	300015012	
aquatint printed in cadmium yellow-red	technique	(unrolled)	self	self	unrolled		
aquatint printed in color	technique	(unrolled)	self	self	unrolled	300131647	
aquatint printed in dark brown	technique	(unrolled)	self	self	unrolled	300127490	
aquatint printed in dark brown ink	technique	(unrolled)	self	self	unrolled	300015012	
aquatint printed in gray	technique	(unrolled)	self	self	unrolled		
aquatint printed in green	technique	(unrolled)	self	self	unrolled	300128438	
aquatint printed in green-gray	technique	(unrolled)	self	self	unrolled		
aquatint printed in lead white	technique	(unrolled)	self	self	unrolled	300107678	
aquatint printed in pink	technique	(unrolled)	self	self	unrolled	300124707	
aquatint printed in red	technique	(unrolled)	self	self	unrolled	300126225	
aquatint printed in red-brown	technique	(unrolled)	self	self	unrolled		
aquatint printed in reddish-brown	technique	(unrolled)	self	self	unrolled		
aquatint printed in tan	technique	(unrolled)	self	self	unrolled	300266248	
aquatint printed in two color	technique	(unrolled)	self	self	unrolled	300131647	
aquatint printed in two tone	technique	(unrolled)	self	self	unrolled	300056173	
aquatint printed in yellow	technique	(unrolled)	self	self	unrolled	300127794	
aquatint reveral	technique	(unrolled)	self	self	unrolled		
aquatint reversal	technique	(unrolled)	self	self	unrolled		
aquatint reversal collaged	technique	(unrolled)	self	self	unrolled		
aquatint scraping	technique	(unrolled)	self	self	unrolled	300053711	
aquatint spit bite	technique	(unrolled)	self	self	unrolled		
aquatint-etching	technique	(unrolled)	self	self	unrolled		
aquatint.	technique	(unrolled)	self	self	unrolled		
aquatint3	technique	(unrolled)	self	self	unrolled		
aquatint: spintbite	technique	(unrolled)	self	self	unrolled		
aquatint?	technique	(unrolled)	self	self	unrolled		
aquatinted	technique	(unrolled)	self	self	unrolled		
aquatinted cover	technique	(unrolled)	self	self	unrolled		
aquatinted paper	technique	(unrolled)	self	self	unrolled	300014109	
aquatints from la barre d'appui	technique	(unrolled)	self	self	unrolled		
aquatints in slipcase	technique	(unrolled)	self	self	unrolled		
aquatints printed	technique	(unrolled)	self	self	unrolled		
aquatints removed to print storage	technique	(unrolled)	self	self	unrolled	300056390	
aquatints.	technique	(unrolled)	self	self	unrolled		
aquatintson somerset paper	technique	(unrolled)	self	self	unrolled	300014109	
aquatitnt	technique	(unrolled)	self	self	unrolled		
aqueous media	technique	(unrolled)	self	self	unrolled	300163343	
arches cover paper printed in brown	technique	(unrolled)	self	self	unrolled	300127490	
arches wove wrapper	technique	(unrolled)	self	self	unrolled		
architectural blueprint	technique	(unrolled)	self	self	unrolled		
architectural model tree	technique	(unrolled)	self	self	unrolled		
archival inkjet	technique	(unrolled)	self	self	unrolled		
archival printed canva	technique	(unrolled)	self	self	unrolled		
are printed front	technique	(unrolled)	self	self	unrolled	300078767	
are reproduced as color lithograph	technique	(unrolled)	self	self	unrolled		
art	technique	(unrolled)	self	self	unrolled	300054138	
artist frame	technique	(unrolled)	self	self	unrolled		
artist names embossed	technique	(unrolled)	self	self	unrolled		
artist proof	technique	(unrolled)	self	self	unrolled		
artist's book containing 14 printed object	technique	(unrolled)	self	self	unrolled		
artist's frame	technique	(unrolled)	self	self	unrolled		
artist's hair	technique	(unrolled)	self	self	unrolled	300011814	
artist's inscription	technique	(unrolled)	self	self	unrolled		
asphaltum finger	technique	(unrolled)	self	self	unrolled		
assemblage	technique	(unrolled)	self	self	unrolled	300138696	
assembled	technique	(unrolled)	self	self	unrolled		
assembled beadwork	technique	(unrolled)	self	self	unrolled	300053647	
assembled puzzle.	technique	(unrolled)	self	self	unrolled		
assorted stamped	technique	(unrolled)	self	self	unrolled		
asymmetrical knot	technique	(unrolled)	self	self	unrolled		
attached	technique	(unrolled)	self	self	unrolled	300010271	
attached object	technique	(unrolled)	self	self	unrolled		
attached photocopie	technique	(unrolled)	self	self	unrolled		
attached to a second heavy sheet	technique	(unrolled)	self	self	unrolled		
auto-portrait de profil readymade multiple	technique	(unrolled)	self	self	unrolled		
autograph inscription	technique	(unrolled)	self	self	unrolled		
autograph letter	technique	(unrolled)	self	self	unrolled		
autographed heliogravure	technique	(unrolled)	self	self	unrolled		
autographed photograph	technique	(unrolled)	self	self	unrolled		
autographic text	technique	(unrolled)	self	self	unrolled	300250810	
ayrshire embroidery	technique	(unrolled)	self	self	unrolled	300264024	
back	technique	(unrolled)	self	self	unrolled		
back side	technique	(unrolled)	self	self	unrolled	300010289	
backed	technique	(unrolled)	self	self	unrolled		
background relief printing	technique	(unrolled)	self	self	unrolled	300053319	
backing	technique	(unrolled)	self	self	unrolled	300227764	
backrest	technique	(unrolled)	self	self	unrolled	300262278	
balanced interlocked tapestry weave	technique	(unrolled)	self	self	unrolled		
bas	technique	(unrolled)	self	self	unrolled		
basketry	technique	(unrolled)	self	self	unrolled	300404578	
batik	technique	(unrolled)	self	self	unrolled	300053050	
baule	technique	(unrolled)	self	self	unrolled	300016009	
baxter process color plate	technique	(unrolled)	self	self	unrolled	300011041	
bead embroidery	technique	(unrolled)	self	self	unrolled	300264024	
bead loom woven	technique	(unrolled)	self	self	unrolled		
bead veil	technique	(unrolled)	self	self	unrolled		
beaded ball trim	technique	(unrolled)	self	self	unrolled		
beaded brocade	technique	(unrolled)	self	self	unrolled	300227779	
beaded crochet	technique	(unrolled)	self	self	unrolled	300264038	
beaded net	technique	(unrolled)	self	self	unrolled	300249438	
beading	technique	(unrolled)	self	self	unrolled	300054013	
beads.	technique	(unrolled)	self	self	unrolled		
bear tooth	technique	(unrolled)	self	self	unrolled	300011855	
before the letter	technique	(unrolled)	self	self	unrolled		
before the two chiaroscuro block	technique	(unrolled)	self	self	unrolled		
beige embroidery	technique	(unrolled)	self	self	unrolled	300264024	
beige paisley print plain silk	technique	(unrolled)	self	self	unrolled	300014072	
bengaline	technique	(unrolled)	self	self	unrolled		
binding	technique	(unrolled)	self	self	unrolled	300421867	
bindingsc	technique	(unrolled)	self	self	unrolled		
bisque	technique	(unrolled)	self	self	unrolled		
bisque head	technique	(unrolled)	self	self	unrolled		
bitten tone	technique	(unrolled)	self	self	unrolled	300056173	
black	technique	(unrolled)	self	self	unrolled	300130920	
black & pink print silk	technique	(unrolled)	self	self	unrolled	300014072	
black & white a) printed silk crepe b) crepe	technique	(unrolled)	self	self	unrolled	300183741	
black & white braid	technique	(unrolled)	self	self	unrolled	300232186	
black & white printed silk chiffon	technique	(unrolled)	self	self	unrolled	300249449	
black brocade	technique	(unrolled)	self	self	unrolled	300227779	
black button	technique	(unrolled)	self	self	unrolled		
black carved stone	technique	(unrolled)	self	self	unrolled	300011176	
black chalk underdrawing	technique	(unrolled)	self	self	unrolled		
black crayon drawing	technique	(unrolled)	self	self	unrolled	300054031	
black crayon over-drawing	technique	(unrolled)	self	self	unrolled		
black cryon heightened	technique	(unrolled)	self	self	unrolled		
black design	technique	(unrolled)	self	self	unrolled	300054171	
black dot perforation	technique	(unrolled)	self	self	unrolled		
black flocking	technique	(unrolled)	self	self	unrolled	300053786	
black floral printed chiffon	technique	(unrolled)	self	self	unrolled	300249449	
black hard ground etchings & drawing	technique	(unrolled)	self	self	unrolled	300054031	
black ink drawing	technique	(unrolled)	self	self	unrolled	300054031	
black offset	technique	(unrolled)	self	self	unrolled		
black paper which has been printed again a second time	technique	(unrolled)	self	self	unrolled	300133089	
black print crepe de chine	technique	(unrolled)	self	self	unrolled		
black printed silk chiffon	technique	(unrolled)	self	self	unrolled	300249449	
black printing	technique	(unrolled)	self	self	unrolled	300053319	
black slip	technique	(unrolled)	self	self	unrolled	300010459	
black slip decoration.	technique	(unrolled)	self	self	unrolled		
black spit bite	technique	(unrolled)	self	self	unrolled		
black stencil duplicate print handbill	technique	(unrolled)	self	self	unrolled		
black tooling	technique	(unrolled)	self	self	unrolled	300053876	
black typographic	technique	(unrolled)	self	self	unrolled		
black white yellow embroidery	technique	(unrolled)	self	self	unrolled	300264024	
black-printed title to spine	technique	(unrolled)	self	self	unrolled		
blade	technique	(unrolled)	self	self	unrolled		
bleach drawing	technique	(unrolled)	self	self	unrolled	300054031	
bled image	technique	(unrolled)	self	self	unrolled		
bleed image	technique	(unrolled)	self	self	unrolled		
blend	technique	(unrolled)	self	self	unrolled		
blind embossed plate for	technique	(unrolled)	self	self	unrolled		
blind embossing	technique	(unrolled)	self	self	unrolled	300178639	
blind stamp decoration	technique	(unrolled)	self	self	unrolled	300056257	
blind tooled	technique	(unrolled)	self	self	unrolled		
blind tooling	technique	(unrolled)	self	self	unrolled	300252855	
blind-embossed	technique	(unrolled)	self	self	unrolled		
blind-embossed sheet	technique	(unrolled)	self	self	unrolled		
blind-tooled design	technique	(unrolled)	self	self	unrolled	300054171	
block	technique	(unrolled)	self	self	unrolled		
block overprinting	technique	(unrolled)	self	self	unrolled	300053324	
block print in color	technique	(unrolled)	self	self	unrolled	300131647	
block printed	technique	(unrolled)	self	self	unrolled		
block printed cotton	technique	(unrolled)	self	self	unrolled	300014067	
block printed overprinting	technique	(unrolled)	self	self	unrolled	300053324	
block printed watercolor	technique	(unrolled)	self	self	unrolled		
block-print	technique	(unrolled)	self	self	unrolled		
block-printed	technique	(unrolled)	self	self	unrolled		
block-printed cotton	technique	(unrolled)	self	self	unrolled	300014067	
block-printed linen	technique	(unrolled)	self	self	unrolled	300014069	
block-printed plain weave	technique	(unrolled)	self	self	unrolled		
blockprint	technique	(unrolled)	self	self	unrolled		
blockprint in color	technique	(unrolled)	self	self	unrolled	300131647	
blood trace	technique	(unrolled)	self	self	unrolled		
blouse: printed silk chiffon	technique	(unrolled)	self	self	unrolled	300249449	
blown color	technique	(unrolled)	self	self	unrolled	300131647	
blue aquatint paper	technique	(unrolled)	self	self	unrolled	300014109	
blue cord	technique	(unrolled)	self	self	unrolled	300014247	
blue cyanotype or sunprint	technique	(unrolled)	self	self	unrolled		
blue hand-stained	technique	(unrolled)	self	self	unrolled		
blue in a monotype manner	technique	(unrolled)	self	self	unrolled		
blue printed wool	technique	(unrolled)	self	self	unrolled	300014074	
blue silk gauze stenciled in gold	technique	(unrolled)	self	self	unrolled	300011021	
blue stencil duplicate print handbill	technique	(unrolled)	self	self	unrolled		
blue toned linocut	technique	(unrolled)	self	self	unrolled		
blue/rose/silver printed metallic silk gauze	technique	(unrolled)	self	self	unrolled	300014083	
blueline	technique	(unrolled)	self	self	unrolled		
bodycolor	technique	(unrolled)	self	self	unrolled		
bodycolor heghtened	technique	(unrolled)	self	self	unrolled		
bodycolor heightened	technique	(unrolled)	self	self	unrolled		
book	technique	(unrolled)	self	self	unrolled		
book containing reproduction	technique	(unrolled)	self	self	unrolled	300404313	
book in 2 volume	technique	(unrolled)	self	self	unrolled	300055649	
book in accordion binding	technique	(unrolled)	self	self	unrolled	300421867	
book in accordion-fold binding	technique	(unrolled)	self	self	unrolled	300421867	
book in french-door style binding	technique	(unrolled)	self	self	unrolled	300421867	
book in manuscript	technique	(unrolled)	self	self	unrolled		
book in modified accordion format	technique	(unrolled)	self	self	unrolled	300266038	
book in slipcase with11 lithograph	technique	(unrolled)	self	self	unrolled		
book in three part	technique	(unrolled)	self	self	unrolled		
book in two volume	technique	(unrolled)	self	self	unrolled	300055649	
book is cloth covered boards printed	technique	(unrolled)	self	self	unrolled		
book ofoffset lithograph	technique	(unrolled)	self	self	unrolled		
book printed in caslon old style type	technique	(unrolled)	self	self	unrolled	300233629	
bookplate printed in red	technique	(unrolled)	self	self	unrolled	300126225	
books bound in one volume	technique	(unrolled)	self	self	unrolled	300055649	
books bound together	technique	(unrolled)	self	self	unrolled		
books die-cut loose sheet	technique	(unrolled)	self	self	unrolled		
bookwith 61 photomechanical relief process reproduction	technique	(unrolled)	self	self	unrolled	300404313	
both mounted to a larger sheet	technique	(unrolled)	self	self	unrolled		
both side	technique	(unrolled)	self	self	unrolled	300010289	
bound	technique	(unrolled)	self	self	unrolled		
bound as a book	technique	(unrolled)	self	self	unrolled		
bound by sewing	technique	(unrolled)	self	self	unrolled	300053658	
bound in blue	technique	(unrolled)	self	self	unrolled	300129361	
bound in cloth-covered boards printed	technique	(unrolled)	self	self	unrolled		
bound in lithographed paper	technique	(unrolled)	self	self	unrolled	300014109	
bound sketchbook	technique	(unrolled)	self	self	unrolled		
bounded book	technique	(unrolled)	self	self	unrolled		
box: three-color screenprint	technique	(unrolled)	self	self	unrolled		
braid	technique	(unrolled)	self	self	unrolled	300232186	
braid applique	technique	(unrolled)	self	self	unrolled		
braided	technique	(unrolled)	self	self	unrolled		
braided cord	technique	(unrolled)	self	self	unrolled	300014247	
braided edge	technique	(unrolled)	self	self	unrolled		
braided fringe	technique	(unrolled)	self	self	unrolled	300227830	
braided horsehair ribbon	technique	(unrolled)	self	self	unrolled	300014668	
braided plant fiber	technique	(unrolled)	self	self	unrolled		
braided sennet	technique	(unrolled)	self	self	unrolled		
braided straw	technique	(unrolled)	self	self	unrolled	300011908	
braided string	technique	(unrolled)	self	self	unrolled	300014249	
braided twine	technique	(unrolled)	self	self	unrolled	300014251	
braided vegetable fiber	technique	(unrolled)	self	self	unrolled		
braiding	technique	(unrolled)	self	self	unrolled	300053638	
braidwork	technique	(unrolled)	self	self	unrolled		
brilliants frame	technique	(unrolled)	self	self	unrolled		
british coin	technique	(unrolled)	self	self	unrolled		
brocade cloque	technique	(unrolled)	self	self	unrolled		
brocade?	technique	(unrolled)	self	self	unrolled		
brocaded moire	technique	(unrolled)	self	self	unrolled	300400593	
bromide	technique	(unrolled)	self	self	unrolled		
bromoil	technique	(unrolled)	self	self	unrolled		
bromoil print photograph	technique	(unrolled)	self	self	unrolled		
brooch	technique	(unrolled)	self	self	unrolled		
brown chenille embroidery	technique	(unrolled)	self	self	unrolled	300264024	
brown cord	technique	(unrolled)	self	self	unrolled	300014247	
brown floral printed cotton	technique	(unrolled)	self	self	unrolled	300014067	
brown silk embroidery	technique	(unrolled)	self	self	unrolled	300264024	
brush andf spatter lithograph printed in green	technique	(unrolled)	self	self	unrolled	300128438	
brush color lithograph	technique	(unrolled)	self	self	unrolled		
brush drawing	technique	(unrolled)	self	self	unrolled	300054031	
brush lithograph printed in green	technique	(unrolled)	self	self	unrolled	300128438	
brush lithograph printed in olive-green	technique	(unrolled)	self	self	unrolled		
brush printed	technique	(unrolled)	self	self	unrolled		
buffed	technique	(unrolled)	self	self	unrolled		
bugle bead	technique	(unrolled)	self	self	unrolled	300261776	
buisiness card stapled in back	technique	(unrolled)	self	self	unrolled		
burned	technique	(unrolled)	self	self	unrolled		
burned area	technique	(unrolled)	self	self	unrolled	300055621	
burnich	technique	(unrolled)	self	self	unrolled		
burnish additions by the artist	technique	(unrolled)	self	self	unrolled		
burnished aquatint and/ or brush bite printed from the steel faced plate	technique	(unrolled)	self	self	unrolled	300011041	
burnished from the pit-firing proces	technique	(unrolled)	self	self	unrolled		
burnisher printed from the steel faced plate	technique	(unrolled)	self	self	unrolled	300011041	
burnishing printed from the steel faced plate	technique	(unrolled)	self	self	unrolled	300011041	
burnishing.	technique	(unrolled)	self	self	unrolled		
but also lithograph	technique	(unrolled)	self	self	unrolled		
but mostly photogravure plate	technique	(unrolled)	self	self	unrolled	300011041	
button	technique	(unrolled)	self	self	unrolled		
bwoodcut	technique	(unrolled)	self	self	unrolled		
by hand	technique	(unrolled)	self	self	unrolled	300221683	
c print mounted	technique	(unrolled)	self	self	unrolled		
c print photograph	technique	(unrolled)	self	self	unrolled		
c-print	technique	(unrolled)	self	self	unrolled		
c-print face mounted to non-glare plexi	technique	(unrolled)	self	self	unrolled		
c-print photographs mounted	technique	(unrolled)	self	self	unrolled		
ca. 250 engravings in the text	technique	(unrolled)	self	self	unrolled	300250810	
ca. 40 text illustration	technique	(unrolled)	self	self	unrolled	300054200	
cabinet	technique	(unrolled)	self	self	unrolled		
calendar	technique	(unrolled)	self	self	unrolled		
calendered	technique	(unrolled)	self	self	unrolled		
calendered rive	technique	(unrolled)	self	self	unrolled		
calendering	technique	(unrolled)	self	self	unrolled	300053137	
caligraph	technique	(unrolled)	self	self	unrolled		
callagraph	technique	(unrolled)	self	self	unrolled		
calligraphic text	technique	(unrolled)	self	self	unrolled	300250810	
calligraphy	technique	(unrolled)	self	self	unrolled	300053162	
camelid-fiber embroidery	technique	(unrolled)	self	self	unrolled	300264024	
camelid-fiber slit tapestry weave	technique	(unrolled)	self	self	unrolled		
camelid-fiber supplementary-weft patterning	technique	(unrolled)	self	self	unrolled	300248891	
canceled lithograph	technique	(unrolled)	self	self	unrolled		
cancelled linocut	technique	(unrolled)	self	self	unrolled		
candlewick embroidery	technique	(unrolled)	self	self	unrolled	300264024	
cane	technique	(unrolled)	self	self	unrolled	300011864	
caning	technique	(unrolled)	self	self	unrolled	300053599	
canvas by abudi print-tec	technique	(unrolled)	self	self	unrolled		
carbo	technique	(unrolled)	self	self	unrolled		
carbon print from glass negative	technique	(unrolled)	self	self	unrolled	300173497	
carbon print from wet-collodion-on-glass negative	technique	(unrolled)	self	self	unrolled	300173497	
carbon print mounted to blue paperboard	technique	(unrolled)	self	self	unrolled	300411320	
carbon print photograph	technique	(unrolled)	self	self	unrolled		
carborundum embossing	technique	(unrolled)	self	self	unrolled	300053826	
carborundum etching printed	technique	(unrolled)	self	self	unrolled		
carbro	technique	(unrolled)	self	self	unrolled		
card envelope	technique	(unrolled)	self	self	unrolled		
card stock printed	technique	(unrolled)	self	self	unrolled		
cardboard cut printed	technique	(unrolled)	self	self	unrolled		
caricature	technique	(unrolled)	self	self	unrolled		
cartoon drawing	technique	(unrolled)	self	self	unrolled	300054031	
carved agate	technique	(unrolled)	self	self	unrolled	300011135	
carved bamboo	technique	(unrolled)	self	self	unrolled	300011873	
carved birch	technique	(unrolled)	self	self	unrolled	300011973	
carved black lacquer	technique	(unrolled)	self	self	unrolled	300014916	
carved black stone	technique	(unrolled)	self	self	unrolled	300011176	
carved bone	technique	(unrolled)	self	self	unrolled	300011798	
carved boxwood	technique	(unrolled)	self	self	unrolled	300012002	
carved burl wood	technique	(unrolled)	self	self	unrolled	300011914	
carved coconut	technique	(unrolled)	self	self	unrolled		
carved deer horn	technique	(unrolled)	self	self	unrolled	300011826	
carved elephant ivory	technique	(unrolled)	self	self	unrolled	300011857	
carved elephant tusk	technique	(unrolled)	self	self	unrolled	300011856	
carved gilded wood	technique	(unrolled)	self	self	unrolled	300011914	
carved granite base	technique	(unrolled)	self	self	unrolled	300237910	
carved ivory	technique	(unrolled)	self	self	unrolled	300011857	
carved ivory guard	technique	(unrolled)	self	self	unrolled		
carved ivory plaque	technique	(unrolled)	self	self	unrolled		
carved ivory stick	technique	(unrolled)	self	self	unrolled		
carved limewood	technique	(unrolled)	self	self	unrolled		
carved linden wood	technique	(unrolled)	self	self	unrolled	300011914	
carved mahogany	technique	(unrolled)	self	self	unrolled	300012221	
carved mahogany painted to simulate rosewood	technique	(unrolled)	self	self	unrolled	300012424	
carved marble	technique	(unrolled)	self	self	unrolled	300011443	
carved mother-of-pearl stick	technique	(unrolled)	self	self	unrolled		
carved oak	technique	(unrolled)	self	self	unrolled	300012264	
carved oak panel	technique	(unrolled)	self	self	unrolled	300014657	
carved root wood	technique	(unrolled)	self	self	unrolled	300011914	
carved rose quartz	technique	(unrolled)	self	self	unrolled	300011132	
carved sandstone	technique	(unrolled)	self	self	unrolled	300011376	
carved serpentine stone	technique	(unrolled)	self	self	unrolled	300011176	
carved stick	technique	(unrolled)	self	self	unrolled		
carved tortoise shell	technique	(unrolled)	self	self	unrolled	300011829	
carved tortoiseshell guard	technique	(unrolled)	self	self	unrolled		
carved walnut	technique	(unrolled)	self	self	unrolled	300012476	
carved walrus ivory	technique	(unrolled)	self	self	unrolled	300011857	
carved wood or bead	technique	(unrolled)	self	self	unrolled	300261776	
carved wood stick	technique	(unrolled)	self	self	unrolled		
carved wood wrapped	technique	(unrolled)	self	self	unrolled		
carving	technique	(unrolled)	self	self	unrolled	300053149	
casebound	technique	(unrolled)	self	self	unrolled		
cast	technique	(unrolled)	self	self	unrolled		
cast aluminum	technique	(unrolled)	self	self	unrolled		
cast aluminum mounted	technique	(unrolled)	self	self	unrolled		
cast aluminum relief	technique	(unrolled)	self	self	unrolled	300053622	
cast bras	technique	(unrolled)	self	self	unrolled		
cast bronze bell	technique	(unrolled)	self	self	unrolled		
cast bronze sculpture	technique	(unrolled)	self	self	unrolled	300047090	
cast by m&h type. strathmore art laid paper.	technique	(unrolled)	self	self	unrolled		
cast clay	technique	(unrolled)	self	self	unrolled	300010439	
cast copper	technique	(unrolled)	self	self	unrolled	300011020	
cast copper metal alloy button	technique	(unrolled)	self	self	unrolled		
cast favrile glas	technique	(unrolled)	self	self	unrolled		
cast gilt plaster	technique	(unrolled)	self	self	unrolled	300014922	
cast glas	technique	(unrolled)	self	self	unrolled		
cast gold	technique	(unrolled)	self	self	unrolled	300011021	
cast low expansion glas	technique	(unrolled)	self	self	unrolled		
cast metal	technique	(unrolled)	self	self	unrolled	300010900	
cast optical glas	technique	(unrolled)	self	self	unrolled		
cast paper	technique	(unrolled)	self	self	unrolled	300014109	
cast paper relief	technique	(unrolled)	self	self	unrolled	300053622	
cast plaster	technique	(unrolled)	self	self	unrolled	300014922	
cast polyurethane relief	technique	(unrolled)	self	self	unrolled	300053622	
cast pâte de verre glas	technique	(unrolled)	self	self	unrolled		
cast resin	technique	(unrolled)	self	self	unrolled	300012882	
cast rubber	technique	(unrolled)	self	self	unrolled	300012941	
cast silver-colored metal	technique	(unrolled)	self	self	unrolled	300010900	
cast terracotta	technique	(unrolled)	self	self	unrolled	300010669	
cast-polyurethane relief	technique	(unrolled)	self	self	unrolled	300053622	
castellar type for text. coventry rag all cotton paper. photolithography.	technique	(unrolled)	self	self	unrolled		
catalogue	technique	(unrolled)	self	self	unrolled	300026059	
celluloid plate printed	technique	(unrolled)	self	self	unrolled		
celluloid printed	technique	(unrolled)	self	self	unrolled		
center drawing: blue pencil	technique	(unrolled)	self	self	unrolled	300410335	
central image printed in bistre ink	technique	(unrolled)	self	self	unrolled	300015012	
chain	technique	(unrolled)	self	self	unrolled		
chain stiched embroidery	technique	(unrolled)	self	self	unrolled	300264024	
chain stitch	technique	(unrolled)	self	self	unrolled		
chain stitch embroidery	technique	(unrolled)	self	self	unrolled	300264024	
chaining	technique	(unrolled)	self	self	unrolled		
charcoal drawing	technique	(unrolled)	self	self	unrolled	300054031	
chased	technique	(unrolled)	self	self	unrolled		
chenille embroidery	technique	(unrolled)	self	self	unrolled	300264024	
cherry printed ivory silk surah	technique	(unrolled)	self	self	unrolled		
chiaroscuro	technique	(unrolled)	self	self	unrolled	300053414	
chiaroscuro wood engraving in black	technique	(unrolled)	self	self	unrolled	300130920	
chiaroscuro wood engraving printed from three block	technique	(unrolled)	self	self	unrolled		
chiaroscuro woodcut from 2 block	technique	(unrolled)	self	self	unrolled		
chiaroscuro woodcut from 3 block	technique	(unrolled)	self	self	unrolled		
chiaroscuro woodcut from four block	technique	(unrolled)	self	self	unrolled		
chiaroscuro woodcut from four blocks in two part	technique	(unrolled)	self	self	unrolled		
chiaroscuro woodcut from three block	technique	(unrolled)	self	self	unrolled		
chiaroscuro woodcut from three plate	technique	(unrolled)	self	self	unrolled	300011041	
chiaroscuro woodcut from two block	technique	(unrolled)	self	self	unrolled		
chiaroscuro woodcut in 2 block	technique	(unrolled)	self	self	unrolled		
chiaroscuro woodcut in 3 block	technique	(unrolled)	self	self	unrolled		
chiaroscuro woodcut in 4 block	technique	(unrolled)	self	self	unrolled		
chiaroscuro woodcut in four block	technique	(unrolled)	self	self	unrolled		
chiaroscuro woodcut in four color	technique	(unrolled)	self	self	unrolled	300131647	
chiaroscuro woodcut in three block	technique	(unrolled)	self	self	unrolled		
chiaroscuro woodcut in two block	technique	(unrolled)	self	self	unrolled		
chiaroscuro woodcut print in 4 block	technique	(unrolled)	self	self	unrolled		
chiaroscuro woodcut printed from three blocks in black	technique	(unrolled)	self	self	unrolled	300130920	
chiaroscuro woodcut printed in black	technique	(unrolled)	self	self	unrolled	300130920	
chiaroscuro woodcut printed in blue	technique	(unrolled)	self	self	unrolled	300129361	
chiaroscuro woodcut printed in brown	technique	(unrolled)	self	self	unrolled	300127490	
chiaroscuro woodcut printed in green	technique	(unrolled)	self	self	unrolled	300128438	
chiaroscuro woodcut printed in grey	technique	(unrolled)	self	self	unrolled		
chin-colle	technique	(unrolled)	self	self	unrolled		
chine appliqué	technique	(unrolled)	self	self	unrolled		
chine colle lithograph	technique	(unrolled)	self	self	unrolled		
chine collé printed in black	technique	(unrolled)	self	self	unrolled	300130920	
chine collé printed in cadmium yellow	technique	(unrolled)	self	self	unrolled	300127794	
chine etching-roul	technique	(unrolled)	self	self	unrolled		
chomogenic	technique	(unrolled)	self	self	unrolled		
chromogenic	technique	(unrolled)	self	self	unrolled		
chromogenic color	technique	(unrolled)	self	self	unrolled	300131647	
chromogenic coupler	technique	(unrolled)	self	self	unrolled		
chromograph	technique	(unrolled)	self	self	unrolled		
chromolithgraph	technique	(unrolled)	self	self	unrolled		
chromolithograph or photographic reproduction	technique	(unrolled)	self	self	unrolled	300404313	
chromolithographs after designs by w.	technique	(unrolled)	self	self	unrolled		
chromolthograph	technique	(unrolled)	self	self	unrolled		
chuban	technique	(unrolled)	self	self	unrolled	300041286	
claw	technique	(unrolled)	self	self	unrolled		
clipping	technique	(unrolled)	self	self	unrolled	300194663	
clock	technique	(unrolled)	self	self	unrolled		
cloth-covered slipcase	technique	(unrolled)	self	self	unrolled		
coated bead	technique	(unrolled)	self	self	unrolled	300261776	
coated fabric	technique	(unrolled)	self	self	unrolled		
cobalt brush drawing	technique	(unrolled)	self	self	unrolled	300054031	
cock	technique	(unrolled)	self	self	unrolled		
coin	technique	(unrolled)	self	self	unrolled		
collage hand assembled	technique	(unrolled)	self	self	unrolled		
collage mounted	technique	(unrolled)	self	self	unrolled		
collage.	technique	(unrolled)	self	self	unrolled		
collage/monotype	technique	(unrolled)	self	self	unrolled		
collaged gelatin silver	technique	(unrolled)	self	self	unrolled	300011029	
collaged screenprint addition	technique	(unrolled)	self	self	unrolled		
collaged yellow aquatint cutout	technique	(unrolled)	self	self	unrolled		
collagraph embossing	technique	(unrolled)	self	self	unrolled	300053826	
collodion silver	technique	(unrolled)	self	self	unrolled	300011029	
collotype after a transfer lithograph	technique	(unrolled)	self	self	unrolled		
collotype from dry-collodion-on-glass negative	technique	(unrolled)	self	self	unrolled	300173497	
collotype plate	technique	(unrolled)	self	self	unrolled	300011041	
collotype reproduction	technique	(unrolled)	self	self	unrolled	300404313	
collotypes from lithograph	technique	(unrolled)	self	self	unrolled		
colograph	technique	(unrolled)	self	self	unrolled		
colophon image printed in red	technique	(unrolled)	self	self	unrolled	300126225	
color card	technique	(unrolled)	self	self	unrolled		
color digital	technique	(unrolled)	self	self	unrolled	300404196	
color engraving from a resingrave block	technique	(unrolled)	self	self	unrolled		
color engravings printed from lead plate	technique	(unrolled)	self	self	unrolled	300011041	
color etchings in linen covered slipcase	technique	(unrolled)	self	self	unrolled		
color etchings in slipcase	technique	(unrolled)	self	self	unrolled		
color etchings printed in two color	technique	(unrolled)	self	self	unrolled	300131647	
color illustrations total: 17 full page color line block reproductions after drawing	technique	(unrolled)	self	self	unrolled	300054031	
color intaglio	technique	(unrolled)	self	self	unrolled	300186231	
color letterpres	technique	(unrolled)	self	self	unrolled		
color letterpress illustration	technique	(unrolled)	self	self	unrolled	300054200	
color line block	technique	(unrolled)	self	self	unrolled		
color line block reproduction	technique	(unrolled)	self	self	unrolled	300404313	
color linocuts printed	technique	(unrolled)	self	self	unrolled		
color lithograph chine colle	technique	(unrolled)	self	self	unrolled		
color lithograph diptych	technique	(unrolled)	self	self	unrolled		
color lithograph from two stone	technique	(unrolled)	self	self	unrolled	300011176	
color lithograph page	technique	(unrolled)	self	self	unrolled		
color lithographed map in battered slipcase	technique	(unrolled)	self	self	unrolled		
color lithographs including table	technique	(unrolled)	self	self	unrolled		
color lithographs printed in two color	technique	(unrolled)	self	self	unrolled	300131647	
color lithographs: 25 full-page plate	technique	(unrolled)	self	self	unrolled	300011041	
color monotype mounted	technique	(unrolled)	self	self	unrolled		
color offset lithograph	technique	(unrolled)	self	self	unrolled		
color offset lithograph pages including front	technique	(unrolled)	self	self	unrolled	300078767	
color offset lithograph reproduction	technique	(unrolled)	self	self	unrolled	300404313	
color offset lithographs in bound book	technique	(unrolled)	self	self	unrolled		
color offset lithographsof varying unmeasured dimensions printed	technique	(unrolled)	self	self	unrolled		
color photomechanical process image	technique	(unrolled)	self	self	unrolled		
color reproduction	technique	(unrolled)	self	self	unrolled	300404313	
color screenprint	technique	(unrolled)	self	self	unrolled		
color screenprinting	technique	(unrolled)	self	self	unrolled		
color screenprints printed in day-glo inks bound into a magazine	technique	(unrolled)	self	self	unrolled		
color separation	technique	(unrolled)	self	self	unrolled		
color soft-ground etchings overprinted by an engraved second plate	technique	(unrolled)	self	self	unrolled	300011041	
color sugar lift	technique	(unrolled)	self	self	unrolled		
color transfer lithograph	technique	(unrolled)	self	self	unrolled		
color wood engravings including the frontispiece	technique	(unrolled)	self	self	unrolled		
color wood engravings or wood engravings printed in a single color	technique	(unrolled)	self	self	unrolled	300131647	
color woodblock	technique	(unrolled)	self	self	unrolled		
color woodcut by the artist plus 6 reproduction	technique	(unrolled)	self	self	unrolled	300404313	
color woodcut surimono	technique	(unrolled)	self	self	unrolled	300041296	
color woodcuts in matching slipcase	technique	(unrolled)	self	self	unrolled		
coloraquatint	technique	(unrolled)	self	self	unrolled		
colored	technique	(unrolled)	self	self	unrolled		
colors variable	technique	(unrolled)	self	self	unrolled		
colour aquatint proof	technique	(unrolled)	self	self	unrolled		
colour photoreproduction	technique	(unrolled)	self	self	unrolled		
colour pochoir	technique	(unrolled)	self	self	unrolled	300053436	
colro screenprint	technique	(unrolled)	self	self	unrolled		
colro screenprint poster printed in eight color	technique	(unrolled)	self	self	unrolled	300131647	
comb	technique	(unrolled)	self	self	unrolled		
commercial	technique	(unrolled)	self	self	unrolled		
commercial bead	technique	(unrolled)	self	self	unrolled	300261776	
commercial cotton: machine embroidery	technique	(unrolled)	self	self	unrolled	300264024	
commercial playing card	technique	(unrolled)	self	self	unrolled		
commercial print media addition	technique	(unrolled)	self	self	unrolled		
commercial printed cotton	technique	(unrolled)	self	self	unrolled	300014067	
commercial relief proces	technique	(unrolled)	self	self	unrolled		
commercial sewing thread	technique	(unrolled)	self	self	unrolled	300014250	
commercially printed cotton	technique	(unrolled)	self	self	unrolled	300014067	
commercially printed cotton lining	technique	(unrolled)	self	self	unrolled	300162124	
commercially printed paper bread bag	technique	(unrolled)	self	self	unrolled		
commercially printed postcard	technique	(unrolled)	self	self	unrolled		
commercially printed trade cloth	technique	(unrolled)	self	self	unrolled	300162391	
commercially printed wall calendar	technique	(unrolled)	self	self	unrolled		
commercially-printed postcard	technique	(unrolled)	self	self	unrolled		
complementary warp	technique	(unrolled)	self	self	unrolled	300227804	
complementary warp patterning	technique	(unrolled)	self	self	unrolled	300248891	
complementary weft patterning	technique	(unrolled)	self	self	unrolled	300248891	
complementary-warp patterning	technique	(unrolled)	self	self	unrolled	300248891	
complex braid	technique	(unrolled)	self	self	unrolled	300232186	
complimentary warp	technique	(unrolled)	self	self	unrolled	300227930	
composed	technique	(unrolled)	self	self	unrolled		
composed in monotype by m&h	technique	(unrolled)	self	self	unrolled		
composed in monotype by m&h type	technique	(unrolled)	self	self	unrolled	300233629	
composite digital color photograph	technique	(unrolled)	self	self	unrolled		
composition	technique	(unrolled)	self	self	unrolled	300056255	
computer graphic in color	technique	(unrolled)	self	self	unrolled	300131647	
computer proces	technique	(unrolled)	self	self	unrolled		
computer-manipulated lithograph from a zinc etching plate	technique	(unrolled)	self	self	unrolled	300011041	
contemporary hand coloring	technique	(unrolled)	self	self	unrolled		
contour tapestry edging	technique	(unrolled)	self	self	unrolled		
coor offset lithograph poster printed in four color	technique	(unrolled)	self	self	unrolled	300131647	
copper metal alloy wrapped thread embroidery	technique	(unrolled)	self	self	unrolled	300264024	
copper plate printed	technique	(unrolled)	self	self	unrolled		
copper plate printed cotton	technique	(unrolled)	self	self	unrolled	300014067	
copper-plated cast iron	technique	(unrolled)	self	self	unrolled	300011002	
copperplate printed	technique	(unrolled)	self	self	unrolled		
copperplate printing	technique	(unrolled)	self	self	unrolled	300053319	
copperplate-printed	technique	(unrolled)	self	self	unrolled		
copy negative	technique	(unrolled)	self	self	unrolled	300173497	
copy number printed	technique	(unrolled)	self	self	unrolled		
cord embroidery	technique	(unrolled)	self	self	unrolled	300264024	
cord quilted	technique	(unrolled)	self	self	unrolled		
cord quilting	technique	(unrolled)	self	self	unrolled	300232012	
corded button	technique	(unrolled)	self	self	unrolled		
cording trim	technique	(unrolled)	self	self	unrolled		
cotton	technique	(unrolled)	self	self	unrolled	300014067	
cotton embroidery	technique	(unrolled)	self	self	unrolled	300264024	
cotton embroidery in french knot	technique	(unrolled)	self	self	unrolled		
cotton floss embroidery	technique	(unrolled)	self	self	unrolled	300264024	
cotton machine embroidery	technique	(unrolled)	self	self	unrolled	300264024	
cotton raffia embroidery	technique	(unrolled)	self	self	unrolled	300264024	
cotton w/ whitework embroidery	technique	(unrolled)	self	self	unrolled	300264024	
couched beadwork	technique	(unrolled)	self	self	unrolled	300053647	
couched digitally printed cotton plain weave	technique	(unrolled)	self	self	unrolled		
couched embroidery	technique	(unrolled)	self	self	unrolled	300264024	
couched metal-wrapped silk embroidery	technique	(unrolled)	self	self	unrolled	300264024	
couching	technique	(unrolled)	self	self	unrolled	300053654	
counted-thread silk embroidery	technique	(unrolled)	self	self	unrolled	300264024	
countered summlementary weft-wrapping	technique	(unrolled)	self	self	unrolled		
countered twining	technique	(unrolled)	self	self	unrolled	300228538	
countermark	technique	(unrolled)	self	self	unrolled		
counterproof	technique	(unrolled)	self	self	unrolled		
counterproof in black	technique	(unrolled)	self	self	unrolled	300130920	
coupler	technique	(unrolled)	self	self	unrolled		
cover illustration	technique	(unrolled)	self	self	unrolled	300054200	
cover printed	technique	(unrolled)	self	self	unrolled		
cover sheet	technique	(unrolled)	self	self	unrolled		
cover: embossed title	technique	(unrolled)	self	self	unrolled	300055726	
covers decorated	technique	(unrolled)	self	self	unrolled		
crayon color lithograph	technique	(unrolled)	self	self	unrolled		
crayon drawing	technique	(unrolled)	self	self	unrolled	300054031	
crayon lithograph printed in black	technique	(unrolled)	self	self	unrolled	300130920	
crayon lithograph printed in dark green	technique	(unrolled)	self	self	unrolled	300128438	
crayon lithograph printed in green	technique	(unrolled)	self	self	unrolled	300128438	
crayon lithograph printed in sepia	technique	(unrolled)	self	self	unrolled	300015025	
crayon manner engraving printd in black	technique	(unrolled)	self	self	unrolled	300130920	
crayon manner engraving printed in black	technique	(unrolled)	self	self	unrolled	300130920	
crayon manner engraving printed in brown ink	technique	(unrolled)	self	self	unrolled	300015012	
crayon manner engraving printed in brown-black ink	technique	(unrolled)	self	self	unrolled	300015012	
crayon manner engraving printed in gray-black ink	technique	(unrolled)	self	self	unrolled	300015012	
crayon manner engraving printed in gray-brown ink	technique	(unrolled)	self	self	unrolled	300015012	
crayon manner engraving printed in green	technique	(unrolled)	self	self	unrolled	300128438	
crayon manner engraving printed in light black ink	technique	(unrolled)	self	self	unrolled	300015012	
crayon manner engraving printed in red	technique	(unrolled)	self	self	unrolled	300126225	
crayon manner engraving printed in red ink	technique	(unrolled)	self	self	unrolled	300015012	
crayon manner engraving printed in tone	technique	(unrolled)	self	self	unrolled	300056173	
crayon manner engravingprii=nted in red ink	technique	(unrolled)	self	self	unrolled	300015012	
crayon manner engravingprinted in black	technique	(unrolled)	self	self	unrolled	300130920	
crayon manner engravingprinted in red ink	technique	(unrolled)	self	self	unrolled	300015012	
crayon manner printed in red ink	technique	(unrolled)	self	self	unrolled	300015012	
crayon-manner printed in red ink	technique	(unrolled)	self	self	unrolled	300015012	
cream silk chiffon printed	technique	(unrolled)	self	self	unrolled		
credit lines printed in red	technique	(unrolled)	self	self	unrolled	300126225	
crewel embroidery	technique	(unrolled)	self	self	unrolled	300264024	
crimped sequin	technique	(unrolled)	self	self	unrolled		
crochet	technique	(unrolled)	self	self	unrolled	300264038	
crochet button	technique	(unrolled)	self	self	unrolled		
crochet trim	technique	(unrolled)	self	self	unrolled		
crocheted	technique	(unrolled)	self	self	unrolled		
crocheted button	technique	(unrolled)	self	self	unrolled		
cropped	technique	(unrolled)	self	self	unrolled		
cropped along bottom edge	technique	(unrolled)	self	self	unrolled		
cross knit looped dyed plant fiber	technique	(unrolled)	self	self	unrolled		
cross stitch	technique	(unrolled)	self	self	unrolled	300264030	
cross-knit looping	technique	(unrolled)	self	self	unrolled		
cross-stitch	technique	(unrolled)	self	self	unrolled		
cross-stitch embroidery	technique	(unrolled)	self	self	unrolled	300264024	
custom artist-made frame	technique	(unrolled)	self	self	unrolled		
cut metal	technique	(unrolled)	self	self	unrolled	300010900	
cut mosaic technique	technique	(unrolled)	self	self	unrolled	300055843	
cut out segment	technique	(unrolled)	self	self	unrolled		
cut out shape	technique	(unrolled)	self	self	unrolled	300056273	
cut pile	technique	(unrolled)	self	self	unrolled	300227817	
cut printed	technique	(unrolled)	self	self	unrolled		
cut-	technique	(unrolled)	self	self	unrolled		
cut-out letter	technique	(unrolled)	self	self	unrolled		
cut-out stencil	technique	(unrolled)	self	self	unrolled		
cut-pile	technique	(unrolled)	self	self	unrolled		
cut-pile embroidery	technique	(unrolled)	self	self	unrolled	300264024	
cut-work	technique	(unrolled)	self	self	unrolled		
cut-work embroidery	technique	(unrolled)	self	self	unrolled	300264024	
cutout shape	technique	(unrolled)	self	self	unrolled	300056273	
cuts printed directly	technique	(unrolled)	self	self	unrolled		
cutwork	technique	(unrolled)	self	self	unrolled	300253891	
cyanotype	technique	(unrolled)	self	self	unrolled		
cyanotype mounted	technique	(unrolled)	self	self	unrolled		
cyanotype photogram	technique	(unrolled)	self	self	unrolled		
cyanotype photopostcard	technique	(unrolled)	self	self	unrolled		
cylinder printed	technique	(unrolled)	self	self	unrolled		
cylinder-printed	technique	(unrolled)	self	self	unrolled		
cynaotype photographs printed	technique	(unrolled)	self	self	unrolled		
daguerreotype in gold earring mount	technique	(unrolled)	self	self	unrolled		
daguerreotype in thermoplastic union case	technique	(unrolled)	self	self	unrolled		
daguerroetype	technique	(unrolled)	self	self	unrolled		
daguerrotype	technique	(unrolled)	self	self	unrolled		
damask weave wih supplementary weft patterning	technique	(unrolled)	self	self	unrolled	300248891	
dark blue fleck	technique	(unrolled)	self	self	unrolled		
dark tone etched	technique	(unrolled)	self	self	unrolled		
darkened from fixative	technique	(unrolled)	self	self	unrolled	300015134	
dated	technique	(unrolled)	self	self	unrolled		
deacidified platinum palladium	technique	(unrolled)	self	self	unrolled	300011030	
debossing	technique	(unrolled)	self	self	unrolled	300265527	
decal	technique	(unrolled)	self	self	unrolled		
deckle edge	technique	(unrolled)	self	self	unrolled		
decoration	technique	(unrolled)	self	self	unrolled	300056257	
decoration embossed	technique	(unrolled)	self	self	unrolled		
decoration in dark brown	technique	(unrolled)	self	self	unrolled	300127490	
decorations in black	technique	(unrolled)	self	self	unrolled	300130920	
decorative border	technique	(unrolled)	self	self	unrolled		
decorative typography	technique	(unrolled)	self	self	unrolled	300195853	
dendrobiinae	technique	(unrolled)	self	self	unrolled		
design	technique	(unrolled)	self	self	unrolled	300054171	
design after the artist	technique	(unrolled)	self	self	unrolled		
design in reverse	technique	(unrolled)	self	self	unrolled		
detailing in tan	technique	(unrolled)	self	self	unrolled	300266248	
diagonal join tapestry weave	technique	(unrolled)	self	self	unrolled		
didactic 19th century	technique	(unrolled)	self	self	unrolled		
die cut	technique	(unrolled)	self	self	unrolled		
die cut ring	technique	(unrolled)	self	self	unrolled		
die cut toy	technique	(unrolled)	self	self	unrolled		
die-cut	technique	(unrolled)	self	self	unrolled		
die-cut card	technique	(unrolled)	self	self	unrolled		
die-cut hole	technique	(unrolled)	self	self	unrolled		
die-cut pages in the shape	technique	(unrolled)	self	self	unrolled	300056273	
diecut vinyl sheet	technique	(unrolled)	self	self	unrolled		
different color	technique	(unrolled)	self	self	unrolled	300131647	
different size	technique	(unrolled)	self	self	unrolled	300015312	
digital c-print	technique	(unrolled)	self	self	unrolled		
digital chromogenic	technique	(unrolled)	self	self	unrolled		
digital chromogenic photograph	technique	(unrolled)	self	self	unrolled		
digital chromogenic print mounted	technique	(unrolled)	self	self	unrolled		
digital clock	technique	(unrolled)	self	self	unrolled		
digital collage	technique	(unrolled)	self	self	unrolled	300138699	
digital color	technique	(unrolled)	self	self	unrolled	300131647	
digital image	technique	(unrolled)	self	self	unrolled		
digital inkjet	technique	(unrolled)	self	self	unrolled		
digital light-jet photograph	technique	(unrolled)	self	self	unrolled		
digital photo	technique	(unrolled)	self	self	unrolled		
digital photograph	technique	(unrolled)	self	self	unrolled		
digital photographic color transparencie	technique	(unrolled)	self	self	unrolled		
digital photographic vinyl decal	technique	(unrolled)	self	self	unrolled		
digital pigment	technique	(unrolled)	self	self	unrolled		
digital pigmented inkjet	technique	(unrolled)	self	self	unrolled		
digital print mounted to cintra	technique	(unrolled)	self	self	unrolled		
digital print pop-up-book	technique	(unrolled)	self	self	unrolled		
digital printed silk bobbin net	technique	(unrolled)	self	self	unrolled	300249438	
digital printed silk gazar	technique	(unrolled)	self	self	unrolled		
digital printing	technique	(unrolled)	self	self	unrolled	300053319	
digital reproduction	technique	(unrolled)	self	self	unrolled	300404313	
digitally printed	technique	(unrolled)	self	self	unrolled		
digitally-exposed chromogenic	technique	(unrolled)	self	self	unrolled		
digitally-printed	technique	(unrolled)	self	self	unrolled		
dip-dyed	technique	(unrolled)	self	self	unrolled		
diptych	technique	(unrolled)	self	self	unrolled		
diptych vertical	technique	(unrolled)	self	self	unrolled		
direct dye/print design	technique	(unrolled)	self	self	unrolled	300054171	
direct gravure printed in black	technique	(unrolled)	self	self	unrolled	300130920	
direct gravure printed in blue	technique	(unrolled)	self	self	unrolled	300129361	
direct gravure printed in brown	technique	(unrolled)	self	self	unrolled	300127490	
direct photo transfer	technique	(unrolled)	self	self	unrolled	300417644	
direct photographic transfer	technique	(unrolled)	self	self	unrolled	300417644	
direct to plate aquatint edition variee	technique	(unrolled)	self	self	unrolled		
direct to plate photgravure	technique	(unrolled)	self	self	unrolled		
directly inked color letterpres	technique	(unrolled)	self	self	unrolled		
directly set type: poem printed in black	technique	(unrolled)	self	self	unrolled	300130920	
disbound	technique	(unrolled)	self	self	unrolled		
disbound book	technique	(unrolled)	self	self	unrolled		
disbound book with26 color lithograph	technique	(unrolled)	self	self	unrolled		
disbound text	technique	(unrolled)	self	self	unrolled	300250810	
discharged	technique	(unrolled)	self	self	unrolled		
discharged cut	technique	(unrolled)	self	self	unrolled		
discontunuous supplementary weft patterning	technique	(unrolled)	self	self	unrolled	300248891	
displaced weft	technique	(unrolled)	self	self	unrolled	300227934	
ditone	technique	(unrolled)	self	self	unrolled		
document	technique	(unrolled)	self	self	unrolled		
documentary collage	technique	(unrolled)	self	self	unrolled	300138699	
doe skin	technique	(unrolled)	self	self	unrolled	300011840	
dot	technique	(unrolled)	self	self	unrolled		
double	technique	(unrolled)	self	self	unrolled		
double drawing	technique	(unrolled)	self	self	unrolled	300054031	
double ikat	technique	(unrolled)	self	self	unrolled	300249861	
double interlocking technique	technique	(unrolled)	self	self	unrolled	300055843	
double interlocking-tapestry weave	technique	(unrolled)	self	self	unrolled		
double knit	technique	(unrolled)	self	self	unrolled		
double page	technique	(unrolled)	self	self	unrolled		
double page c-print photograph	technique	(unrolled)	self	self	unrolled		
double page engravings including frontispiece	technique	(unrolled)	self	self	unrolled		
double page phomechanical reproduction	technique	(unrolled)	self	self	unrolled	300404313	
double-corrugated	technique	(unrolled)	self	self	unrolled		
double-ikat	technique	(unrolled)	self	self	unrolled		
double-interlocked tapestry weave	technique	(unrolled)	self	self	unrolled		
double-sided	technique	(unrolled)	self	self	unrolled		
double-sized	technique	(unrolled)	self	self	unrolled		
doubleweave	technique	(unrolled)	self	self	unrolled		
doubleweave ??	technique	(unrolled)	self	self	unrolled		
dovetail tapestry weave	technique	(unrolled)	self	self	unrolled		
dovetailed color change	technique	(unrolled)	self	self	unrolled		
dovetailed tapestry	technique	(unrolled)	self	self	unrolled	300228510	
dovetailed tapestry weave	technique	(unrolled)	self	self	unrolled		
dovetailed-tapestry weave	technique	(unrolled)	self	self	unrolled		
drawing by the artist in yellow ink	technique	(unrolled)	self	self	unrolled	300015012	
drawing in colored pencil	technique	(unrolled)	self	self	unrolled	300410335	
drawing in hand-tooled leather binding contained in a cloth wrapped	technique	(unrolled)	self	self	unrolled		
drawing itself	technique	(unrolled)	self	self	unrolled		
drawing or	technique	(unrolled)	self	self	unrolled		
drawing printed from polymer plate	technique	(unrolled)	self	self	unrolled	300011041	
drawing: black crayon	technique	(unrolled)	self	self	unrolled		
drawings by various artist	technique	(unrolled)	self	self	unrolled		
drawings for full page	technique	(unrolled)	self	self	unrolled		
drawings in a maple wood box	technique	(unrolled)	self	self	unrolled		
drawings in american collection	technique	(unrolled)	self	self	unrolled		
drawings in book	technique	(unrolled)	self	self	unrolled		
drawings in cardboard slipcase	technique	(unrolled)	self	self	unrolled		
drawings in decorative box	technique	(unrolled)	self	self	unrolled		
drawings made	technique	(unrolled)	self	self	unrolled		
drawings pasted to the front	technique	(unrolled)	self	self	unrolled	300078767	
drawings plus an image	technique	(unrolled)	self	self	unrolled		
drawings plus colophon page	technique	(unrolled)	self	self	unrolled		
drawings wrapped in black	technique	(unrolled)	self	self	unrolled	300130920	
drawn	technique	(unrolled)	self	self	unrolled		
drawn thread work	technique	(unrolled)	self	self	unrolled	300264698	
drawn-thread embroidery	technique	(unrolled)	self	self	unrolled	300264024	
drawn-work	technique	(unrolled)	self	self	unrolled		
drawnwork	technique	(unrolled)	self	self	unrolled		
drawnwork edge	technique	(unrolled)	self	self	unrolled		
drawnwork silk embroidery	technique	(unrolled)	self	self	unrolled	300264024	
dress form	technique	(unrolled)	self	self	unrolled	300056272	
dry	technique	(unrolled)	self	self	unrolled		
dry brush	technique	(unrolled)	self	self	unrolled		
dry point	technique	(unrolled)	self	self	unrolled		
dry point printed in red	technique	(unrolled)	self	self	unrolled	300126225	
dry-point	technique	(unrolled)	self	self	unrolled		
drypoing	technique	(unrolled)	self	self	unrolled		
drypoint adn selective inking	technique	(unrolled)	self	self	unrolled		
drypoint b/w	technique	(unrolled)	self	self	unrolled		
drypoint chine collé	technique	(unrolled)	self	self	unrolled		
drypoint diptych	technique	(unrolled)	self	self	unrolled		
drypoint etchings printed	technique	(unrolled)	self	self	unrolled		
drypoint etcv=hing	technique	(unrolled)	self	self	unrolled		
drypoint from the cancelled plate	technique	(unrolled)	self	self	unrolled	300011041	
drypoint illustration	technique	(unrolled)	self	self	unrolled	300054200	
drypoint image	technique	(unrolled)	self	self	unrolled		
drypoint in black	technique	(unrolled)	self	self	unrolled	300130920	
drypoint in book	technique	(unrolled)	self	self	unrolled		
drypoint in dark brown	technique	(unrolled)	self	self	unrolled	300127490	
drypoint in olive green	technique	(unrolled)	self	self	unrolled	300128438	
drypoint in two tone	technique	(unrolled)	self	self	unrolled	300056173	
drypoint printed	technique	(unrolled)	self	self	unrolled		
drypoint printed from the steel lfaced plate	technique	(unrolled)	self	self	unrolled	300011041	
drypoint printed in	technique	(unrolled)	self	self	unrolled		
drypoint printed in black	technique	(unrolled)	self	self	unrolled	300130920	
drypoint printed in blue	technique	(unrolled)	self	self	unrolled	300129361	
drypoint printed in blue-black graphite mixed	technique	(unrolled)	self	self	unrolled		
drypoint printed in brown	technique	(unrolled)	self	self	unrolled	300127490	
drypoint printed in brown-black	technique	(unrolled)	self	self	unrolled		
drypoint printed in dark brown	technique	(unrolled)	self	self	unrolled	300127490	
drypoint printed in dark brown-black ink	technique	(unrolled)	self	self	unrolled	300015012	
drypoint printed in graphite	technique	(unrolled)	self	self	unrolled	300011098	
drypoint printed in green	technique	(unrolled)	self	self	unrolled	300128438	
drypoint printed in orange	technique	(unrolled)	self	self	unrolled	300126734	
drypoint printed in purple	technique	(unrolled)	self	self	unrolled	300130257	
drypoint printed in red	technique	(unrolled)	self	self	unrolled	300126225	
drypoint printed in red ink	technique	(unrolled)	self	self	unrolled	300015012	
drypoint printed in yellow	technique	(unrolled)	self	self	unrolled	300127794	
drypoint prints mounted	technique	(unrolled)	self	self	unrolled		
drypoint scrape	technique	(unrolled)	self	self	unrolled		
drypoint sky	technique	(unrolled)	self	self	unrolled	300263064	
drypoint-etching	technique	(unrolled)	self	self	unrolled		
drypoint.	technique	(unrolled)	self	self	unrolled		
drypoint/aquatint	technique	(unrolled)	self	self	unrolled		
drypoint?	technique	(unrolled)	self	self	unrolled		
drypoints in a paper	technique	(unrolled)	self	self	unrolled	300014109	
drypoints in a paper cover enclosed in a trade binding	technique	(unrolled)	self	self	unrolled	300421867	
drypoints printed in various color	technique	(unrolled)	self	self	unrolled	300131647	
duotone offset lithograph	technique	(unrolled)	self	self	unrolled		
duotone offset lithograph after a photograph	technique	(unrolled)	self	self	unrolled		
duotone offset lithographic reproduction	technique	(unrolled)	self	self	unrolled	300404313	
duplicate lithograph	technique	(unrolled)	self	self	unrolled		
dutch wax printed cotton	technique	(unrolled)	self	self	unrolled	300014067	
dvd projection	technique	(unrolled)	self	self	unrolled	300053420	
dye	technique	(unrolled)	self	self	unrolled	300013029	
dye destruction	technique	(unrolled)	self	self	unrolled	300053087	
dye transfer	technique	(unrolled)	self	self	unrolled	300417644	
dye transfer photograph	technique	(unrolled)	self	self	unrolled		
dye transfer print photograph	technique	(unrolled)	self	self	unrolled		
dyed	technique	(unrolled)	self	self	unrolled		
dyed raffia	technique	(unrolled)	self	self	unrolled	300014051	
dyed roving	technique	(unrolled)	self	self	unrolled	300014253	
dyed sisal	technique	(unrolled)	self	self	unrolled	300014039	
dyed snakeskin	technique	(unrolled)	self	self	unrolled		
dyed string chine colle printed	technique	(unrolled)	self	self	unrolled		
dypoint printed in blue	technique	(unrolled)	self	self	unrolled	300129361	
dyptych	technique	(unrolled)	self	self	unrolled		
dyptych lithograph	technique	(unrolled)	self	self	unrolled		
each color separately	technique	(unrolled)	self	self	unrolled		
each one accompanied by a poetic text printed	technique	(unrolled)	self	self	unrolled		
each page	technique	(unrolled)	self	self	unrolled		
each print accompanied by a digital print reproduction	technique	(unrolled)	self	self	unrolled	300404313	
each sheet	technique	(unrolled)	self	self	unrolled		
each volume is hand bound in auvergne paper printed wrappers covered in limp parchment	technique	(unrolled)	self	self	unrolled	300011851	
ear drawing	technique	(unrolled)	self	self	unrolled	300054031	
eccentric weave tapestry	technique	(unrolled)	self	self	unrolled	300061981	
eccentric-weft tapestry weave	technique	(unrolled)	self	self	unrolled		
edge	technique	(unrolled)	self	self	unrolled		
edged	technique	(unrolled)	self	self	unrolled		
edges are gilt	technique	(unrolled)	self	self	unrolled		
edging	technique	(unrolled)	self	self	unrolled		
edison proces	technique	(unrolled)	self	self	unrolled		
edition binding	technique	(unrolled)	self	self	unrolled	300234894	
eetching	technique	(unrolled)	self	self	unrolled		
ektacolor	technique	(unrolled)	self	self	unrolled		
electric engraving reproduction	technique	(unrolled)	self	self	unrolled	300404313	
electric tool	technique	(unrolled)	self	self	unrolled		
electroformed	technique	(unrolled)	self	self	unrolled		
electronic	technique	(unrolled)	self	self	unrolled	300400545	
electronic transfer	technique	(unrolled)	self	self	unrolled	300417644	
electrophotographic print handbill	technique	(unrolled)	self	self	unrolled		
electrophotographic print handbill printed	technique	(unrolled)	self	self	unrolled		
electroplated	technique	(unrolled)	self	self	unrolled		
electroplated line	technique	(unrolled)	self	self	unrolled		
electroplated screening	technique	(unrolled)	self	self	unrolled		
electropolated	technique	(unrolled)	self	self	unrolled		
electrostatic printing	technique	(unrolled)	self	self	unrolled	300053319	
electrotype	technique	(unrolled)	self	self	unrolled		
electrotype reproduction	technique	(unrolled)	self	self	unrolled	300404313	
embedded	technique	(unrolled)	self	self	unrolled		
emboidery (chain stitch	technique	(unrolled)	self	self	unrolled		
embossed	technique	(unrolled)	self	self	unrolled		
embossed background	technique	(unrolled)	self	self	unrolled	300056369	
embossed button	technique	(unrolled)	self	self	unrolled		
embossed collage intaglio	technique	(unrolled)	self	self	unrolled	300186231	
embossed color card	technique	(unrolled)	self	self	unrolled		
embossed contour	technique	(unrolled)	self	self	unrolled	300056263	
embossed etching in black	technique	(unrolled)	self	self	unrolled	300130920	
embossed image	technique	(unrolled)	self	self	unrolled		
embossed lettering	technique	(unrolled)	self	self	unrolled	300053342	
embossed lithograph	technique	(unrolled)	self	self	unrolled		
embossed metal	technique	(unrolled)	self	self	unrolled	300010900	
embossed outline	technique	(unrolled)	self	self	unrolled		
embossed photogram	technique	(unrolled)	self	self	unrolled		
embossed relief	technique	(unrolled)	self	self	unrolled	300053622	
embossed rondel	technique	(unrolled)	self	self	unrolled		
embossed title	technique	(unrolled)	self	self	unrolled	300055726	
embossing printed in brown ink	technique	(unrolled)	self	self	unrolled	300015012	
embossing printing retroussage	technique	(unrolled)	self	self	unrolled	300178615	
embossment	technique	(unrolled)	self	self	unrolled		
embossng	technique	(unrolled)	self	self	unrolled		
embrodiery	technique	(unrolled)	self	self	unrolled		
embroidered applique	technique	(unrolled)	self	self	unrolled		
embroidered back	technique	(unrolled)	self	self	unrolled		
embroidered batiste	technique	(unrolled)	self	self	unrolled	300183634	
embroidered bead	technique	(unrolled)	self	self	unrolled	300261776	
embroidered border	technique	(unrolled)	self	self	unrolled		
embroidered chiffon	technique	(unrolled)	self	self	unrolled	300249449	
embroidered crepe	technique	(unrolled)	self	self	unrolled	300183741	
embroidered crepe? brocade	technique	(unrolled)	self	self	unrolled	300227779	
embroidered cut work	technique	(unrolled)	self	self	unrolled		
embroidered damask?	technique	(unrolled)	self	self	unrolled		
embroidered lace	technique	(unrolled)	self	self	unrolled	300132861	
embroidered mesh	technique	(unrolled)	self	self	unrolled	300014654	
embroidered mull	technique	(unrolled)	self	self	unrolled		
embroidered muslin	technique	(unrolled)	self	self	unrolled	300014087	
embroidered onto a decorative cloth	technique	(unrolled)	self	self	unrolled	300162391	
embroidered picture appliqued	technique	(unrolled)	self	self	unrolled		
embroidered sateen	technique	(unrolled)	self	self	unrolled	300417857	
embroidered sequin	technique	(unrolled)	self	self	unrolled		
embroiderey	technique	(unrolled)	self	self	unrolled		
embroidery ?	technique	(unrolled)	self	self	unrolled		
embroidery ??	technique	(unrolled)	self	self	unrolled		
embroidery in buttonhole stitche	technique	(unrolled)	self	self	unrolled		
embroidery in chain stitche	technique	(unrolled)	self	self	unrolled		
embroidery in eyelet stitche	technique	(unrolled)	self	self	unrolled		
embroidery in french knot	technique	(unrolled)	self	self	unrolled		
embroidery in satin	technique	(unrolled)	self	self	unrolled	300132902	
embroidery in satin stitche	technique	(unrolled)	self	self	unrolled		
embroidery in silk	technique	(unrolled)	self	self	unrolled	300014072	
embroidery or brocade?	technique	(unrolled)	self	self	unrolled		
embroidery stitches)	technique	(unrolled)	self	self	unrolled		
embroidery thread	technique	(unrolled)	self	self	unrolled	300014250	
embroidery?	technique	(unrolled)	self	self	unrolled		
emgraving	technique	(unrolled)	self	self	unrolled		
emobossed reproduction	technique	(unrolled)	self	self	unrolled	300404313	
encrustation	technique	(unrolled)	self	self	unrolled		
encrustation in bowl	technique	(unrolled)	self	self	unrolled		
encrustations in bowl	technique	(unrolled)	self	self	unrolled		
encrusted surface	technique	(unrolled)	self	self	unrolled		
engraved	technique	(unrolled)	self	self	unrolled		
engraved architectural view	technique	(unrolled)	self	self	unrolled		
engraved by w.h. hooper	technique	(unrolled)	self	self	unrolled		
engraved collage	technique	(unrolled)	self	self	unrolled	300138699	
engraved initial	technique	(unrolled)	self	self	unrolled		
engraved lettering	technique	(unrolled)	self	self	unrolled	300053342	
engraved map	technique	(unrolled)	self	self	unrolled		
engraved metal	technique	(unrolled)	self	self	unrolled	300010900	
engraved plate	technique	(unrolled)	self	self	unrolled	300011041	
engraved text	technique	(unrolled)	self	self	unrolled	300250810	
engraved title	technique	(unrolled)	self	self	unrolled	300055726	
engraved title vignette	technique	(unrolled)	self	self	unrolled		
engraver	technique	(unrolled)	self	self	unrolled		
engravers' mark	technique	(unrolled)	self	self	unrolled		
engraving -etching	technique	(unrolled)	self	self	unrolled		
engraving ?	technique	(unrolled)	self	self	unrolled		
engraving by the artist	technique	(unrolled)	self	self	unrolled		
engraving fragment	technique	(unrolled)	self	self	unrolled		
engraving from a picture by martin archer shee esq.	technique	(unrolled)	self	self	unrolled		
engraving from a resingrave block	technique	(unrolled)	self	self	unrolled		
engraving from a worn plate	technique	(unrolled)	self	self	unrolled	300011041	
engraving in 2 color	technique	(unrolled)	self	self	unrolled	300131647	
engraving in 4 color	technique	(unrolled)	self	self	unrolled	300131647	
engraving in black	technique	(unrolled)	self	self	unrolled	300130920	
engraving in blue	technique	(unrolled)	self	self	unrolled	300129361	
engraving in brown	technique	(unrolled)	self	self	unrolled	300127490	
engraving in green	technique	(unrolled)	self	self	unrolled	300128438	
engraving in red ink	technique	(unrolled)	self	self	unrolled	300015012	
engraving in sepia ink	technique	(unrolled)	self	self	unrolled	300015012	
engraving in silver ink	technique	(unrolled)	self	self	unrolled	300015012	
engraving inside book	technique	(unrolled)	self	self	unrolled		
engraving laid onto larger sheet	technique	(unrolled)	self	self	unrolled		
engraving mounted	technique	(unrolled)	self	self	unrolled		
engraving mounted to board	technique	(unrolled)	self	self	unrolled		
engraving presented in a paper folder	technique	(unrolled)	self	self	unrolled		
engraving printed	technique	(unrolled)	self	self	unrolled		
engraving printed from three plate	technique	(unrolled)	self	self	unrolled	300011041	
engraving printed in black	technique	(unrolled)	self	self	unrolled	300130920	
engraving printed in brown ink	technique	(unrolled)	self	self	unrolled	300015012	
engraving printed in green	technique	(unrolled)	self	self	unrolled	300128438	
engraving printed in red	technique	(unrolled)	self	self	unrolled	300126225	
engraving printed separate	technique	(unrolled)	self	self	unrolled		
engraving-etchi	technique	(unrolled)	self	self	unrolled		
engraving-etching	technique	(unrolled)	self	self	unrolled		
engraving.	technique	(unrolled)	self	self	unrolled		
engraving/ etching?	technique	(unrolled)	self	self	unrolled		
engravingprinted	technique	(unrolled)	self	self	unrolled		
engravings 1-16	technique	(unrolled)	self	self	unrolled		
engravings 17-30	technique	(unrolled)	self	self	unrolled		
engravings 31-46	technique	(unrolled)	self	self	unrolled		
engravings 47-51	technique	(unrolled)	self	self	unrolled		
engravings after painting	technique	(unrolled)	self	self	unrolled	300054216	
engravings by various artist	technique	(unrolled)	self	self	unrolled		
engravings in separate third volume	technique	(unrolled)	self	self	unrolled	300055649	
engravings in text	technique	(unrolled)	self	self	unrolled	300250810	
engravings including 31 plate	technique	(unrolled)	self	self	unrolled	300011041	
engravings including 35 plate	technique	(unrolled)	self	self	unrolled	300011041	
engravings including frontispiece	technique	(unrolled)	self	self	unrolled		
engravings including title vignette	technique	(unrolled)	self	self	unrolled		
engravings printed	technique	(unrolled)	self	self	unrolled		
engravings related to volumes 1	technique	(unrolled)	self	self	unrolled		
engravings reproducing painting	technique	(unrolled)	self	self	unrolled	300054216	
engravings tipped in	technique	(unrolled)	self	self	unrolled		
engravings: 32 full page	technique	(unrolled)	self	self	unrolled		
engravingsby various artist	technique	(unrolled)	self	self	unrolled		
engravingsplus 2 additional plates bound in	technique	(unrolled)	self	self	unrolled		
enlargement from the original negative	technique	(unrolled)	self	self	unrolled	300173497	
enraving	technique	(unrolled)	self	self	unrolled		
envelope	technique	(unrolled)	self	self	unrolled		
epson inkjet	technique	(unrolled)	self	self	unrolled		
eraser material	technique	(unrolled)	self	self	unrolled		
erasing	technique	(unrolled)	self	self	unrolled	300053088	
erasure	technique	(unrolled)	self	self	unrolled		
etched	technique	(unrolled)	self	self	unrolled		
etched aquatint plate	technique	(unrolled)	self	self	unrolled	300011041	
etched frontispiece by james tissot	technique	(unrolled)	self	self	unrolled		
etched greek text	technique	(unrolled)	self	self	unrolled	300250810	
etched initial	technique	(unrolled)	self	self	unrolled		
etched title	technique	(unrolled)	self	self	unrolled	300055726	
etching - old paper	technique	(unrolled)	self	self	unrolled	300014109	
etching - roul	technique	(unrolled)	self	self	unrolled		
etching -engraving	technique	(unrolled)	self	self	unrolled		
etching after a drawing	technique	(unrolled)	self	self	unrolled	300054031	
etching aquatint soft ground	technique	(unrolled)	self	self	unrolled	300015297	
etching b/w	technique	(unrolled)	self	self	unrolled		
etching by chagoya	technique	(unrolled)	self	self	unrolled		
etching colored by hand	technique	(unrolled)	self	self	unrolled	300221683	
etching diptych	technique	(unrolled)	self	self	unrolled		
etching ed 11/50	technique	(unrolled)	self	self	unrolled		
etching from a steel plate	technique	(unrolled)	self	self	unrolled	300011041	
etching from a zinc plate	technique	(unrolled)	self	self	unrolled	300011041	
etching from cancelled plate	technique	(unrolled)	self	self	unrolled	300011041	
etching from the canceled plate	technique	(unrolled)	self	self	unrolled	300011041	
etching from the cancelled plate	technique	(unrolled)	self	self	unrolled	300011041	
etching in 5 color	technique	(unrolled)	self	self	unrolled	300131647	
etching in a book	technique	(unrolled)	self	self	unrolled		
etching in black ink	technique	(unrolled)	self	self	unrolled	300015012	
etching in blue	technique	(unrolled)	self	self	unrolled	300129361	
etching in blue ink	technique	(unrolled)	self	self	unrolled	300015012	
etching in brown	technique	(unrolled)	self	self	unrolled	300127490	
etching in brown ink	technique	(unrolled)	self	self	unrolled	300015012	
etching in color	technique	(unrolled)	self	self	unrolled	300131647	
etching in green ink	technique	(unrolled)	self	self	unrolled	300015012	
etching in grey ink	technique	(unrolled)	self	self	unrolled	300015012	
etching in olive green	technique	(unrolled)	self	self	unrolled	300128438	
etching in sepia	technique	(unrolled)	self	self	unrolled	300015025	
etching in the crayon manner	technique	(unrolled)	self	self	unrolled		
etching in yellow	technique	(unrolled)	self	self	unrolled	300127794	
etching mounted	technique	(unrolled)	self	self	unrolled		
etching mounted to a heavier sheet	technique	(unrolled)	self	self	unrolled		
etching offset	technique	(unrolled)	self	self	unrolled		
etching offset resist	technique	(unrolled)	self	self	unrolled	300015308	
etching paper	technique	(unrolled)	self	self	unrolled	300014109	
etching prinetd in brown ink	technique	(unrolled)	self	self	unrolled	300015012	
etching printed from the canceled plate	technique	(unrolled)	self	self	unrolled	300011041	
etching printed from two plate	technique	(unrolled)	self	self	unrolled	300011041	
etching printed in black	technique	(unrolled)	self	self	unrolled	300130920	
etching printed in black ink	technique	(unrolled)	self	self	unrolled	300015012	
etching printed in blue	technique	(unrolled)	self	self	unrolled	300129361	
etching printed in blue ink	technique	(unrolled)	self	self	unrolled	300015012	
etching printed in blue-black	technique	(unrolled)	self	self	unrolled		
etching printed in brown	technique	(unrolled)	self	self	unrolled	300127490	
etching printed in brown-black	technique	(unrolled)	self	self	unrolled		
etching printed in brown-black ink	technique	(unrolled)	self	self	unrolled	300015012	
etching printed in brown-black ink from zinc plate	technique	(unrolled)	self	self	unrolled	300011041	
etching printed in brown-gray ink	technique	(unrolled)	self	self	unrolled	300015012	
etching printed in color	technique	(unrolled)	self	self	unrolled	300131647	
etching printed in dark brown	technique	(unrolled)	self	self	unrolled	300127490	
etching printed in dark gray	technique	(unrolled)	self	self	unrolled		
etching printed in dark red ink	technique	(unrolled)	self	self	unrolled	300015012	
etching printed in gray	technique	(unrolled)	self	self	unrolled		
etching printed in gray ink	technique	(unrolled)	self	self	unrolled	300015012	
etching printed in gray-brown ink	technique	(unrolled)	self	self	unrolled	300015012	
etching printed in gray-red-brown ink	technique	(unrolled)	self	self	unrolled	300015012	
etching printed in green	technique	(unrolled)	self	self	unrolled	300128438	
etching printed in grey-brown ink	technique	(unrolled)	self	self	unrolled	300015012	
etching printed in light brown ink	technique	(unrolled)	self	self	unrolled	300015012	
etching printed in light green	technique	(unrolled)	self	self	unrolled	300128438	
etching printed in oxidized white	technique	(unrolled)	self	self	unrolled	300107678	
etching printed in red	technique	(unrolled)	self	self	unrolled	300126225	
etching printed in red an yellow	technique	(unrolled)	self	self	unrolled	300127794	
etching printed in red ink	technique	(unrolled)	self	self	unrolled	300015012	
etching printed in red-brown ink	technique	(unrolled)	self	self	unrolled	300015012	
etching printed in sanguine	technique	(unrolled)	self	self	unrolled		
etching printed in sepia ink	technique	(unrolled)	self	self	unrolled	300015012	
etching printed in tan	technique	(unrolled)	self	self	unrolled	300266248	
etching printed in white	technique	(unrolled)	self	self	unrolled	300107678	
etching printed in yellow	technique	(unrolled)	self	self	unrolled	300127794	
etching printed in yellow-brown ink	technique	(unrolled)	self	self	unrolled	300015012	
etching reproduction	technique	(unrolled)	self	self	unrolled	300404313	
etching retouched	technique	(unrolled)	self	self	unrolled		
etching reworked	technique	(unrolled)	self	self	unrolled		
etching times written in pencil	technique	(unrolled)	self	self	unrolled	300410335	
etching touched	technique	(unrolled)	self	self	unrolled		
etching triptych	technique	(unrolled)	self	self	unrolled		
etching wqith embossing	technique	(unrolled)	self	self	unrolled	300053826	
etching- roul	technique	(unrolled)	self	self	unrolled		
etching--black only	technique	(unrolled)	self	self	unrolled		
etching--color	technique	(unrolled)	self	self	unrolled		
etching--color only	technique	(unrolled)	self	self	unrolled		
etching-aquatint	technique	(unrolled)	self	self	unrolled		
etching-engravi	technique	(unrolled)	self	self	unrolled		
etching-mezzotint-aquatint used in various combination	technique	(unrolled)	self	self	unrolled		
etching-roul	technique	(unrolled)	self	self	unrolled		
etching/drying	technique	(unrolled)	self	self	unrolled		
etchinga	technique	(unrolled)	self	self	unrolled		
etchings .	technique	(unrolled)	self	self	unrolled		
etchings bound in green leather	technique	(unrolled)	self	self	unrolled	300011845	
etchings bound in red leather	technique	(unrolled)	self	self	unrolled	300011845	
etchings by the three artist	technique	(unrolled)	self	self	unrolled		
etchings by william t. wiley printed	technique	(unrolled)	self	self	unrolled		
etchings covered in a deep green silk	technique	(unrolled)	self	self	unrolled	300014072	
etchings from two plate	technique	(unrolled)	self	self	unrolled	300011041	
etchings in battered paper	technique	(unrolled)	self	self	unrolled	300014109	
etchings in slipcase	technique	(unrolled)	self	self	unrolled		
etchings included	technique	(unrolled)	self	self	unrolled		
etchings mounted	technique	(unrolled)	self	self	unrolled		
etchings mounted to fabriano paper	technique	(unrolled)	self	self	unrolled	300014109	
etchings plus an engraved frontispiece portrait	technique	(unrolled)	self	self	unrolled		
etchings plus two repetition	technique	(unrolled)	self	self	unrolled	300400519	
etchings printed	technique	(unrolled)	self	self	unrolled		
etchings printed in gray	technique	(unrolled)	self	self	unrolled		
etchings printed in white	technique	(unrolled)	self	self	unrolled	300107678	
etchings reproducing drawing	technique	(unrolled)	self	self	unrolled	300054031	
etchings total	technique	(unrolled)	self	self	unrolled		
etchings:17 full page image	technique	(unrolled)	self	self	unrolled		
etchingsprinted chine collé	technique	(unrolled)	self	self	unrolled		
etchingwith embossing	technique	(unrolled)	self	self	unrolled	300053826	
etcvhing	technique	(unrolled)	self	self	unrolled		
etetching	technique	(unrolled)	self	self	unrolled		
exhibition	technique	(unrolled)	self	self	unrolled	300417531	
exhibition catalogue	technique	(unrolled)	self	self	unrolled	300026059	
exposed	technique	(unrolled)	self	self	unrolled		
exterior	technique	(unrolled)	self	self	unrolled	300010277	
extra handcolored screenprint	technique	(unrolled)	self	self	unrolled		
extra-weft contour wrapping	technique	(unrolled)	self	self	unrolled	300234992	
extra-weft float patterning	technique	(unrolled)	self	self	unrolled	300248891	
extra-weft wrapping	technique	(unrolled)	self	self	unrolled	300234992	
eyelet embroiderery	technique	(unrolled)	self	self	unrolled		
fabric	technique	(unrolled)	self	self	unrolled		
faceted bead	technique	(unrolled)	self	self	unrolled	300261776	
faceted finial	technique	(unrolled)	self	self	unrolled		
facsimile	technique	(unrolled)	self	self	unrolled		
facsimile drawing	technique	(unrolled)	self	self	unrolled	300054031	
facsimile phototype screenprint	technique	(unrolled)	self	self	unrolled		
faded to brown	technique	(unrolled)	self	self	unrolled	300127490	
faded to gray-brown	technique	(unrolled)	self	self	unrolled		
faint white heightening	technique	(unrolled)	self	self	unrolled	300053418	
fastener	technique	(unrolled)	self	self	unrolled		
feather trim	technique	(unrolled)	self	self	unrolled		
felt marker drawing	technique	(unrolled)	self	self	unrolled	300054031	
felt tip pen drawing in yellow	technique	(unrolled)	self	self	unrolled	300127794	
felt-tip pen drawing	technique	(unrolled)	self	self	unrolled	300054031	
felted	technique	(unrolled)	self	self	unrolled		
felting	technique	(unrolled)	self	self	unrolled	300232049	
ferrotyped gelatin silver	technique	(unrolled)	self	self	unrolled	300011029	
fifty	technique	(unrolled)	self	self	unrolled		
fifty-four color screenprint	technique	(unrolled)	self	self	unrolled		
fifty-three offset lithograph	technique	(unrolled)	self	self	unrolled		
fifty-two offset lithograph	technique	(unrolled)	self	self	unrolled		
film	technique	(unrolled)	self	self	unrolled	300014637	
fine binding	technique	(unrolled)	self	self	unrolled	300421867	
fine binding in red morocco	technique	(unrolled)	self	self	unrolled		
fine brush	technique	(unrolled)	self	self	unrolled		
finger	technique	(unrolled)	self	self	unrolled		
fingerprint	technique	(unrolled)	self	self	unrolled		
fingerprints applied by the artist	technique	(unrolled)	self	self	unrolled		
finished	technique	(unrolled)	self	self	unrolled		
fire-gilt	technique	(unrolled)	self	self	unrolled		
first impression	technique	(unrolled)	self	self	unrolled		
first initial	technique	(unrolled)	self	self	unrolled		
first warp from adjacent color area at regular interval	technique	(unrolled)	self	self	unrolled	300404437	
five-color lithograph	technique	(unrolled)	self	self	unrolled		
flame printed silk chiffon	technique	(unrolled)	self	self	unrolled	300249449	
flashe	technique	(unrolled)	self	self	unrolled		
flashlight	technique	(unrolled)	self	self	unrolled	300262610	
flat bite	technique	(unrolled)	self	self	unrolled		
flat bite etching printed in blue	technique	(unrolled)	self	self	unrolled	300129361	
flat bite etching printed in red	technique	(unrolled)	self	self	unrolled	300126225	
flat weave	technique	(unrolled)	self	self	unrolled		
flatbite	technique	(unrolled)	self	self	unrolled		
flate bite	technique	(unrolled)	self	self	unrolled		
flocked screenprint	technique	(unrolled)	self	self	unrolled		
flocking	technique	(unrolled)	self	self	unrolled	300053786	
floral embroidery	technique	(unrolled)	self	self	unrolled	300264024	
foil mono print relief	technique	(unrolled)	self	self	unrolled	300053622	
fold out page	technique	(unrolled)	self	self	unrolled		
folded	technique	(unrolled)	self	self	unrolled		
folded attachment.	technique	(unrolled)	self	self	unrolled		
folded double page	technique	(unrolled)	self	self	unrolled		
folded in varying way	technique	(unrolled)	self	self	unrolled		
folded lithograph	technique	(unrolled)	self	self	unrolled		
folded map	technique	(unrolled)	self	self	unrolled		
folded or collaged	technique	(unrolled)	self	self	unrolled		
folded page	technique	(unrolled)	self	self	unrolled		
folded photolithograph	technique	(unrolled)	self	self	unrolled		
folded sheet taped to text sheet	technique	(unrolled)	self	self	unrolled		
folded twice	technique	(unrolled)	self	self	unrolled		
forged metal	technique	(unrolled)	self	self	unrolled	300010900	
forty fascimile ink drawing	technique	(unrolled)	self	self	unrolled	300054031	
forty-four offset lithograph	technique	(unrolled)	self	self	unrolled		
forty-one intaglio	technique	(unrolled)	self	self	unrolled	300186231	
forty-two sumi ink drawing	technique	(unrolled)	self	self	unrolled	300054031	
foul bite	technique	(unrolled)	self	self	unrolled		
found photo-offset	technique	(unrolled)	self	self	unrolled		
found photograph	technique	(unrolled)	self	self	unrolled		
foundation pieced	technique	(unrolled)	self	self	unrolled		
four	technique	(unrolled)	self	self	unrolled	300445114	
four-color lithograph from one stone	technique	(unrolled)	self	self	unrolled	300011176	
four-color offset lithograph	technique	(unrolled)	self	self	unrolled		
fourty-two reproduction offset lithograph prints or original drawing	technique	(unrolled)	self	self	unrolled	300054031	
frame	technique	(unrolled)	self	self	unrolled		
frame set	technique	(unrolled)	self	self	unrolled		
framed	technique	(unrolled)	self	self	unrolled		
framed engraving mounted to board	technique	(unrolled)	self	self	unrolled		
framed photograph	technique	(unrolled)	self	self	unrolled		
freehand lettering	technique	(unrolled)	self	self	unrolled	300053342	
french knot	technique	(unrolled)	self	self	unrolled		
french mould-made sheet. plantin type. artist's drawing	technique	(unrolled)	self	self	unrolled	300054031	
fresco	technique	(unrolled)	self	self	unrolled		
fresson carbon	technique	(unrolled)	self	self	unrolled	300264720	
front printed in color lithograph	technique	(unrolled)	self	self	unrolled		
front.	technique	(unrolled)	self	self	unrolled		
frottage	technique	(unrolled)	self	self	unrolled	300053430	
frottage additions by the artist	technique	(unrolled)	self	self	unrolled		
full color lithograph	technique	(unrolled)	self	self	unrolled		
full color lithograph mounted	technique	(unrolled)	self	self	unrolled		
full page lithograph	technique	(unrolled)	self	self	unrolled		
full page or in-text relief halftone or color relief halftone illustration	technique	(unrolled)	self	self	unrolled	300054200	
full-bleed	technique	(unrolled)	self	self	unrolled		
full-page illustration	technique	(unrolled)	self	self	unrolled	300054200	
full-page lithograph	technique	(unrolled)	self	self	unrolled		
fulled	technique	(unrolled)	self	self	unrolled		
fulling	technique	(unrolled)	self	self	unrolled	300232074	
fur lined	technique	(unrolled)	self	self	unrolled		
gampi paper chine collé printed in brown	technique	(unrolled)	self	self	unrolled	300127490	
gelatin silver cropped contact	technique	(unrolled)	self	self	unrolled		
gelatin silver photographic print mounted	technique	(unrolled)	self	self	unrolled		
gelatin silver print from an x-radiograph	technique	(unrolled)	self	self	unrolled		
gelatin silver print from gelatin dry-plate negative	technique	(unrolled)	self	self	unrolled	300173497	
gelatin silver print in postcard format	technique	(unrolled)	self	self	unrolled	300266038	
gelatin silver print mounted	technique	(unrolled)	self	self	unrolled		
gelatin silver print mounted to card stock	technique	(unrolled)	self	self	unrolled		
gelatin silver print mounted to illustration board	technique	(unrolled)	self	self	unrolled		
gelatin silver print mounted to sintra	technique	(unrolled)	self	self	unrolled		
gelatin silver print photograph	technique	(unrolled)	self	self	unrolled		
gelatin silver print postcard	technique	(unrolled)	self	self	unrolled		
gelatin silver prints mounted	technique	(unrolled)	self	self	unrolled		
gelatin silver printwire service photo	technique	(unrolled)	self	self	unrolled		
gelatin siver	technique	(unrolled)	self	self	unrolled		
gelatin sliver	technique	(unrolled)	self	self	unrolled	300411489	
gelatin solver	technique	(unrolled)	self	self	unrolled		
gelatin-silver	technique	(unrolled)	self	self	unrolled		
german etching paper	technique	(unrolled)	self	self	unrolled	300014109	
german etching paper from zinc plate	technique	(unrolled)	self	self	unrolled	300011041	
ghost impression	technique	(unrolled)	self	self	unrolled		
gilded	technique	(unrolled)	self	self	unrolled		
gilded composition shape	technique	(unrolled)	self	self	unrolled	300056273	
gilded decoration	technique	(unrolled)	self	self	unrolled	300056257	
gilded frame	technique	(unrolled)	self	self	unrolled		
gilded lithograph	technique	(unrolled)	self	self	unrolled		
gilded stick	technique	(unrolled)	self	self	unrolled		
gilded water buffalo hide	technique	(unrolled)	self	self	unrolled	300011844	
gillotage printed in black	technique	(unrolled)	self	self	unrolled	300130920	
gilt button	technique	(unrolled)	self	self	unrolled		
gilt cord	technique	(unrolled)	self	self	unrolled	300014247	
gilt decoration	technique	(unrolled)	self	self	unrolled	300056257	
gilt edge	technique	(unrolled)	self	self	unrolled		
gilt edging	technique	(unrolled)	self	self	unrolled		
gilt edging at top	technique	(unrolled)	self	self	unrolled	300121968	
gilt frame	technique	(unrolled)	self	self	unrolled		
gilt gesso	technique	(unrolled)	self	self	unrolled	300014952	
gilt ground	technique	(unrolled)	self	self	unrolled	300015297	
gilt interior	technique	(unrolled)	self	self	unrolled	300010279	
gilt lettering	technique	(unrolled)	self	self	unrolled	300053342	
gilt paper thread embroidery	technique	(unrolled)	self	self	unrolled	300264024	
gilt parure	technique	(unrolled)	self	self	unrolled		
gilt stamping by schuberth bindery	technique	(unrolled)	self	self	unrolled		
gilt thread	technique	(unrolled)	self	self	unrolled	300014250	
gilt tooling	technique	(unrolled)	self	self	unrolled	300053876	
gisele freund	technique	(unrolled)	self	self	unrolled		
glass bead embroidery	technique	(unrolled)	self	self	unrolled	300264024	
glass seed bead embroidery	technique	(unrolled)	self	self	unrolled	300264024	
glyptograph	technique	(unrolled)	self	self	unrolled		
gold chiffon printed	technique	(unrolled)	self	self	unrolled		
gold couched embroidery	technique	(unrolled)	self	self	unrolled	300264024	
gold embroidery	technique	(unrolled)	self	self	unrolled	300264024	
gold embroidery/applique	technique	(unrolled)	self	self	unrolled		
gold metallic thread embroidery	technique	(unrolled)	self	self	unrolled	300264024	
gold thread embroidery	technique	(unrolled)	self	self	unrolled	300264024	
gold thread embroidery?	technique	(unrolled)	self	self	unrolled		
gold tooling	technique	(unrolled)	self	self	unrolled	300256003	
gold transfer printing	technique	(unrolled)	self	self	unrolled	300053319	
gold wood-engraving	technique	(unrolled)	self	self	unrolled		
gold-chloride toned printing out paper	technique	(unrolled)	self	self	unrolled	300014109	
gold-toned gelatin silver	technique	(unrolled)	self	self	unrolled	300011029	
gold-toned gelatin silver print from glass negative	technique	(unrolled)	self	self	unrolled	300173497	
gold-wrapped silk thread embroidery	technique	(unrolled)	self	self	unrolled	300264024	
golf ball	technique	(unrolled)	self	self	unrolled		
gra[hite under	technique	(unrolled)	self	self	unrolled		
grahite	technique	(unrolled)	self	self	unrolled		
grain sack	technique	(unrolled)	self	self	unrolled		
graphie	technique	(unrolled)	self	self	unrolled		
graphite by the artist printed	technique	(unrolled)	self	self	unrolled		
graphite drawing	technique	(unrolled)	self	self	unrolled	300054031	
graphite drawing to left	technique	(unrolled)	self	self	unrolled	300078785	
graphite powder. box: color offset lithograph	technique	(unrolled)	self	self	unrolled		
graphiute underdrawing	technique	(unrolled)	self	self	unrolled		
graphte	technique	(unrolled)	self	self	unrolled		
grasses in stenciled	technique	(unrolled)	self	self	unrolled		
gravure	technique	(unrolled)	self	self	unrolled		
gravure printed	technique	(unrolled)	self	self	unrolled		
gray hand coloring	technique	(unrolled)	self	self	unrolled		
gray lithographic pencil	technique	(unrolled)	self	self	unrolled	300410335	
gray striation	technique	(unrolled)	self	self	unrolled		
green embroidery	technique	(unrolled)	self	self	unrolled	300264024	
green stencil	technique	(unrolled)	self	self	unrolled		
green stencil duplicate print handbill	technique	(unrolled)	self	self	unrolled		
grey	technique	(unrolled)	self	self	unrolled		
grey print silk organza	technique	(unrolled)	self	self	unrolled	300310123	
grey printed silk	technique	(unrolled)	self	self	unrolled	300014072	
grey spit bite	technique	(unrolled)	self	self	unrolled		
grommet	technique	(unrolled)	self	self	unrolled		
gros point embroidery	technique	(unrolled)	self	self	unrolled	300264024	
grosgrain trim	technique	(unrolled)	self	self	unrolled		
grosgrain?	technique	(unrolled)	self	self	unrolled		
group	technique	(unrolled)	self	self	unrolled		
grouped weft	technique	(unrolled)	self	self	unrolled	300227934	
grpahite	technique	(unrolled)	self	self	unrolled		
guipure embroidery	technique	(unrolled)	self	self	unrolled	300264024	
gum	technique	(unrolled)	self	self	unrolled	300012866	
gypsograph	technique	(unrolled)	self	self	unrolled		
gypsograph embossing	technique	(unrolled)	self	self	unrolled	300053826	
hahnemule german etching paper	technique	(unrolled)	self	self	unrolled	300014109	
hair gimp	technique	(unrolled)	self	self	unrolled	300232154	
half tone photograph	technique	(unrolled)	self	self	unrolled		
half tone reproduction	technique	(unrolled)	self	self	unrolled	300404313	
half-page lithograph	technique	(unrolled)	self	self	unrolled		
half-tone	technique	(unrolled)	self	self	unrolled		
half-tone photograph	technique	(unrolled)	self	self	unrolled		
half-tone reproduction	technique	(unrolled)	self	self	unrolled	300404313	
halftone reproduction	technique	(unrolled)	self	self	unrolled	300404313	
hammered	technique	(unrolled)	self	self	unrolled		
hammered metal	technique	(unrolled)	self	self	unrolled	300010900	
hand -colored albumen silver	technique	(unrolled)	self	self	unrolled	300011029	
hand addition	technique	(unrolled)	self	self	unrolled		
hand applied	technique	(unrolled)	self	self	unrolled		
hand applied collage element	technique	(unrolled)	self	self	unrolled		
hand coloing	technique	(unrolled)	self	self	unrolled		
hand color woven	technique	(unrolled)	self	self	unrolled		
hand colored lithograph	technique	(unrolled)	self	self	unrolled		
hand colored-albumen silver	technique	(unrolled)	self	self	unrolled	300011029	
hand coloring by the artist	technique	(unrolled)	self	self	unrolled		
hand coloring in case	technique	(unrolled)	self	self	unrolled		
hand coloring in leather case	technique	(unrolled)	self	self	unrolled		
hand coloring in thermoplastic union case	technique	(unrolled)	self	self	unrolled		
hand coloring in union case	technique	(unrolled)	self	self	unrolled		
hand coloring in watercolor	technique	(unrolled)	self	self	unrolled		
hand coloring including dedicatory frontispiece	technique	(unrolled)	self	self	unrolled		
hand coloring mounted	technique	(unrolled)	self	self	unrolled		
hand coloring mounted to page	technique	(unrolled)	self	self	unrolled		
hand drawing in graphite	technique	(unrolled)	self	self	unrolled	300011098	
hand embellished pigment print in artist frame	technique	(unrolled)	self	self	unrolled		
hand embroidered	technique	(unrolled)	self	self	unrolled		
hand embroidery	technique	(unrolled)	self	self	unrolled	300264024	
hand engraving by the artist	technique	(unrolled)	self	self	unrolled		
hand finished	technique	(unrolled)	self	self	unrolled		
hand lettering	technique	(unrolled)	self	self	unrolled	300053342	
hand pick-up	technique	(unrolled)	self	self	unrolled		
hand printed by the artist	technique	(unrolled)	self	self	unrolled		
hand printed cotton	technique	(unrolled)	self	self	unrolled	300014067	
hand printed relief	technique	(unrolled)	self	self	unrolled	300053622	
hand printed relief print from a zinc key plate	technique	(unrolled)	self	self	unrolled	300011041	
hand pulled gravure print from glass negative	technique	(unrolled)	self	self	unrolled	300173497	
hand quilted	technique	(unrolled)	self	self	unrolled		
hand run	technique	(unrolled)	self	self	unrolled		
hand set letterpres	technique	(unrolled)	self	self	unrolled		
hand stamping	technique	(unrolled)	self	self	unrolled	300053138	
hand stitched drawing	technique	(unrolled)	self	self	unrolled	300054031	
hand tinted gelatin silver print postcard	technique	(unrolled)	self	self	unrolled		
hand tinted lithograph	technique	(unrolled)	self	self	unrolled		
hand touches drawn in sharpee	technique	(unrolled)	self	self	unrolled		
hand woven	technique	(unrolled)	self	self	unrolled		
hand-bound book	technique	(unrolled)	self	self	unrolled		
hand-colored albumen print photograph	technique	(unrolled)	self	self	unrolled		
hand-coloring by the artist	technique	(unrolled)	self	self	unrolled		
hand-coloring by the artist as the	technique	(unrolled)	self	self	unrolled		
hand-coloring in leather covered case	technique	(unrolled)	self	self	unrolled		
hand-coloring plus additional lithograph	technique	(unrolled)	self	self	unrolled		
hand-dyed	technique	(unrolled)	self	self	unrolled		
hand-formed	technique	(unrolled)	self	self	unrolled		
hand-modeled	technique	(unrolled)	self	self	unrolled		
hand-painted intaglio	technique	(unrolled)	self	self	unrolled	300186231	
hand-pieced	technique	(unrolled)	self	self	unrolled		
hand-printed wool jersey	technique	(unrolled)	self	self	unrolled	300417884	
hand-sewn thread	technique	(unrolled)	self	self	unrolled	300014250	
hand-staining	technique	(unrolled)	self	self	unrolled		
hand-stitched drawings in thread	technique	(unrolled)	self	self	unrolled	300014250	
hand-thrown	technique	(unrolled)	self	self	unrolled		
handbound book	technique	(unrolled)	self	self	unrolled		
handbound miniature book	technique	(unrolled)	self	self	unrolled		
handcolor	technique	(unrolled)	self	self	unrolled		
handcut bead	technique	(unrolled)	self	self	unrolled	300261776	
handle	technique	(unrolled)	self	self	unrolled		
handmade paper (see printer's note	technique	(unrolled)	self	self	unrolled		
handmade slipcase	technique	(unrolled)	self	self	unrolled		
handset text for display. german mouldmade zerkall paper. photographs printed in duotone offset lithography.	technique	(unrolled)	self	self	unrolled		
handsewn	technique	(unrolled)	self	self	unrolled		
handstamping	technique	(unrolled)	self	self	unrolled		
handwork	technique	(unrolled)	self	self	unrolled		
handworked xerox	technique	(unrolled)	self	self	unrolled		
handwoven	technique	(unrolled)	self	self	unrolled		
handwriting	technique	(unrolled)	self	self	unrolled	300252927	
handwritten text	technique	(unrolled)	self	self	unrolled	300250810	
hanging scroll	technique	(unrolled)	self	self	unrolled		
hard	technique	(unrolled)	self	self	unrolled		
hard ground etching printed	technique	(unrolled)	self	self	unrolled		
hard ground etching printed in black	technique	(unrolled)	self	self	unrolled	300130920	
hard ground etching printed in graphite	technique	(unrolled)	self	self	unrolled	300011098	
hard ground etching printed in gray	technique	(unrolled)	self	self	unrolled		
hard ground etching printed in red	technique	(unrolled)	self	self	unrolled	300126225	
hard ground etching printed in yellow	technique	(unrolled)	self	self	unrolled	300127794	
hard ground etching.	technique	(unrolled)	self	self	unrolled		
hard groundetching	technique	(unrolled)	self	self	unrolled		
hard-bound book	technique	(unrolled)	self	self	unrolled		
hardanger drawn-thread embroidery	technique	(unrolled)	self	self	unrolled	300264024	
hardbound book	technique	(unrolled)	self	self	unrolled		
hardground etching.	technique	(unrolled)	self	self	unrolled		
hartd-ground etching printed in blue	technique	(unrolled)	self	self	unrolled	300129361	
have been folded	technique	(unrolled)	self	self	unrolled		
hayter etching mounted	technique	(unrolled)	self	self	unrolled		
heat	technique	(unrolled)	self	self	unrolled	300056020	
heat transfer	technique	(unrolled)	self	self	unrolled	300417644	
heat transfer printed	technique	(unrolled)	self	self	unrolled		
heavier mount	technique	(unrolled)	self	self	unrolled		
heliochrome lithograph	technique	(unrolled)	self	self	unrolled		
heliograph	technique	(unrolled)	self	self	unrolled		
heliogravure reduction retouched by the artist	technique	(unrolled)	self	self	unrolled		
heliogravure reproductions after photograph	technique	(unrolled)	self	self	unrolled		
heliotype reproduction	technique	(unrolled)	self	self	unrolled	300404313	
highlighted	technique	(unrolled)	self	self	unrolled		
highlights created by abrasion	technique	(unrolled)	self	self	unrolled	300053077	
highlights created by erasure	technique	(unrolled)	self	self	unrolled		
his inscription	technique	(unrolled)	self	self	unrolled		
historic photograph	technique	(unrolled)	self	self	unrolled		
hologram	technique	(unrolled)	self	self	unrolled		
holographic	technique	(unrolled)	self	self	unrolled		
homespun	technique	(unrolled)	self	self	unrolled		
horn marquetry	technique	(unrolled)	self	self	unrolled	300053853	
hors text etchings: 1	technique	(unrolled)	self	self	unrolled		
hospital bed sheet	technique	(unrolled)	self	self	unrolled		
hue	technique	(unrolled)	self	self	unrolled	300056160	
human-made erosion rocks.	technique	(unrolled)	self	self	unrolled		
hundred screenprint	technique	(unrolled)	self	self	unrolled		
icelandic offset run-up sheet	technique	(unrolled)	self	self	unrolled		
ikat	technique	(unrolled)	self	self	unrolled	300249861	
ikat warp	technique	(unrolled)	self	self	unrolled	300227930	
illuminated canon leaf	technique	(unrolled)	self	self	unrolled	300011039	
illumination	technique	(unrolled)	self	self	unrolled	300220539	
illustrated	technique	(unrolled)	self	self	unrolled		
illustrated book	technique	(unrolled)	self	self	unrolled		
illustrated letter	technique	(unrolled)	self	self	unrolled		
illustration	technique	(unrolled)	self	self	unrolled	300054200	
illustration bound in	technique	(unrolled)	self	self	unrolled		
illustration front	technique	(unrolled)	self	self	unrolled	300078767	
illustrations by fernand léger	technique	(unrolled)	self	self	unrolled		
illustrations front	technique	(unrolled)	self	self	unrolled	300078767	
illustrations printed	technique	(unrolled)	self	self	unrolled		
illustrations reproduced by letterpress printing from polymer plate	technique	(unrolled)	self	self	unrolled	300011041	
illustrations total: 1 collotype after a transfer lithograph	technique	(unrolled)	self	self	unrolled		
illustrations total: 1 pochoir	technique	(unrolled)	self	self	unrolled	300053436	
illustrations total: 15 lithograph	technique	(unrolled)	self	self	unrolled		
illustrations total: 23 lithograph	technique	(unrolled)	self	self	unrolled		
illustrations total: 23 screenprint	technique	(unrolled)	self	self	unrolled		
illustrations total: 24 transfer lithograph	technique	(unrolled)	self	self	unrolled		
illustrations total: 25 lithograph	technique	(unrolled)	self	self	unrolled		
illustrations total: 3 transfer lithograph	technique	(unrolled)	self	self	unrolled		
illustrations total: 43 woodcut illustration	technique	(unrolled)	self	self	unrolled	300054200	
illustrations total: 5 intaglio	technique	(unrolled)	self	self	unrolled	300186231	
illustrations total: 9 lithograph	technique	(unrolled)	self	self	unrolled		
illustrations total: 9 screenprint	technique	(unrolled)	self	self	unrolled		
illustrations total: engravings front	technique	(unrolled)	self	self	unrolled	300078767	
illustrations total:one mixed-media drawing	technique	(unrolled)	self	self	unrolled	300054031	
illustrator	technique	(unrolled)	self	self	unrolled		
image	technique	(unrolled)	self	self	unrolled		
image stamped	technique	(unrolled)	self	self	unrolled		
images color letterpres	technique	(unrolled)	self	self	unrolled		
images: 28 color lithograph	technique	(unrolled)	self	self	unrolled		
imari decoration	technique	(unrolled)	self	self	unrolled	300056257	
impasto ware	technique	(unrolled)	self	self	unrolled	300244578	
impressed design	technique	(unrolled)	self	self	unrolled	300054171	
impressed photograph	technique	(unrolled)	self	self	unrolled		
impression	technique	(unrolled)	self	self	unrolled		
imprint	technique	(unrolled)	self	self	unrolled		
incised guard	technique	(unrolled)	self	self	unrolled		
incised marking	technique	(unrolled)	self	self	unrolled	300079795	
incised transfer line	technique	(unrolled)	self	self	unrolled		
incising	technique	(unrolled)	self	self	unrolled	300053847	
including pochoir	technique	(unrolled)	self	self	unrolled	300053436	
incomplete embroidery	technique	(unrolled)	self	self	unrolled	300264024	
incompletedisbound book	technique	(unrolled)	self	self	unrolled		
indented decoration	technique	(unrolled)	self	self	unrolled	300056257	
individual sheet	technique	(unrolled)	self	self	unrolled		
industrial process printing	technique	(unrolled)	self	self	unrolled	300053319	
ink jet	technique	(unrolled)	self	self	unrolled	300045514	
ink still life drawing by an unknown artist decorating the border	technique	(unrolled)	self	self	unrolled		
ink transfer lithograph	technique	(unrolled)	self	self	unrolled		
ink-jet	technique	(unrolled)	self	self	unrolled		
inked	technique	(unrolled)	self	self	unrolled		
inkjet printing	technique	(unrolled)	self	self	unrolled	300235748	
inkjet-printed gampi	technique	(unrolled)	self	self	unrolled	300080316	
inlaid	technique	(unrolled)	self	self	unrolled		
inlaid strip	technique	(unrolled)	self	self	unrolled		
inlay	technique	(unrolled)	self	self	unrolled	300053850	
inscribed	technique	(unrolled)	self	self	unrolled		
inscribed 'charity'	technique	(unrolled)	self	self	unrolled		
inscribed 'didone'	technique	(unrolled)	self	self	unrolled		
inscribed 'spadaro'	technique	(unrolled)	self	self	unrolled		
inscribed at lower center 'gio. rib.a'	technique	(unrolled)	self	self	unrolled		
inscribed by sebastiano resta	technique	(unrolled)	self	self	unrolled		
inscribed by the artist	technique	(unrolled)	self	self	unrolled		
inscribed by the artist 'ottimismo / arte / colori / si / si'	technique	(unrolled)	self	self	unrolled		
inserted drawing	technique	(unrolled)	self	self	unrolled	300054031	
inserted sheet	technique	(unrolled)	self	self	unrolled		
installation	technique	(unrolled)	self	self	unrolled		
intaglio ?	technique	(unrolled)	self	self	unrolled		
intaglio color etching made from lucite plate	technique	(unrolled)	self	self	unrolled	300011041	
intaglio illustration	technique	(unrolled)	self	self	unrolled	300054200	
intaglio image	technique	(unrolled)	self	self	unrolled		
intaglio proces	technique	(unrolled)	self	self	unrolled		
intaglio relief	technique	(unrolled)	self	self	unrolled	300053622	
intaglio-etching	technique	(unrolled)	self	self	unrolled		
intarsia decoration	technique	(unrolled)	self	self	unrolled	300056257	
interactive computer software	technique	(unrolled)	self	self	unrolled	300028566	
interior is lined	technique	(unrolled)	self	self	unrolled		
interior lined	technique	(unrolled)	self	self	unrolled		
interlacing	technique	(unrolled)	self	self	unrolled		
interlacing through bead	technique	(unrolled)	self	self	unrolled	300261776	
interleaved drawing studie	technique	(unrolled)	self	self	unrolled		
interleaved etching proof	technique	(unrolled)	self	self	unrolled		
interlocked	technique	(unrolled)	self	self	unrolled		
interlocked tapestry weave	technique	(unrolled)	self	self	unrolled		
interlocked- tapestry weave	technique	(unrolled)	self	self	unrolled		
interlocked-tapestry weave	technique	(unrolled)	self	self	unrolled		
interlocking tapestry weave	technique	(unrolled)	self	self	unrolled		
interlocking through bead	technique	(unrolled)	self	self	unrolled	300261776	
interlocking weft	technique	(unrolled)	self	self	unrolled	300227934	
ipad drawing printed	technique	(unrolled)	self	self	unrolled		
iri	technique	(unrolled)	self	self	unrolled		
irish crochet	technique	(unrolled)	self	self	unrolled	300264038	
irregular sized	technique	(unrolled)	self	self	unrolled		
ithograph	technique	(unrolled)	self	self	unrolled		
ivory offset	technique	(unrolled)	self	self	unrolled		
jacket: metallic printed silk plain weave	technique	(unrolled)	self	self	unrolled		
jacquard-woven	technique	(unrolled)	self	self	unrolled		
japan paper / drawing	technique	(unrolled)	self	self	unrolled	300054031	
japan paper overlaying lithograph	technique	(unrolled)	self	self	unrolled		
japanese	technique	(unrolled)	self	self	unrolled	300018519	
japanese brocade	technique	(unrolled)	self	self	unrolled	300227779	
japanese brush	technique	(unrolled)	self	self	unrolled		
japanese side-sewn binding	technique	(unrolled)	self	self	unrolled	300421867	
jersey knit	technique	(unrolled)	self	self	unrolled		
jet bead embroidery	technique	(unrolled)	self	self	unrolled	300264024	
jet trimming	technique	(unrolled)	self	self	unrolled	300053074	
jeweled pin	technique	(unrolled)	self	self	unrolled		
joined	technique	(unrolled)	self	self	unrolled		
joined sheet	technique	(unrolled)	self	self	unrolled		
joined together	technique	(unrolled)	self	self	unrolled		
jute thread embroidery	technique	(unrolled)	self	self	unrolled	300264024	
kappazuri stencil	technique	(unrolled)	self	self	unrolled		
karakul embroidery	technique	(unrolled)	self	self	unrolled	300264024	
key	technique	(unrolled)	self	self	unrolled		
knit	technique	(unrolled)	self	self	unrolled		
knit?	technique	(unrolled)	self	self	unrolled		
knitted	technique	(unrolled)	self	self	unrolled		
knitted bead	technique	(unrolled)	self	self	unrolled	300261776	
knitted edge	technique	(unrolled)	self	self	unrolled		
knotted	technique	(unrolled)	self	self	unrolled		
knotted cinnet	technique	(unrolled)	self	self	unrolled		
knotted edging	technique	(unrolled)	self	self	unrolled		
knotted fringe	technique	(unrolled)	self	self	unrolled	300227830	
knotted looping	technique	(unrolled)	self	self	unrolled		
knotted pil	technique	(unrolled)	self	self	unrolled		
knotted pile tied	technique	(unrolled)	self	self	unrolled		
knotting	technique	(unrolled)	self	self	unrolled	300053635	
label printed in red	technique	(unrolled)	self	self	unrolled	300126225	
lace	technique	(unrolled)	self	self	unrolled	300132861	
lacquered	technique	(unrolled)	self	self	unrolled		
lacquered chromogenic	technique	(unrolled)	self	self	unrolled		
laid	technique	(unrolled)	self	self	unrolled		
laid down	technique	(unrolled)	self	self	unrolled	300011810	
laid to a mount	technique	(unrolled)	self	self	unrolled		
lambda	technique	(unrolled)	self	self	unrolled		
laminated	technique	(unrolled)	self	self	unrolled		
large floral warp print silk taffeta	technique	(unrolled)	self	self	unrolled	300249434	
larger folded sheet	technique	(unrolled)	self	self	unrolled		
laser	technique	(unrolled)	self	self	unrolled		
laser cut	technique	(unrolled)	self	self	unrolled		
laser cut leave	technique	(unrolled)	self	self	unrolled		
laser print reproduction	technique	(unrolled)	self	self	unrolled	300404313	
laser-cut vinyl	technique	(unrolled)	self	self	unrolled	300014502	
lasercut	technique	(unrolled)	self	self	unrolled		
later mounted	technique	(unrolled)	self	self	unrolled		
later polychromy	technique	(unrolled)	self	self	unrolled	300247962	
layer	technique	(unrolled)	self	self	unrolled		
lb. manila drawing paper	technique	(unrolled)	self	self	unrolled	300014109	
leaded	technique	(unrolled)	self	self	unrolled		
leaf	technique	(unrolled)	self	self	unrolled	300011039	
leather bound etchings in a slipcase	technique	(unrolled)	self	self	unrolled		
left sheet	technique	(unrolled)	self	self	unrolled		
lengraving	technique	(unrolled)	self	self	unrolled		
leopard printed calfskin	technique	(unrolled)	self	self	unrolled		
letter	technique	(unrolled)	self	self	unrolled		
letter-pres	technique	(unrolled)	self	self	unrolled		
lettered in red	technique	(unrolled)	self	self	unrolled	300126225	
lettering in gilt	technique	(unrolled)	self	self	unrolled		
lettering in lithograph mounted	technique	(unrolled)	self	self	unrolled		
lettering in pochoir	technique	(unrolled)	self	self	unrolled	300053436	
lettering piece	technique	(unrolled)	self	self	unrolled		
letterpress book	technique	(unrolled)	self	self	unrolled		
letterpress broadside	technique	(unrolled)	self	self	unrolled		
letterpress broadsides in a cloth clamshell	technique	(unrolled)	self	self	unrolled		
letterpress folder	technique	(unrolled)	self	self	unrolled		
letterpress halftone	technique	(unrolled)	self	self	unrolled	300202115	
letterpress illustration	technique	(unrolled)	self	self	unrolled	300054200	
letterpress illustration from photopolymer plate	technique	(unrolled)	self	self	unrolled	300011041	
letterpress in black	technique	(unrolled)	self	self	unrolled	300130920	
letterpress in cardboard box	technique	(unrolled)	self	self	unrolled		
letterpress leaflet	technique	(unrolled)	self	self	unrolled		
letterpress or mylar	technique	(unrolled)	self	self	unrolled	300014480	
letterpress page	technique	(unrolled)	self	self	unrolled		
letterpress photogravure printed in red	technique	(unrolled)	self	self	unrolled	300126225	
letterpress poster printed in dark red	technique	(unrolled)	self	self	unrolled	300126225	
letterpress printed	technique	(unrolled)	self	self	unrolled		
letterpress printed certificate	technique	(unrolled)	self	self	unrolled		
letterpress printed in blue ink	technique	(unrolled)	self	self	unrolled	300015012	
letterpress printed in gray	technique	(unrolled)	self	self	unrolled		
letterpress printed in gray ink	technique	(unrolled)	self	self	unrolled	300015012	
letterpress printing by lawton kennedy.	technique	(unrolled)	self	self	unrolled		
letterpress printing from a photopolymer plate	technique	(unrolled)	self	self	unrolled	300011041	
letterpress proces	technique	(unrolled)	self	self	unrolled		
letterpress reproduction	technique	(unrolled)	self	self	unrolled	300404313	
letterpress text	technique	(unrolled)	self	self	unrolled	300250810	
letterpress title sheet	technique	(unrolled)	self	self	unrolled		
letterpresson white wove j.b. green paper	technique	(unrolled)	self	self	unrolled	300014109	
letters printed in brown	technique	(unrolled)	self	self	unrolled	300127490	
lift ground	technique	(unrolled)	self	self	unrolled	300015297	
lift ground drawing	technique	(unrolled)	self	self	unrolled	300054031	
light	technique	(unrolled)	self	self	unrolled	300056024	
light sensor	technique	(unrolled)	self	self	unrolled		
light weight	technique	(unrolled)	self	self	unrolled	300056240	
lightboxe	technique	(unrolled)	self	self	unrolled		
lightprint	technique	(unrolled)	self	self	unrolled		
lime decoration	technique	(unrolled)	self	self	unrolled	300056257	
limestone stand . sandcast glas	technique	(unrolled)	self	self	unrolled		
line block frontispiece	technique	(unrolled)	self	self	unrolled		
line block print after the original drawing	technique	(unrolled)	self	self	unrolled	300054031	
line block reproduction	technique	(unrolled)	self	self	unrolled	300404313	
line block reproduction after a drawing	technique	(unrolled)	self	self	unrolled	300054031	
line block reproductions after drawing	technique	(unrolled)	self	self	unrolled	300054031	
line block reproductions after pen	technique	(unrolled)	self	self	unrolled		
line engravings surrounding the letterpress text	technique	(unrolled)	self	self	unrolled	300250810	
line-block reproduction	technique	(unrolled)	self	self	unrolled	300404313	
line-cut	technique	(unrolled)	self	self	unrolled		
lined	technique	(unrolled)	self	self	unrolled		
linen embroidery	technique	(unrolled)	self	self	unrolled	300264024	
lines etched	technique	(unrolled)	self	self	unrolled		
lining	technique	(unrolled)	self	self	unrolled	300162124	
linocut in blue	technique	(unrolled)	self	self	unrolled	300129361	
linocut in modified pink pastry box	technique	(unrolled)	self	self	unrolled		
linocut printed in black	technique	(unrolled)	self	self	unrolled	300130920	
linocuts including 1double-width forming front	technique	(unrolled)	self	self	unrolled	300078767	
linocuts printed in green	technique	(unrolled)	self	self	unrolled	300128438	
linocuts total	technique	(unrolled)	self	self	unrolled		
linoeum cut	technique	(unrolled)	self	self	unrolled		
linoleum block	technique	(unrolled)	self	self	unrolled		
linoleum block printed in black	technique	(unrolled)	self	self	unrolled	300130920	
linoleum carving	technique	(unrolled)	self	self	unrolled	300053149	
linoleum cut in modified pink pastry box	technique	(unrolled)	self	self	unrolled		
linoleum cut mounted by the artist	technique	(unrolled)	self	self	unrolled		
linoleum cut printed in brown	technique	(unrolled)	self	self	unrolled	300127490	
litho-engraving printed chine colle	technique	(unrolled)	self	self	unrolled		
lithograph (color0	technique	(unrolled)	self	self	unrolled		
lithograph .	technique	(unrolled)	self	self	unrolled		
lithograph ?	technique	(unrolled)	self	self	unrolled		
lithograph black	technique	(unrolled)	self	self	unrolled	300130920	
lithograph box lining	technique	(unrolled)	self	self	unrolled	300162124	
lithograph broadside	technique	(unrolled)	self	self	unrolled		
lithograph colored by hand	technique	(unrolled)	self	self	unrolled	300221683	
lithograph crayon	technique	(unrolled)	self	self	unrolled		
lithograph diptych	technique	(unrolled)	self	self	unrolled		
lithograph dyptych	technique	(unrolled)	self	self	unrolled		
lithograph facsimile	technique	(unrolled)	self	self	unrolled		
lithograph from a photograph	technique	(unrolled)	self	self	unrolled		
lithograph from a zinc plate	technique	(unrolled)	self	self	unrolled	300011041	
lithograph from fifteen stone	technique	(unrolled)	self	self	unrolled	300011176	
lithograph from four stone	technique	(unrolled)	self	self	unrolled	300011176	
lithograph from one stone	technique	(unrolled)	self	self	unrolled	300011176	
lithograph from one zinc plate	technique	(unrolled)	self	self	unrolled	300011041	
lithograph from one zinc plate in light brown	technique	(unrolled)	self	self	unrolled	300127490	
lithograph from the original stone	technique	(unrolled)	self	self	unrolled	300011176	
lithograph from two stone	technique	(unrolled)	self	self	unrolled	300011176	
lithograph from two zinc plate	technique	(unrolled)	self	self	unrolled	300011041	
lithograph from zinc plate	technique	(unrolled)	self	self	unrolled	300011041	
lithograph from zinc plates printed in gray	technique	(unrolled)	self	self	unrolled		
lithograph in 2 color	technique	(unrolled)	self	self	unrolled	300131647	
lithograph in 3 color	technique	(unrolled)	self	self	unrolled	300131647	
lithograph in black	technique	(unrolled)	self	self	unrolled	300130920	
lithograph in blue	technique	(unrolled)	self	self	unrolled	300129361	
lithograph in color	technique	(unrolled)	self	self	unrolled	300131647	
lithograph in five color	technique	(unrolled)	self	self	unrolled	300131647	
lithograph in four color	technique	(unrolled)	self	self	unrolled	300131647	
lithograph in red	technique	(unrolled)	self	self	unrolled	300126225	
lithograph in sanguine	technique	(unrolled)	self	self	unrolled		
lithograph in seven color	technique	(unrolled)	self	self	unrolled	300131647	
lithograph in two color	technique	(unrolled)	self	self	unrolled	300131647	
lithograph in two part	technique	(unrolled)	self	self	unrolled		
lithograph lavis.	technique	(unrolled)	self	self	unrolled		
lithograph mounted	technique	(unrolled)	self	self	unrolled		
lithograph offset	technique	(unrolled)	self	self	unrolled		
lithograph or screenprint	technique	(unrolled)	self	self	unrolled		
lithograph postcard	technique	(unrolled)	self	self	unrolled		
lithograph postcard from the wiener werkstatte	technique	(unrolled)	self	self	unrolled		
lithograph poster	technique	(unrolled)	self	self	unrolled		
lithograph poster backed	technique	(unrolled)	self	self	unrolled		
lithograph poster before letter	technique	(unrolled)	self	self	unrolled		
lithograph poster mounted	technique	(unrolled)	self	self	unrolled		
lithograph poster mounted to linen	technique	(unrolled)	self	self	unrolled	300014069	
lithograph poster mounted to linen backing	technique	(unrolled)	self	self	unrolled	300227764	
lithograph poster printed in blue	technique	(unrolled)	self	self	unrolled	300129361	
lithograph poster printed in four color	technique	(unrolled)	self	self	unrolled	300131647	
lithograph poster printed in green	technique	(unrolled)	self	self	unrolled	300128438	
lithograph poster printed in red	technique	(unrolled)	self	self	unrolled	300126225	
lithograph printed	technique	(unrolled)	self	self	unrolled		
lithograph printed directly	technique	(unrolled)	self	self	unrolled		
lithograph printed from 2 stone	technique	(unrolled)	self	self	unrolled	300011176	
lithograph printed from a stone	technique	(unrolled)	self	self	unrolled	300011176	
lithograph printed from five stone	technique	(unrolled)	self	self	unrolled	300011176	
lithograph printed from lithographic stone	technique	(unrolled)	self	self	unrolled	300011176	
lithograph printed in black	technique	(unrolled)	self	self	unrolled	300130920	
lithograph printed in black ink	technique	(unrolled)	self	self	unrolled	300015012	
lithograph printed in blue	technique	(unrolled)	self	self	unrolled	300129361	
lithograph printed in brown	technique	(unrolled)	self	self	unrolled	300127490	
lithograph printed in brown ink	technique	(unrolled)	self	self	unrolled	300015012	
lithograph printed in color	technique	(unrolled)	self	self	unrolled	300131647	
lithograph printed in dark brown	technique	(unrolled)	self	self	unrolled	300127490	
lithograph printed in dark brown ink	technique	(unrolled)	self	self	unrolled	300015012	
lithograph printed in five color	technique	(unrolled)	self	self	unrolled	300131647	
lithograph printed in four color	technique	(unrolled)	self	self	unrolled	300131647	
lithograph printed in gold	technique	(unrolled)	self	self	unrolled	300011021	
lithograph printed in gold color	technique	(unrolled)	self	self	unrolled	300131647	
lithograph printed in gray	technique	(unrolled)	self	self	unrolled		
lithograph printed in green	technique	(unrolled)	self	self	unrolled	300128438	
lithograph printed in metallic silver	technique	(unrolled)	self	self	unrolled	300011029	
lithograph printed in orange	technique	(unrolled)	self	self	unrolled	300126734	
lithograph printed in purple violet	technique	(unrolled)	self	self	unrolled	300130602	
lithograph printed in red	technique	(unrolled)	self	self	unrolled	300126225	
lithograph printed in red ink	technique	(unrolled)	self	self	unrolled	300015012	
lithograph printed in red violet	technique	(unrolled)	self	self	unrolled	300130602	
lithograph printed in red-brown ink	technique	(unrolled)	self	self	unrolled	300015012	
lithograph printed in rust	technique	(unrolled)	self	self	unrolled	300213355	
lithograph printed in silver leaf	technique	(unrolled)	self	self	unrolled	300011039	
lithograph printed in three color	technique	(unrolled)	self	self	unrolled	300131647	
lithograph printed in toner sepia	technique	(unrolled)	self	self	unrolled	300015025	
lithograph printed in two color	technique	(unrolled)	self	self	unrolled	300131647	
lithograph printed in yellow	technique	(unrolled)	self	self	unrolled	300127794	
lithograph printed inbrown ink	technique	(unrolled)	self	self	unrolled	300015012	
lithograph reproduction	technique	(unrolled)	self	self	unrolled	300404313	
lithograph reproductions : 14 full-page	technique	(unrolled)	self	self	unrolled	300200269	
lithograph reproductions : 19 full-page	technique	(unrolled)	self	self	unrolled	300200269	
lithograph signed at lower right	technique	(unrolled)	self	self	unrolled	300078823	
lithograph triptych	technique	(unrolled)	self	self	unrolled		
lithograph.	technique	(unrolled)	self	self	unrolled		
lithograph?	technique	(unrolled)	self	self	unrolled		
lithographa	technique	(unrolled)	self	self	unrolled		
lithographe	technique	(unrolled)	self	self	unrolled		
lithographed	technique	(unrolled)	self	self	unrolled		
lithographed collage element	technique	(unrolled)	self	self	unrolled		
lithographed drawing	technique	(unrolled)	self	self	unrolled	300054031	
lithographed felt text panel	technique	(unrolled)	self	self	unrolled	300014657	
lithographed frontispiece	technique	(unrolled)	self	self	unrolled		
lithographed map	technique	(unrolled)	self	self	unrolled		
lithographed plate	technique	(unrolled)	self	self	unrolled	300011041	
lithographed text	technique	(unrolled)	self	self	unrolled	300250810	
lithographed title	technique	(unrolled)	self	self	unrolled	300055726	
lithographer	technique	(unrolled)	self	self	unrolled		
lithographic	technique	(unrolled)	self	self	unrolled		
lithographic color	technique	(unrolled)	self	self	unrolled	300131647	
lithographic crayon	technique	(unrolled)	self	self	unrolled		
lithographic dust-jacket	technique	(unrolled)	self	self	unrolled		
lithographic pencil	technique	(unrolled)	self	self	unrolled	300410335	
lithographic reproduction	technique	(unrolled)	self	self	unrolled	300404313	
lithographic stone	technique	(unrolled)	self	self	unrolled	300011176	
lithographic under color hand printed	technique	(unrolled)	self	self	unrolled		
lithographmounted	technique	(unrolled)	self	self	unrolled		
lithographprinted in two color	technique	(unrolled)	self	self	unrolled	300131647	
lithographs after drawing	technique	(unrolled)	self	self	unrolled	300054031	
lithographs colored	technique	(unrolled)	self	self	unrolled		
lithographs each printed	technique	(unrolled)	self	self	unrolled		
lithographs from 37 stones printed	technique	(unrolled)	self	self	unrolled		
lithographs in leather case	technique	(unrolled)	self	self	unrolled		
lithographs in red	technique	(unrolled)	self	self	unrolled	300126225	
lithographs in text volume	technique	(unrolled)	self	self	unrolled	300055649	
lithographs in triangular continuously hinged format	technique	(unrolled)	self	self	unrolled	300266038	
lithographs mounted chine collé	technique	(unrolled)	self	self	unrolled		
lithographs or color lithograph	technique	(unrolled)	self	self	unrolled		
lithographs plus 2 wood engravings accompanying the introduction	technique	(unrolled)	self	self	unrolled		
lithographs plus five lithographed text page	technique	(unrolled)	self	self	unrolled		
lithographs reproducing painting	technique	(unrolled)	self	self	unrolled	300054216	
lithographs total: 18 lithograph	technique	(unrolled)	self	self	unrolled		
lithographs total: 8 lithograph	technique	(unrolled)	self	self	unrolled		
lithographs under color	technique	(unrolled)	self	self	unrolled	300131647	
lithographwith handcoloring	technique	(unrolled)	self	self	unrolled		
lithography in 4+ color	technique	(unrolled)	self	self	unrolled	300131647	
lithography ink	technique	(unrolled)	self	self	unrolled	300015012	
lithography reproduction	technique	(unrolled)	self	self	unrolled	300404313	
llithograph	technique	(unrolled)	self	self	unrolled		
logo	technique	(unrolled)	self	self	unrolled		
loop stitch in a ring bound book	technique	(unrolled)	self	self	unrolled		
looped pile	technique	(unrolled)	self	self	unrolled	300227868	
low-resolution picture printed	technique	(unrolled)	self	self	unrolled		
m	technique	(unrolled)	self	self	unrolled		
machine	technique	(unrolled)	self	self	unrolled		
machine embroidered	technique	(unrolled)	self	self	unrolled		
machine embroidery	technique	(unrolled)	self	self	unrolled	300264024	
machine knitted	technique	(unrolled)	self	self	unrolled		
machine knitting	technique	(unrolled)	self	self	unrolled	300252068	
machine pieced	technique	(unrolled)	self	self	unrolled		
machine slip stitched	technique	(unrolled)	self	self	unrolled		
machine stitched	technique	(unrolled)	self	self	unrolled		
machine stitching	technique	(unrolled)	self	self	unrolled	300053660	
machine-embrpoidery	technique	(unrolled)	self	self	unrolled		
machine-knitted	technique	(unrolled)	self	self	unrolled		
machine-stitched patchwork	technique	(unrolled)	self	self	unrolled	300249330	
macramé	technique	(unrolled)	self	self	unrolled		
made from etched	technique	(unrolled)	self	self	unrolled		
made into photoenagravings.	technique	(unrolled)	self	self	unrolled		
manipulated copy toner resist	technique	(unrolled)	self	self	unrolled	300015308	
manipulated negative	technique	(unrolled)	self	self	unrolled	300173497	
manipulated photograph	technique	(unrolled)	self	self	unrolled		
manuscript	technique	(unrolled)	self	self	unrolled		
many printed two	technique	(unrolled)	self	self	unrolled	300445112	
map	technique	(unrolled)	self	self	unrolled		
marbleizing	technique	(unrolled)	self	self	unrolled	300265737	
marbling	technique	(unrolled)	self	self	unrolled	300053812	
mark printed in green	technique	(unrolled)	self	self	unrolled	300128438	
maroon cord	technique	(unrolled)	self	self	unrolled	300014247	
marquetry	technique	(unrolled)	self	self	unrolled	300053853	
masked black	technique	(unrolled)	self	self	unrolled	300130920	
matte	technique	(unrolled)	self	self	unrolled		
mechanical reproductive proces	technique	(unrolled)	self	self	unrolled		
medium	technique	(unrolled)	self	self	unrolled	300265461	
metal brocade	technique	(unrolled)	self	self	unrolled	300227779	
metal buckle	technique	(unrolled)	self	self	unrolled		
metal coil embroidery	technique	(unrolled)	self	self	unrolled	300264024	
metal corded edging	technique	(unrolled)	self	self	unrolled		
metal cut	technique	(unrolled)	self	self	unrolled		
metal dowel	technique	(unrolled)	self	self	unrolled		
metal embellishment	technique	(unrolled)	self	self	unrolled		
metal embroidery	technique	(unrolled)	self	self	unrolled	300264024	
metal foil embroidery	technique	(unrolled)	self	self	unrolled	300264024	
metal frame	technique	(unrolled)	self	self	unrolled		
metal lampa	technique	(unrolled)	self	self	unrolled		
metal mount	technique	(unrolled)	self	self	unrolled		
metal mounted.	technique	(unrolled)	self	self	unrolled		
metal oval frame	technique	(unrolled)	self	self	unrolled		
metal point	technique	(unrolled)	self	self	unrolled		
metal prong	technique	(unrolled)	self	self	unrolled		
metal purl embroidery	technique	(unrolled)	self	self	unrolled	300264024	
metal quill point	technique	(unrolled)	self	self	unrolled		
metal relief engravings:	technique	(unrolled)	self	self	unrolled		
metal repair	technique	(unrolled)	self	self	unrolled		
metal rivet	technique	(unrolled)	self	self	unrolled		
metal slit tapestry	technique	(unrolled)	self	self	unrolled	300061981	
metal staple	technique	(unrolled)	self	self	unrolled		
metal stud	technique	(unrolled)	self	self	unrolled		
metal tack	technique	(unrolled)	self	self	unrolled		
metal thread braid	technique	(unrolled)	self	self	unrolled	300232186	
metal thread embroidered	technique	(unrolled)	self	self	unrolled		
metal thread embroidery	technique	(unrolled)	self	self	unrolled	300264024	
metal trim	technique	(unrolled)	self	self	unrolled		
metal-thread embroidery	technique	(unrolled)	self	self	unrolled	300264024	
metal-wrapped silk embroidery	technique	(unrolled)	self	self	unrolled	300264024	
metal-wrapped silk thread embroidery	technique	(unrolled)	self	self	unrolled	300264024	
metal-wrapped thread embroidery	technique	(unrolled)	self	self	unrolled	300264024	
metal-wrapped thread machine embroidery	technique	(unrolled)	self	self	unrolled	300264024	
metalcut	technique	(unrolled)	self	self	unrolled		
metalise	technique	(unrolled)	self	self	unrolled		
metallic brocade	technique	(unrolled)	self	self	unrolled	300227779	
metallic edging	technique	(unrolled)	self	self	unrolled		
metallic elastic band	technique	(unrolled)	self	self	unrolled		
metallic embroidery	technique	(unrolled)	self	self	unrolled	300264024	
metallic galloon trim	technique	(unrolled)	self	self	unrolled		
metallic gold stenciling	technique	(unrolled)	self	self	unrolled		
metallic pigment printing	technique	(unrolled)	self	self	unrolled	300053319	
metallic thread embroidery	technique	(unrolled)	self	self	unrolled	300264024	
metallic thread supplementary weft-patterning	technique	(unrolled)	self	self	unrolled		
metalpoint	technique	(unrolled)	self	self	unrolled	300404633	
methocel using hand-cut stencil	technique	(unrolled)	self	self	unrolled		
mezzotint in blue	technique	(unrolled)	self	self	unrolled	300129361	
mezzotint printed in dark green	technique	(unrolled)	self	self	unrolled	300128438	
mezzotinton lana wove paper	technique	(unrolled)	self	self	unrolled	300014109	
mezzotints plus a frontispiece	technique	(unrolled)	self	self	unrolled		
mica flocking	technique	(unrolled)	self	self	unrolled	300053786	
micro-mosaic	technique	(unrolled)	self	self	unrolled		
mid-vintage gelatin silver	technique	(unrolled)	self	self	unrolled	300011029	
miniature bound book	technique	(unrolled)	self	self	unrolled		
miniature sketchbook	technique	(unrolled)	self	self	unrolled		
mirror containing letterpress text	technique	(unrolled)	self	self	unrolled	300250810	
mirror embroidery	technique	(unrolled)	self	self	unrolled	300264024	
mixed	technique	(unrolled)	self	self	unrolled		
mixed intaglio technique	technique	(unrolled)	self	self	unrolled	300055843	
mixed media collage: screenprint	technique	(unrolled)	self	self	unrolled		
mixed media screen	technique	(unrolled)	self	self	unrolled	300023393	
mixed needle	technique	(unrolled)	self	self	unrolled		
mixed processes intaglio	technique	(unrolled)	self	self	unrolled	300186231	
mixed technique	technique	(unrolled)	self	self	unrolled	300179099	
mixed-intaglio	technique	(unrolled)	self	self	unrolled		
mixografia relief	technique	(unrolled)	self	self	unrolled	300053622	
mixographia	technique	(unrolled)	self	self	unrolled		
model ship	technique	(unrolled)	self	self	unrolled		
modeling paste	technique	(unrolled)	self	self	unrolled	300010803	
modern binding	technique	(unrolled)	self	self	unrolled	300421867	
modern upholstery	technique	(unrolled)	self	self	unrolled	300204905	
molding paste	technique	(unrolled)	self	self	unrolled	300010803	
monitor skin	technique	(unrolled)	self	self	unrolled	300011840	
monopoint coloring	technique	(unrolled)	self	self	unrolled		
monoprint color	technique	(unrolled)	self	self	unrolled	300131647	
monoprint etching printed in brown	technique	(unrolled)	self	self	unrolled	300127490	
monoprint etching printed in brown-black	technique	(unrolled)	self	self	unrolled		
monoprint in chine colle	technique	(unrolled)	self	self	unrolled		
monoprint linoleum cut	technique	(unrolled)	self	self	unrolled		
monoprint relief	technique	(unrolled)	self	self	unrolled	300053622	
monoprinted color linoleum cut	technique	(unrolled)	self	self	unrolled		
monoprinted lithograph	technique	(unrolled)	self	self	unrolled		
monoprinting	technique	(unrolled)	self	self	unrolled		
monotype b/w	technique	(unrolled)	self	self	unrolled		
monotype binny type. mohawk superfine paper.	technique	(unrolled)	self	self	unrolled		
monotype by m & h type	technique	(unrolled)	self	self	unrolled	300233629	
monotype by m&h type	technique	(unrolled)	self	self	unrolled	300233629	
monotype collage	technique	(unrolled)	self	self	unrolled	300138699	
monotype color	technique	(unrolled)	self	self	unrolled	300131647	
monotype compostion	technique	(unrolled)	self	self	unrolled		
monotype cover	technique	(unrolled)	self	self	unrolled		
monotype diptych	technique	(unrolled)	self	self	unrolled		
monotype from a polyester plate lithograph	technique	(unrolled)	self	self	unrolled		
monotype mounted	technique	(unrolled)	self	self	unrolled		
monotype printed in color	technique	(unrolled)	self	self	unrolled	300131647	
monotype printed in green	technique	(unrolled)	self	self	unrolled	300128438	
monotype screenprint	technique	(unrolled)	self	self	unrolled		
monotype vertical triptych	technique	(unrolled)	self	self	unrolled		
monotype-pochoir	technique	(unrolled)	self	self	unrolled		
monotype/pastel portraits.	technique	(unrolled)	self	self	unrolled		
mons decoration	technique	(unrolled)	self	self	unrolled	300056257	
montotype	technique	(unrolled)	self	self	unrolled		
montval laid wrapper	technique	(unrolled)	self	self	unrolled		
mordant dyed	technique	(unrolled)	self	self	unrolled		
mordant- dyed	technique	(unrolled)	self	self	unrolled		
mosaic work	technique	(unrolled)	self	self	unrolled		
mostly facsimile	technique	(unrolled)	self	self	unrolled		
mostly printed	technique	(unrolled)	self	self	unrolled		
mouldmade in england. intaglio prints by pace edition	technique	(unrolled)	self	self	unrolled		
mount	technique	(unrolled)	self	self	unrolled		
mounted albumen photograph	technique	(unrolled)	self	self	unrolled		
mounted as upper left image	technique	(unrolled)	self	self	unrolled		
mounted by the artist	technique	(unrolled)	self	self	unrolled		
mounted chromogenic photographic	technique	(unrolled)	self	self	unrolled		
mountewd	technique	(unrolled)	self	self	unrolled		
mouse skeleton	technique	(unrolled)	self	self	unrolled		
much retouching	technique	(unrolled)	self	self	unrolled	300136723	
mulberry transfer-printed decoration	technique	(unrolled)	self	self	unrolled	300056257	
multi-channel video	technique	(unrolled)	self	self	unrolled	300054153	
multi-colored	technique	(unrolled)	self	self	unrolled		
multicolor bead	technique	(unrolled)	self	self	unrolled	300261776	
multiple object	technique	(unrolled)	self	self	unrolled		
multiple-interlocking through bead	technique	(unrolled)	self	self	unrolled	300261776	
mylar drawing	technique	(unrolled)	self	self	unrolled	300054031	
mylar lithograph diptych	technique	(unrolled)	self	self	unrolled		
mylar mounted	technique	(unrolled)	self	self	unrolled		
mylar produced into planographic	technique	(unrolled)	self	self	unrolled		
nacre	technique	(unrolled)	self	self	unrolled		
nail	technique	(unrolled)	self	self	unrolled		
nassa	technique	(unrolled)	self	self	unrolled		
natural fiber rope	technique	(unrolled)	self	self	unrolled	300014248	
needle	technique	(unrolled)	self	self	unrolled		
needle-run	technique	(unrolled)	self	self	unrolled		
needlelace	technique	(unrolled)	self	self	unrolled		
needlepoint embroidery	technique	(unrolled)	self	self	unrolled	300264024	
needlerun	technique	(unrolled)	self	self	unrolled		
needleweaving	technique	(unrolled)	self	self	unrolled		
needlework	technique	(unrolled)	self	self	unrolled	300264072	
net lining	technique	(unrolled)	self	self	unrolled	300162124	
net? brocade	technique	(unrolled)	self	self	unrolled	300227779	
newsprint folded	technique	(unrolled)	self	self	unrolled		
nickel-plated fastener	technique	(unrolled)	self	self	unrolled		
niello	technique	(unrolled)	self	self	unrolled	300054022	
niello inlay	technique	(unrolled)	self	self	unrolled	300053850	
niello proces	technique	(unrolled)	self	self	unrolled		
no ties?	technique	(unrolled)	self	self	unrolled		
non-spun	technique	(unrolled)	self	self	unrolled		
non-woven	technique	(unrolled)	self	self	unrolled		
number	technique	(unrolled)	self	self	unrolled		
numerous line block	technique	(unrolled)	self	self	unrolled		
numerous reproduction	technique	(unrolled)	self	self	unrolled	300404313	
numerous small wood engravings in text	technique	(unrolled)	self	self	unrolled	300250810	
nylon knit	technique	(unrolled)	self	self	unrolled		
nylon stitching	technique	(unrolled)	self	self	unrolled	300053660	
oban triptych color woodblock	technique	(unrolled)	self	self	unrolled		
object	technique	(unrolled)	self	self	unrolled		
oblique interlacing	technique	(unrolled)	self	self	unrolled		
oblique interlacing wrapped	technique	(unrolled)	self	self	unrolled		
ochres from 3 block	technique	(unrolled)	self	self	unrolled		
of children's book	technique	(unrolled)	self	self	unrolled		
off-set	technique	(unrolled)	self	self	unrolled		
off-set lithograph	technique	(unrolled)	self	self	unrolled		
off-set printing	technique	(unrolled)	self	self	unrolled	300053319	
off-white brocade	technique	(unrolled)	self	self	unrolled	300227779	
offset book	technique	(unrolled)	self	self	unrolled		
offset book in special package	technique	(unrolled)	self	self	unrolled		
offset color lithograph	technique	(unrolled)	self	self	unrolled		
offset lithgraph	technique	(unrolled)	self	self	unrolled		
offset lithograph illustration	technique	(unrolled)	self	self	unrolled	300054200	
offset lithograph lithograph	technique	(unrolled)	self	self	unrolled		
offset lithograph picket sign	technique	(unrolled)	self	self	unrolled		
offset lithograph postcard proof	technique	(unrolled)	self	self	unrolled		
offset lithograph poster	technique	(unrolled)	self	self	unrolled		
offset lithograph poster printed	technique	(unrolled)	self	self	unrolled		
offset lithograph poster printed in black	technique	(unrolled)	self	self	unrolled	300130920	
offset lithograph poster printed in eight color	technique	(unrolled)	self	self	unrolled	300131647	
offset lithograph poster printed in five color	technique	(unrolled)	self	self	unrolled	300131647	
offset lithograph poster printed in four color	technique	(unrolled)	self	self	unrolled	300131647	
offset lithograph poster printed in six color	technique	(unrolled)	self	self	unrolled	300131647	
offset lithograph poster proof	technique	(unrolled)	self	self	unrolled		
offset lithograph printed as postcard	technique	(unrolled)	self	self	unrolled		
offset lithograph reproduction	technique	(unrolled)	self	self	unrolled	300404313	
